train_dataset	eval_dataset	eval_subj	R_eval_adj_L2reg	R_eval_adj_NNLS	R_eval_adj_diff
MDTB	Language	sub-01	0.50647226970515	0.5268690819607207	-0.020396812255570662
MDTB	Language	sub-02	0.67005987377189	0.5406251518753413	0.1294347218965487
MDTB	Language	sub-03	0.2282771416534545	0.16196209505186235	0.06631504660159215
MDTB	Language	sub-04	0.7370337442246968	0.7296976837044259	0.007336060520270915
MDTB	Language	sub-06	0.9398878139303919	0.7875940243702207	0.15229378956017114
MDTB	Language	sub-07	1.1399797401001475	1.043308777732329	0.09667096236781836
MDTB	Language	sub-08	0.855159875280268	0.765016464045122	0.09014341123514602
MDTB	Language	sub-09	0.858282008139026	0.8235997525304569	0.03468225560856908
MDTB	Language	sub-10	0.5973520534636487	0.5501946145387413	0.047157438924907424
MDTB	Language	sub-12	0.8258115952075228	0.7277311683926359	0.09808042681488693
MDTB	Language	sub-13	0.8164163462161931	0.8847878683610094	-0.06837152214481634
MDTB	Language	sub-14	0.8722838680634665	0.8581779906461943	0.014105877417272206
MDTB	Language	sub-15	0.9707501067476073	0.9762439784625921	-0.005493871714984833
MDTB	Language	sub-16	0.7454870924444275	0.7461067987154605	-0.000619706271033027
MDTB	Language	sub-17	1.0892745275067146	0.9431837458121863	0.14609078169452827
MDTB	Language	sub-18	0.7075589193468906	0.661473210410251	0.04608570893663966
MDTB	Language	sub-19	0.7670514185260404	0.8119394807193554	-0.04488806219331498
MDTB	Social	sub-03	0.26264824538469467	0.192935929013523	0.06971231637117167
MDTB	Social	sub-04	0.9826021163562152	1.08404007943625	-0.10143796308003472
MDTB	Social	sub-05	0.4347022796722966	0.36739400263736394	0.06730827703493264
MDTB	Social	sub-07	1.038391351392468	0.9647429619262382	0.07364838946622987
MDTB	Social	sub-08	1.2371927685510304	1.1748175817374924	0.06237518681353804
MDTB	Social	sub-09	0.7564466453346085	0.8123998524389924	-0.055953207104383895
MDTB	Social	sub-10	0.8563750450076711	0.6455809286961224	0.21079411631154876
MDTB	Social	sub-11	0.4669853769722108	0.22041541953538246	0.24656995743682836
MDTB	Social	sub-12	0.4637387616870593	0.41218940439257823	0.05154935729448107
MDTB	Social	sub-13	0.503438249746204	0.4788282456941009	0.024610004052103118
MDTB	Social	sub-14	0.9150021153430856	0.9160613555619758	-0.001059240218890145
MDTB	Social	sub-16	1.0507430485570095	1.1136809822469975	-0.06293793368998801
MDTB	Social	sub-17	0.9502749410890199	0.9462327310787731	0.004042210010246738
MDTB	Social	sub-18	0.30490785998123576	0.3806023343508584	-0.07569447436962262
MDTB	Social	sub-19	0.3987368527748066	0.6229410913533061	-0.22420423857849953
MDTB	Social	sub-20	1.1193404424221305	1.084045782977179	0.03529465944495147
MDTB	Social	sub-21	0.9803100700149043	1.020973990168663	-0.04066392015375864
MDTB	Social	sub-22	0.45049792981146713	0.42673042593518784	0.023767503876279295
MDTB	Social	sub-24	0.13636560103794804	0.19279154869941142	-0.05642594766146339
MDTB	Social	sub-25	1.547486725843573	1.4949871690735608	0.05249955677001217
MDTB	Social	sub-26	0.9220592245405639	0.8520313323451155	0.07002789219544836
MDTB	Social	sub-27	1.3286950736013485	1.397086008117189	-0.06839093451584044
MDTB	WMFS	sub-01	0.8029007472651245	0.7826711653258331	0.020229581939291363
MDTB	WMFS	sub-02	0.29697414686862555	0.1999097657479111	0.09706438112071444
MDTB	WMFS	sub-03	0.7075445881507019	0.6650216490018268	0.04252293914887506
MDTB	WMFS	sub-04	1.0049772345771255	0.9913834294973595	0.013593805079766041
MDTB	WMFS	sub-05	0.9151236974667372	0.8423146163633507	0.07280908110338646
MDTB	WMFS	sub-06	0.9669183770814833	0.9242610774813327	0.04265729960015063
MDTB	WMFS	sub-07	1.1360360115940449	1.1609971458151085	-0.024961134221063608
MDTB	WMFS	sub-08	0.4796681940749679	0.32618674200066683	0.15348145207430108
MDTB	WMFS	sub-09	0.7709849819654879	0.7901101030285758	-0.019125121063087835
MDTB	WMFS	sub-10	1.037952310849323	1.0823888395410561	-0.0444365286917332
MDTB	WMFS	sub-11	1.1735653171051124	1.210361946736744	-0.03679662963163155
MDTB	WMFS	sub-12	0.26474389228479506	0.1447148755707069	0.12002901671408817
MDTB	WMFS	sub-13	0.8869762427568285	0.8737833874536246	0.01319285530320391
MDTB	WMFS	sub-14	0.45877852853961154	0.36729897587316157	0.09147955266644997
MDTB	WMFS	sub-15	1.2886613685645825	1.3776179368239758	-0.08895656825939335
MDTB	WMFS	sub-16	1.040115038112155	1.053313762103212	-0.013198723991056927
MDTB	Demand	sub-01	0.9419197329573545	1.0143516276827123	-0.07243189472535772
MDTB	Demand	sub-02	0.9922291164875224	1.0470371123555076	-0.054807995867985126
MDTB	Demand	sub-05	0.945401923782273	0.9401377352191137	0.0052641885631592444
MDTB	Demand	sub-06	0.8190513879604115	0.8921009532512814	-0.07304956529086981
MDTB	Demand	sub-07	0.8714183013015548	0.8798100589283022	-0.008391757626747376
MDTB	Demand	sub-08	0.7871794299313093	0.7647216670959007	0.022457762835408568
MDTB	Demand	sub-09	0.9651326263177623	1.0023586252967582	-0.03722599897899592
MDTB	Demand	sub-10	0.8445325974419242	0.8826291543515382	-0.038096556909614
MDTB	Demand	sub-11	0.9006171479255993	0.8589159612105718	0.04170118671502754
MDTB	Demand	sub-12	0.8911836416999475	0.8412218552803532	0.049961786419594256
MDTB	Demand	sub-15	0.6388881385024012	0.6148083766024595	0.024079761899941765
MDTB	Demand	sub-16	0.842134041852039	0.7985227283248328	0.04361131352720615
MDTB	Demand	sub-17	0.5162358140401778	0.5013688596667887	0.01486695437338914
MDTB	Demand	sub-19	0.8131196997548652	0.8029975553431323	0.01012214441173287
MDTB	Demand	sub-20	0.8991123748086235	0.968199051152911	-0.06908667634428756
MDTB	Demand	sub-21	0.8291408803961594	0.7960962175608141	0.03304466283534535
MDTB	Demand	sub-24	0.7944226824991417	0.7977251076339335	-0.003302425134791731
MDTB	Demand	sub-25	0.7512091589578861	0.763583988780574	-0.012374829822687894
MDTB	Demand	sub-26	0.5844816479071961	0.5109023337025396	0.07357931420465658
MDTB	Demand	sub-27	0.8481140180712429	0.8018110408713053	0.04630297719993759
MDTB	Demand	sub-29	0.9148235981497561	0.9760252544315206	-0.06120165628176444
MDTB	Demand	sub-30	0.9826701913386334	1.0692123188391833	-0.0865421275005499
MDTB	Demand	sub-31	1.0061522559561924	1.0255206225898506	-0.01936836663365815
MDTB	Demand	sub-34	0.8461092357795708	0.8456313766913608	0.00047785908820996426
MDTB	Demand	sub-35	0.6409118644660773	0.7016211551178796	-0.060709290651802306
MDTB	Demand	sub-36	0.7837139066869147	0.7959596014346494	-0.012245694747734737
MDTB	Demand	sub-37	0.5125166076152753	0.5354210587490646	-0.02290445113378936
MDTB	Demand	sub-38	1.0509352935711174	1.0733095126859744	-0.02237421911485704
MDTB	Demand	sub-39	0.8281811530777512	0.8978229426977036	-0.06964178961995238
MDTB	Demand	sub-41	0.791580559517366	0.7515339850079293	0.040046574509436605
MDTB	Demand	sub-43	0.6004335192349255	0.603874228548435	-0.0034407093135094824
MDTB	Demand	sub-44	0.9735233188311005	1.044683816195263	-0.07116049736416241
MDTB	Demand	sub-45	0.8523616806090261	0.8659684243554341	-0.013606743746408023
MDTB	Demand	sub-46	0.8638701358949537	0.9279100239170773	-0.06403988802212368
MDTB	Demand	sub-47	0.7567596627746287	0.7273129034660796	0.02944675930854912
MDTB	Demand	sub-48	0.9393704049586757	0.9860128689477168	-0.04664246398904104
MDTB	Demand	sub-50	0.6599001200651247	0.5752469445598984	0.08465317550522622
MDTB	Somatotopic	sub-01	0.5544020566375576	0.47813795919107477	0.07626409744648283
MDTB	Somatotopic	sub-02	0.5248099053135454	0.41668917443137377	0.10812073088217167
MDTB	Somatotopic	sub-03	0.44326720347622994	0.475499834487118	-0.03223263101088808
MDTB	Somatotopic	sub-04	0.43459626019937325	0.510714655560907	-0.07611839536153375
MDTB	Somatotopic	sub-05	0.4093152531079776	0.4582028048733395	-0.04888755176536186
MDTB	Somatotopic	sub-06	0.6887609118073404	0.7158885562832153	-0.0271276444758749
MDTB	Somatotopic	sub-07	0.48468936005813207	0.43330971173391675	0.05137964832421532
MDTB	Somatotopic	sub-08	0.3848052254863909	0.4419766483647064	-0.0571714228783155
MDTB	Nishimoto	sub-01	0.557900711215085	0.5045604072753694	0.05334030393971556
MDTB	Nishimoto	sub-02	0.5492601519881395	0.5524350313009043	-0.0031748793127648334
MDTB	Nishimoto	sub-03	0.5563653271551258	0.5410736429701145	0.015291684185011256
MDTB	Nishimoto	sub-04	0.40992935920497453	0.3915669470397353	0.018362412165239206
MDTB	Nishimoto	sub-05	0.44463961972002236	0.5634981933046724	-0.11885857358465007
MDTB	Nishimoto	sub-06	0.58592305582586	0.566937898786211	0.01898515703964898
MDTB	IBC	sub-01	0.5839556776806399	0.5305370323336823	0.053418645346957616
MDTB	IBC	sub-04	0.902996556345742	0.9953090544272409	-0.09231249808149888
MDTB	IBC	sub-05	0.5556325081839288	0.6552113046330831	-0.09957879644915424
MDTB	IBC	sub-06	0.6714334788557479	0.7224953666436843	-0.05106188778793641
MDTB	IBC	sub-07	0.4753221175307436	0.3740043289066546	0.10131778862408902
MDTB	IBC	sub-08	0.2488431078467091	0.27219505394836285	-0.023351946101653753
MDTB	IBC	sub-09	0.705017407716808	0.7478191979912824	-0.042801790274474394
MDTB	IBC	sub-11	0.9446342476480025	1.0632863997734483	-0.11865215212544578
MDTB	IBC	sub-12	0.7122588781621977	0.7658145508147214	-0.0535556726525237
MDTB	IBC	sub-13	0.5364727458932581	0.5229046707912085	0.013568075102049604
MDTB	IBC	sub-14	0.5787586752389814	0.536149915780682	0.04260875945829934
MDTB	IBC	sub-15	0.46424140393775337	0.37345164060477387	0.0907897633329795
MDTB	HCPur100	sub-101309	0.41412542999621277	0.10352266506308438	0.3106027649331284
MDTB	HCPur100	sub-103111	0.6382412659981581	0.588405844420922	0.04983542157723608
MDTB	HCPur100	sub-103414	0.8312896418848188	0.9422480000339258	-0.11095835814910704
MDTB	HCPur100	sub-103818	0.6824159586771095	0.6185974797489773	0.0638184789281322
MDTB	HCPur100	sub-105014	0.42852022061711736	0.3989102887405084	0.029609931876608986
MDTB	HCPur100	sub-105115	0.5524192158943466	0.5104804431003791	0.041938772793967516
MDTB	HCPur100	sub-110411	0.22659920712165488	0.30806644799940874	-0.08146724087775387
MDTB	HCPur100	sub-117122	0.8921690903830043	0.7308592423370521	0.16130984804595216
MDTB	HCPur100	sub-118730	0.4805176591957532	0.58053223924372	-0.10001458004796682
MDTB	HCPur100	sub-123117	0.6081764822699239	0.6815620302953724	-0.0733855480254485
MDTB	HCPur100	sub-124422	0.598186024582334	0.6923860972716599	-0.09420007268932584
MDTB	HCPur100	sub-127630	0.6453695990521189	0.5392424711016691	0.10612712795044976
MDTB	HCPur100	sub-128632	0.6021995450522071	0.7157179376320946	-0.1135183925798875
MDTB	HCPur100	sub-130013	0.748551014793726	0.8041849663804777	-0.05563395158675166
MDTB	HCPur100	sub-130316	0.5074857635513743	0.4824511737956249	0.025034589755749403
MDTB	HCPur100	sub-131217	0.5984058954101878	0.7682321773657355	-0.1698262819555476
MDTB	HCPur100	sub-153025	0.8726019880401125	1.050023707232553	-0.17742171919244043
MDTB	HCPur100	sub-154734	0.7794954545314634	0.6647019325510914	0.11479352198037196
MDTB	HCPur100	sub-156637	0.37452649720047926	0.23093371743851715	0.1435927797619621
MDTB	HCPur100	sub-159340	0.7517580700664241	0.8530875203097382	-0.10132945024331408
MDTB	HCPur100	sub-160123	0.5732875633638219	0.5930563575134907	-0.01976879414966881
MDTB	HCPur100	sub-161731	0.8785958375463473	0.9896964029385182	-0.11110056539217095
MDTB	HCPur100	sub-162733	0.5570888714523691	0.7062039363065088	-0.14911506485413972
MDTB	HCPur100	sub-163129	0.9295005872909269	1.0588806624304525	-0.12938007513952565
MDTB	HCPur100	sub-178950	0.5561314448945692	0.5863282072960562	-0.030196762401486943
MDTB	HCPur100	sub-188347	0.8964639224299831	1.0628257971524888	-0.16636187472250574
MDTB	HCPur100	sub-189450	0.508449046534482	0.5108967385883938	-0.0024476920539118208
MDTB	HCPur100	sub-190031	0.7126926608650458	0.619077174240129	0.09361548662491681
MDTB	HCPur100	sub-196750	0.6359766378075785	0.7832027684971137	-0.14722613068953516
MDTB	HCPur100	sub-198451	0.3158296308804587	0.19813315957966407	0.11769647130079461
MDTB	HCPur100	sub-199655	0.7294981131270608	0.649330482382827	0.08016763074423383
MDTB	HCPur100	sub-201111	0.41045506203649906	0.41538533228115454	-0.004930270244655477
MDTB	HCPur100	sub-208226	0.3054976207867114	0.39803538932247634	-0.09253776853576495
MDTB	HCPur100	sub-211417	0.5216308720908047	0.4884352038658323	0.03319566822497244
MDTB	HCPur100	sub-211720	0.3049682508857878	0.40968043866764253	-0.10471218778185476
MDTB	HCPur100	sub-212318	0.44331523141848167	0.5510889912173361	-0.10777375979885445
MDTB	HCPur100	sub-214423	0.4982918766404254	0.3882877416440567	0.11000413499636869
MDTB	HCPur100	sub-221319	0.5606651505926323	1.146951113676705	-0.5862859630840727
MDTB	HCPur100	sub-239944	0.5740863759682756	0.505169857474764	0.06891651849351166
MDTB	HCPur100	sub-245333	0.43512891468951836	0.26999118404955075	0.16513773063996762
MDTB	HCPur100	sub-280739	0.41489526525871356	0.39887375696919775	0.016021508289515818
MDTB	HCPur100	sub-298051	0.6385710979274785	0.7759498696954663	-0.13737877176798785
MDTB	HCPur100	sub-366446	0.24422685200208594	0.16597870302949944	0.0782481489725865
MDTB	HCPur100	sub-397760	0.8447109815646576	0.9030268126926061	-0.05831583112794847
MDTB	HCPur100	sub-414229	0.978129605963823	1.142889984015677	-0.16476037805185395
MDTB	HCPur100	sub-654754	0.37041248687985795	0.5997674811596561	-0.2293549942797981
MDTB	HCPur100	sub-672756	0.3319470600691679	0.027004502252473066	0.3049425578166948
MDTB	HCPur100	sub-751348	0.6679748366109637	0.9040469038826514	-0.23607206727168772
MDTB	HCPur100	sub-792564	0.6538085432720572	0.6614860133706901	-0.007677470098632955
MDTB	HCPur100	sub-899885	0.8558070836733567	0.7478707010687716	0.10793638260458505
MDTB	MDTB	sub-02	0.5550482788109026	0.7052541709485162	-0.1502058921376136
MDTB	MDTB	sub-03	0.770456220590865	0.8137905779357504	-0.04333435734488533
MDTB	MDTB	sub-04	0.516833096334243	0.5677351808683471	-0.05090208453410405
MDTB	MDTB	sub-06	1.0622413150942214	1.2260380357023055	-0.16379672060808415
MDTB	MDTB	sub-08	0.7730680799716381	0.8873725021157083	-0.11430442214407022
MDTB	MDTB	sub-09	0.7603610735835129	0.8748538100625293	-0.11449273647901637
MDTB	MDTB	sub-10	1.1161099583361787	1.264790998024309	-0.1486810396881304
MDTB	MDTB	sub-12	0.8902303034414818	0.9620108360262665	-0.07178053258478467
MDTB	MDTB	sub-14	0.7617876753854711	0.7980627085569929	-0.03627503317152181
MDTB	MDTB	sub-15	0.7130199571042996	0.8029650529504531	-0.08994509584615351
MDTB	MDTB	sub-17	0.9527382115892573	1.1375685907199589	-0.18483037913070155
MDTB	MDTB	sub-18	0.6573413557336099	0.7835745456502425	-0.12623318991663268
MDTB	MDTB	sub-19	0.9533674656621028	1.1717058589059437	-0.21833839324384086
MDTB	MDTB	sub-20	0.8098063760256349	0.9046209492930434	-0.0948145732674085
MDTB	MDTB	sub-21	0.6046834846080841	0.675873761537875	-0.07119027692979096
MDTB	MDTB	sub-22	1.0818464603429105	1.1180227546901882	-0.03617629434727765
MDTB	MDTB	sub-24	0.8056907500398395	0.9453818000355579	-0.13969104999571846
MDTB	MDTB	sub-25	0.7685820902368548	0.9676281745633858	-0.19904608432653104
MDTB	MDTB	sub-26	0.8009297063436529	0.9618936981009425	-0.1609639917572896
MDTB	MDTB	sub-27	0.9312784812507929	1.122832538318503	-0.19155405706771
MDTB	MDTB	sub-28	0.8727058638302542	0.900717924611477	-0.02801206078122287
MDTB	MDTB	sub-29	0.5806963210156224	0.6491582843197953	-0.06846196330417287
MDTB	MDTB	sub-30	0.5876358152208618	0.6359559202731756	-0.048320105052313767
MDTB	MDTB	sub-31	0.8365024863293772	0.9255412743897744	-0.08903878806039722
Language	MDTB	sub-02	0.600313538471345	0.6085641025860866	-0.008250564114741565
Language	MDTB	sub-03	0.5980940780785742	0.4881751660151918	0.10991891206338239
Language	MDTB	sub-04	0.46416213522861627	0.3834314690500718	0.08073066617854446
Language	MDTB	sub-06	0.9633363161599822	1.0256895788119984	-0.06235326265201624
Language	MDTB	sub-08	0.7374587509423344	0.6535873164197912	0.0838714345225432
Language	MDTB	sub-09	0.6220441792839781	0.5823761883447746	0.03966799093920359
Language	MDTB	sub-10	0.9409178608523598	0.8699813330738112	0.07093652777854864
Language	MDTB	sub-12	0.776213587996088	0.5999398397056246	0.17627374829046338
Language	MDTB	sub-14	0.6580141168741963	0.5116080190919382	0.1464060977822581
Language	MDTB	sub-15	0.5989799588232052	0.5068871051093398	0.09209285371386544
Language	MDTB	sub-17	0.9091289911938981	0.9685726242362105	-0.05944363304231237
Language	MDTB	sub-18	0.6094218507851058	0.5885971743686378	0.020824676416468013
Language	MDTB	sub-19	0.8147002920768618	0.8362061318967777	-0.02150583981991594
Language	MDTB	sub-20	0.661108822257157	0.6631807285244684	-0.002071906267311463
Language	MDTB	sub-21	0.5322972776937851	0.5046992535527297	0.02759802414105539
Language	MDTB	sub-22	0.9635805848719514	0.6860550876833683	0.2775254971885831
Language	MDTB	sub-24	0.6779763617077977	0.7179705516449687	-0.039994189937170965
Language	MDTB	sub-25	0.7138180393457783	0.7952696371551241	-0.08145159780934585
Language	MDTB	sub-26	0.6854377904877649	0.641696396108561	0.04374139437920388
Language	MDTB	sub-27	0.8542530909439233	0.75251501874019	0.10173807220373332
Language	MDTB	sub-28	0.8045029569540877	0.5811231458625487	0.22337981109153904
Language	MDTB	sub-29	0.5471994002271061	0.45521645611331796	0.09198294411378816
Language	MDTB	sub-30	0.5305496749050346	0.3736003959352155	0.15694927896981908
Language	MDTB	sub-31	0.6984429863835876	0.6926227161404575	0.005820270243130143
Language	Social	sub-03	0.26524719838831806	0.1544926923484213	0.11075450603989676
Language	Social	sub-04	0.8729742945578621	1.1287194761170458	-0.2557451815591837
Language	Social	sub-05	0.4079176192315861	0.35452166520185036	0.05339595402973574
Language	Social	sub-07	1.023414053036224	1.005933903161958	0.017480149874265827
Language	Social	sub-08	1.3750914478357592	1.1042377147380504	0.27085373309770877
Language	Social	sub-09	0.8596947368182984	0.814448976953108	0.045245759865190416
Language	Social	sub-10	0.9169725369077	0.6619980173007488	0.25497451960695117
Language	Social	sub-11	0.4897766821554968	0.18247910633832232	0.3072975758171745
Language	Social	sub-12	0.5003266716759627	0.4297084013002185	0.0706182703757442
Language	Social	sub-13	0.45503235901157263	0.5276903678039006	-0.07265800879232792
Language	Social	sub-14	0.8906556519701792	0.9017244346022804	-0.011068782632101204
Language	Social	sub-16	0.9523389904506405	1.1201630494067094	-0.1678240589560689
Language	Social	sub-17	1.041038613534879	0.9948428241457143	0.04619578938916469
Language	Social	sub-18	0.3978066811674688	0.43388030739827393	-0.03607362623080512
Language	Social	sub-19	0.44076796173899935	0.6256402767954387	-0.1848723150564393
Language	Social	sub-20	1.249073138713276	1.113726556719247	0.13534658199402916
Language	Social	sub-21	0.9699329119460023	1.0372360031075896	-0.06730309116158728
Language	Social	sub-22	0.39636440198185324	0.4659056400667215	-0.06954123808486828
Language	Social	sub-24	0.15527084237955752	0.16504668962164273	-0.009775847242085217
Language	Social	sub-25	1.5016587076461358	1.5683755680890938	-0.06671686044295799
Language	Social	sub-26	0.9369783984387134	0.8682111789748388	0.06876721946387465
Language	Social	sub-27	1.3895595359805073	1.401212851827238	-0.011653315846730683
Language	WMFS	sub-01	0.7272781576222737	0.6502025686477501	0.0770755889745236
Language	WMFS	sub-02	0.3666494546358018	0.2091311695802605	0.15751828505554127
Language	WMFS	sub-03	0.6495475250371521	0.6327588925460789	0.016788632491073208
Language	WMFS	sub-04	0.9030062284035618	0.8884082034351611	0.01459802496840068
Language	WMFS	sub-05	0.842656687774633	0.7619863606510857	0.08067032712354727
Language	WMFS	sub-06	0.8620704604435796	0.7885046597197294	0.07356580072385022
Language	WMFS	sub-07	1.0336968178912351	1.0615733775982985	-0.027876559707063375
Language	WMFS	sub-08	0.4941747117816066	0.25653102661454885	0.23764368516705775
Language	WMFS	sub-09	0.6483507330540899	0.6814068861388676	-0.03305615308477772
Language	WMFS	sub-10	0.9636693826415023	0.9984204569472253	-0.034751074305722995
Language	WMFS	sub-11	1.0307093447765936	1.1240737973487085	-0.0933644525721149
Language	WMFS	sub-12	0.1792334461305446	0.0365255605125988	0.14270788561794578
Language	WMFS	sub-13	0.8710014036761576	0.8130147692467207	0.05798663442943697
Language	WMFS	sub-14	0.46378797129418176	0.3008483747406449	0.16293959655353685
Language	WMFS	sub-15	1.1483480585410444	1.2740818254951471	-0.12573376695410277
Language	WMFS	sub-16	0.8925302458026791	0.969420398845097	-0.07689015304241786
Language	Demand	sub-01	0.9104600917904805	0.872830141187271	0.037629950603209505
Language	Demand	sub-02	0.9812329658043033	0.9626088714435609	0.018624094360742416
Language	Demand	sub-05	0.9482850159980059	0.9217650913567808	0.0265199246412251
Language	Demand	sub-06	0.8115901902006436	0.7886516267681184	0.022938563432525205
Language	Demand	sub-07	0.7862996976514123	0.7902420047243418	-0.0039423070729295295
Language	Demand	sub-08	0.7373695041325367	0.723249266113796	0.014120238018740627
Language	Demand	sub-09	0.9056985348634986	0.9159115783836326	-0.010213043520133969
Language	Demand	sub-10	0.7535174291423451	0.7989368006801714	-0.04541937153782627
Language	Demand	sub-11	0.8083525738422598	0.8288549703842737	-0.020502396542013912
Language	Demand	sub-12	0.7520613689108974	0.7787243634487794	-0.026662994537882012
Language	Demand	sub-15	0.5542285952321786	0.5389149368100725	0.01531365842210608
Language	Demand	sub-16	0.7066683335660564	0.7127845517599505	-0.006116218193894074
Language	Demand	sub-17	0.48067533735577267	0.5639589618917566	-0.08328362453598398
Language	Demand	sub-19	0.6723125889247619	0.6630973211795209	0.009215267745240951
Language	Demand	sub-20	0.9311401529154075	0.8997538971513795	0.03138625576402798
Language	Demand	sub-21	0.7209149100397	0.7906906658253982	-0.06977575578569817
Language	Demand	sub-24	0.7104776050408687	0.6951802968908214	0.015297308150047262
Language	Demand	sub-25	0.7668396362976907	0.7114945201591039	0.055345116138586836
Language	Demand	sub-26	0.4723869312761693	0.5531747991631195	-0.0807878678869502
Language	Demand	sub-27	0.6548118550416543	0.6970058395131867	-0.04219398447153244
Language	Demand	sub-29	0.903964297939357	0.917467732275097	-0.013503434335740083
Language	Demand	sub-30	0.947382174782586	0.9018887884110587	0.04549338637152733
Language	Demand	sub-31	0.8927931660110544	0.8920664865267323	0.0007266794843221458
Language	Demand	sub-34	0.8405092614673982	0.8312151895852805	0.009294071882117727
Language	Demand	sub-35	0.6973284186095573	0.670325402184691	0.027003016424866244
Language	Demand	sub-36	0.8042147418359119	0.7288662814110501	0.07534846042486176
Language	Demand	sub-37	0.5025309834766365	0.5430377354623829	-0.04050675198574638
Language	Demand	sub-38	0.9761519077621081	1.0058943461898076	-0.029742438427699414
Language	Demand	sub-39	0.8378897446902792	0.7661860470970864	0.07170369759319284
Language	Demand	sub-41	0.6006214604713996	0.6437449451805488	-0.043123484709149174
Language	Demand	sub-43	0.5920873990551538	0.5874995597073294	0.004587839347824474
Language	Demand	sub-44	0.9377570459601289	0.9332124324079911	0.004544613552137755
Language	Demand	sub-45	0.8425509374736823	0.8388371607156707	0.0037137767580115444
Language	Demand	sub-46	0.9166461190552447	0.8522450759514656	0.06440104310377914
Language	Demand	sub-47	0.7087649680513142	0.7146163533994365	-0.005851385348122351
Language	Demand	sub-48	0.9054989864060341	0.9046081323039673	0.0008908541020667959
Language	Demand	sub-50	0.5495236818461107	0.6020837636606539	-0.05256008181454319
Language	Somatotopic	sub-01	0.4286865735701936	0.31835753176172565	0.11032904180846792
Language	Somatotopic	sub-02	0.2943939597586764	0.21952961612819916	0.07486434363047723
Language	Somatotopic	sub-03	0.47592555306801365	0.43655759022365553	0.03936796284435812
Language	Somatotopic	sub-04	0.49273217839006067	0.44442645924215823	0.04830571914790244
Language	Somatotopic	sub-05	0.625569446521069	0.4131524682150952	0.21241697830597384
Language	Somatotopic	sub-06	0.4226835651540947	0.44694289637671936	-0.024259331222624636
Language	Somatotopic	sub-07	0.29726469454052257	0.20467026597245944	0.09259442856806313
Language	Somatotopic	sub-08	0.5585825932927007	0.4471645798766344	0.11141801341606627
Language	Nishimoto	sub-01	0.42746229519965845	0.46018824284187815	-0.0327259476422197
Language	Nishimoto	sub-02	0.3639603980031657	0.503227766228436	-0.1392673682252703
Language	Nishimoto	sub-03	0.3903715741963434	0.46576946121314927	-0.07539788701680589
Language	Nishimoto	sub-04	0.3424963098907155	0.3553033143519046	-0.012807004461189098
Language	Nishimoto	sub-05	0.3252379442362599	0.5679686136799553	-0.24273066944369542
Language	Nishimoto	sub-06	0.31546238036431357	0.48709955970526836	-0.1716371793409548
Language	IBC	sub-01	0.33695905454022124	0.4978749969510116	-0.16091594241079038
Language	IBC	sub-04	0.5769985507211015	0.9151846972327639	-0.33818614651166234
Language	IBC	sub-05	0.4904538305198212	0.6917667633164947	-0.20131293279667345
Language	IBC	sub-06	0.4261343442845704	0.6810235049161767	-0.25488916063160627
Language	IBC	sub-07	0.3282645687573254	0.33370151707165274	-0.005436948314327339
Language	IBC	sub-08	0.1450684941717452	0.25358803621808035	-0.10851954204633515
Language	IBC	sub-09	0.5653971671627892	0.7092460296638881	-0.14384886250109885
Language	IBC	sub-11	0.6761095203907673	0.9848980567915249	-0.30878853640075754
Language	IBC	sub-12	0.6668867884439161	0.7030574400409998	-0.03617065159708366
Language	IBC	sub-13	0.5476199685623796	0.520405091589588	0.02721487697279157
Language	IBC	sub-14	0.4701664985450218	0.48860597822692947	-0.018439479681907678
Language	IBC	sub-15	0.3188142336574239	0.33049075193032923	-0.011676518272905334
Language	HCPur100	sub-101309	0.5382477386928265	0.020564757381384535	0.517682981311442
Language	HCPur100	sub-103111	0.6422897031311485	0.6134205599671826	0.028869143163965938
Language	HCPur100	sub-103414	0.6477696614953695	0.8531111470409147	-0.2053414855455452
Language	HCPur100	sub-103818	0.5605220366169267	0.5260530169058737	0.034469019711052984
Language	HCPur100	sub-105014	0.18474410788111068	0.4053964569577852	-0.22065234907667453
Language	HCPur100	sub-105115	0.5431523643575501	0.5468615841738503	-0.0037092198163002355
Language	HCPur100	sub-110411	0.36576597439992004	0.39571406549869764	-0.029948091098777607
Language	HCPur100	sub-117122	0.8204923590985189	0.6029438415144297	0.21754851758408922
Language	HCPur100	sub-118730	0.4236561317805275	0.6185698480719732	-0.19491371629144572
Language	HCPur100	sub-123117	0.387442787868262	0.6294043637561563	-0.2419615758878943
Language	HCPur100	sub-124422	0.5963888619001722	0.585302428151938	0.011086433748234148
Language	HCPur100	sub-127630	0.5519449871808249	0.44814858019257964	0.10379640698824522
Language	HCPur100	sub-128632	0.576623173935085	0.7321277351475131	-0.15550456121242806
Language	HCPur100	sub-130013	0.6823982536889497	0.7920368641911785	-0.10963861050222878
Language	HCPur100	sub-130316	0.7440355516690598	0.48710120775178545	0.2569343439172743
Language	HCPur100	sub-131217	0.5455997317159887	0.739211717538632	-0.19361198582264327
Language	HCPur100	sub-153025	0.6377191180560402	1.0114101187874789	-0.3736910007314387
Language	HCPur100	sub-154734	0.6927993739539811	0.6315841604341744	0.06121521351980663
Language	HCPur100	sub-156637	0.3317101867833177	0.243771692835316	0.08793849394800171
Language	HCPur100	sub-159340	0.5696139364062055	0.8126838495884733	-0.24306991318226778
Language	HCPur100	sub-160123	0.5855573253645181	0.6387453679532501	-0.053188042588732
Language	HCPur100	sub-161731	0.6682355050740397	0.9030483668057115	-0.23481286173167182
Language	HCPur100	sub-162733	0.31290056996521476	0.6652749090488381	-0.35237433908362337
Language	HCPur100	sub-163129	0.7656276380577117	1.0595099046233585	-0.29388226656564675
Language	HCPur100	sub-178950	0.5163863537243167	0.5850454464606616	-0.06865909273634485
Language	HCPur100	sub-188347	0.6332158772327573	1.0009167907362362	-0.3677009135034789
Language	HCPur100	sub-189450	0.5632762380704301	0.5890413068464958	-0.025765068776065658
Language	HCPur100	sub-190031	0.6719483849268497	0.5385134085233794	0.13343497640347035
Language	HCPur100	sub-196750	0.4774138588926499	0.7681150630668715	-0.2907012041742216
Language	HCPur100	sub-198451	0.4204742940251055	0.20834207492912757	0.21213221909597793
Language	HCPur100	sub-199655	0.8958202078176947	0.6415761430795199	0.25424406473817474
Language	HCPur100	sub-201111	0.5126474565044623	0.4387314326879464	0.07391602381651591
Language	HCPur100	sub-208226	0.17744343305510024	0.4550045184013596	-0.27756108534625934
Language	HCPur100	sub-211417	0.6514093809787593	0.4234055997245506	0.22800378125420873
Language	HCPur100	sub-211720	0.24619003150237737	0.45681964899862354	-0.21062961749624617
Language	HCPur100	sub-212318	0.5730305685527602	0.58611913441487	-0.013088565862109713
Language	HCPur100	sub-214423	0.5553351837739875	0.3815525219304092	0.17378266184357827
Language	HCPur100	sub-221319	0.3084459229593868	1.2189619592564447	-0.9105160362970579
Language	HCPur100	sub-239944	0.5138369741845613	0.5280451819319335	-0.014208207747372192
Language	HCPur100	sub-245333	0.5594692011166077	0.26090661814032645	0.29856258297628124
Language	HCPur100	sub-280739	0.3880817470728824	0.3081379652922271	0.07994378178065531
Language	HCPur100	sub-298051	0.5414832919343894	0.7780659386794762	-0.23658264674508678
Language	HCPur100	sub-366446	0.17057795520238075	0.17914287084536173	-0.00856491564298098
Language	HCPur100	sub-397760	0.7666227622670216	0.889660647564068	-0.1230378852970464
Language	HCPur100	sub-414229	0.875378858741572	1.0970325654080253	-0.22165370666645334
Language	HCPur100	sub-654754	0.12005982549940401	0.5856638895334634	-0.46560406403405935
Language	HCPur100	sub-672756	0.5558053291517865	0.06710667741828334	0.48869865173350313
Language	HCPur100	sub-751348	0.4830909131833721	0.9125935949154902	-0.4295026817321181
Language	HCPur100	sub-792564	0.5643177762498245	0.6287351319619205	-0.06441735571209606
Language	HCPur100	sub-899885	0.9664966511526771	0.6662632900690483	0.30023336108362886
Language	Language	sub-01	0.4168926781888026	0.5982189646118125	-0.18132628642300985
Language	Language	sub-02	0.7484098088640729	0.7934853273028986	-0.045075518438825624
Language	Language	sub-03	0.3210951503513335	0.1766609078793859	0.1444342424719476
Language	Language	sub-04	0.8050066379278534	0.8691784948126914	-0.06417185688483795
Language	Language	sub-06	0.8788338170852745	0.9136745525214157	-0.03484073543614119
Language	Language	sub-07	1.0997450205347412	1.1493790491890625	-0.049634028654321316
Language	Language	sub-08	0.8376142116707921	0.8963964353928082	-0.058782223722016136
Language	Language	sub-09	0.8367120653998372	0.9341444046268181	-0.09743233922698091
Language	Language	sub-10	0.573608509501361	0.70822104655824	-0.13461253705687903
Language	Language	sub-12	0.7119990916665141	1.0661118598440271	-0.354112768177513
Language	Language	sub-13	0.750018435211867	0.9178971012472147	-0.16787866603534773
Language	Language	sub-14	0.8585084397359188	1.029168712782253	-0.17066027304633424
Language	Language	sub-15	0.8892594537003911	0.9825545015580823	-0.09329504785769127
Language	Language	sub-16	0.7158973417916824	0.8949530631426703	-0.1790557213509879
Language	Language	sub-17	1.0927175519598933	1.2778717578941923	-0.185154205934299
Language	Language	sub-18	0.872739130442036	0.928273994626203	-0.05553486418416698
Language	Language	sub-19	0.7960537503575374	0.9738707325925424	-0.17781698223500497
Social	MDTB	sub-02	0.45744857431799696	0.4953439103297051	-0.037895336011708136
Social	MDTB	sub-03	0.38929586329948396	0.35138205637715986	0.0379138069223241
Social	MDTB	sub-04	0.36314254237051874	0.31805442152514796	0.04508812084537078
Social	MDTB	sub-06	0.7492370534358401	0.8513710376698673	-0.1021339842340272
Social	MDTB	sub-08	0.5129865872125997	0.4839208336994983	0.029065753513101422
Social	MDTB	sub-09	0.45679826706321436	0.4935881007018071	-0.03678983363859273
Social	MDTB	sub-10	0.6697914276170074	0.6629421043348868	0.006849323282120623
Social	MDTB	sub-12	0.5685144108951663	0.4152178422922969	0.1532965686028694
Social	MDTB	sub-14	0.4406551223905979	0.37245427497682965	0.06820084741376825
Social	MDTB	sub-15	0.4053237958112545	0.40181386952366716	0.0035099262875873394
Social	MDTB	sub-17	0.6874602250177512	0.8174643267950478	-0.1300041017772966
Social	MDTB	sub-18	0.4112840487911387	0.40210549858279837	0.009178550208340353
Social	MDTB	sub-19	0.5866412816084696	0.5985833281990519	-0.01194204659058229
Social	MDTB	sub-20	0.4002385685593598	0.494853869461746	-0.09461530090238618
Social	MDTB	sub-21	0.3604389764011472	0.35981086828445796	0.0006281081166892299
Social	MDTB	sub-22	0.7759221825445781	0.6660746459050682	0.10984753663950997
Social	MDTB	sub-24	0.488085789862391	0.5650511943057287	-0.07696540444333771
Social	MDTB	sub-25	0.4999066247685545	0.5659731825167698	-0.06606655774821524
Social	MDTB	sub-26	0.460052135215039	0.4101374574585126	0.049914677756526415
Social	MDTB	sub-27	0.629462047150347	0.6056674821035007	0.023794565046846294
Social	MDTB	sub-28	0.533610288080982	0.44922910505646685	0.08438118302451514
Social	MDTB	sub-29	0.29694879257930035	0.3365649206447935	-0.03961612806549314
Social	MDTB	sub-30	0.3951484093906153	0.24853176346190944	0.14661664592870585
Social	MDTB	sub-31	0.5313941860465352	0.5533548868327918	-0.02196070078625656
Social	Language	sub-01	0.3396276633948161	0.3225841069509043	0.01704355644391181
Social	Language	sub-02	0.6223703390974856	0.4635970257258959	0.15877331337158973
Social	Language	sub-03	0.36488563971907556	0.1993802216232989	0.16550541809577665
Social	Language	sub-04	0.6635048668920287	0.601159788720541	0.06234507817148771
Social	Language	sub-06	0.7705643033931269	0.6919229535228955	0.07864134987023141
Social	Language	sub-07	0.8566808169774586	0.8315252003758655	0.025155616601593045
Social	Language	sub-08	0.6876300746376295	0.7001145986928577	-0.012484524055228263
Social	Language	sub-09	0.7126139496558085	0.7328111784646953	-0.020197228808886858
Social	Language	sub-10	0.4172699453015628	0.386117404091248	0.0311525412103148
Social	Language	sub-12	0.47772800917587843	0.60845926165163	-0.13073125247575157
Social	Language	sub-13	0.6578694945364434	0.6841470558080229	-0.02627756127157954
Social	Language	sub-14	0.7708354612336266	0.7782089460057278	-0.007373484772101202
Social	Language	sub-15	0.7115351216246929	0.6366070875536989	0.07492803407099402
Social	Language	sub-16	0.6679102764729076	0.8009278446656831	-0.13301756819277555
Social	Language	sub-17	0.8554823857668433	0.8549646952786223	0.0005176904882210343
Social	Language	sub-18	0.771080230550662	0.7730737572948668	-0.001993526744204832
Social	Language	sub-19	0.6445299608804167	0.6507506589210357	-0.006220698040618977
Social	WMFS	sub-01	0.6425586002312557	0.702429030741887	-0.059870430510631345
Social	WMFS	sub-02	0.30408864588837803	0.3859679630555834	-0.08187931716720537
Social	WMFS	sub-03	0.5190926151031089	0.4979639215255334	0.021128693577575464
Social	WMFS	sub-04	0.7202358190458329	0.7219810212919002	-0.0017452022460673344
Social	WMFS	sub-05	0.6424671538820649	0.6160485454199923	0.026418608462072557
Social	WMFS	sub-06	0.6596094666647311	0.6057026904886929	0.05390677617603823
Social	WMFS	sub-07	0.8381764037622309	0.8296801361427747	0.00849626761945621
Social	WMFS	sub-08	0.38998787175031857	0.3446428864571822	0.04534498529313635
Social	WMFS	sub-09	0.5014119365897847	0.4996472023020698	0.001764734287714842
Social	WMFS	sub-10	0.7953339515939061	0.8507941858724856	-0.05546023427857949
Social	WMFS	sub-11	0.9226402408830198	0.8602445419357255	0.06239569894729424
Social	WMFS	sub-12	-0.004575286084408948	-0.09637130626839233	0.09179602018398338
Social	WMFS	sub-13	0.7534600347010544	0.7976236611959208	-0.04416362649486638
Social	WMFS	sub-14	0.34193167622125475	0.35214606574498836	-0.010214389523733602
Social	WMFS	sub-15	1.0470401136783989	1.1177613083075193	-0.07072119462912041
Social	WMFS	sub-16	0.7664674411560549	0.7297509924300749	0.03671644872598001
Social	Demand	sub-01	0.807413303138525	0.8095055821395815	-0.002092279001056463
Social	Demand	sub-02	0.9384645089800582	0.9046183011080206	0.033846207872037626
Social	Demand	sub-05	0.8190645059172351	0.8714601667032642	-0.052395660786029086
Social	Demand	sub-06	0.7547567644953492	0.7382856659980513	0.016471098497297887
Social	Demand	sub-07	0.6222073186217185	0.6469997772073086	-0.024792458585590094
Social	Demand	sub-08	0.5725794442140708	0.6293315750766167	-0.056752130862545935
Social	Demand	sub-09	0.7605112077794584	0.7649975138955638	-0.004486306116105454
Social	Demand	sub-10	0.666438688638798	0.7203329248092736	-0.05389423617047562
Social	Demand	sub-11	0.6962038672375706	0.7312668791888262	-0.03506301195125561
Social	Demand	sub-12	0.6096469893345979	0.658635496101911	-0.048988506767313034
Social	Demand	sub-15	0.4565330206947039	0.4762707464496167	-0.019737725754912783
Social	Demand	sub-16	0.6073080587562186	0.6514296644866151	-0.044121605730396474
Social	Demand	sub-17	0.38352478094616965	0.4266540582445351	-0.043129277298365465
Social	Demand	sub-19	0.509838615861806	0.5556848064477944	-0.04584619058598838
Social	Demand	sub-20	0.7935032447557053	0.8072064550793558	-0.013703210323650517
Social	Demand	sub-21	0.5564223257500902	0.636805222329047	-0.08038289657895681
Social	Demand	sub-24	0.5769923309567925	0.6010971579524149	-0.02410482699562244
Social	Demand	sub-25	0.6626193768084737	0.636733371344941	0.025886005463532702
Social	Demand	sub-26	0.5003039708312855	0.5527960334405505	-0.05249206260926498
Social	Demand	sub-27	0.5009835776651852	0.5588119846184761	-0.057828406953290945
Social	Demand	sub-29	0.7746750679451558	0.7829239021716332	-0.008248834226477375
Social	Demand	sub-30	0.847430763954846	0.8480222540156492	-0.0005914900608032791
Social	Demand	sub-31	0.7436022119401481	0.7939645211257157	-0.05036230918556761
Social	Demand	sub-34	0.7209304046769461	0.7273747830314817	-0.006444378354535596
Social	Demand	sub-35	0.6440494494760207	0.61536385903413	0.028685590441890674
Social	Demand	sub-36	0.7874681826475128	0.7857784601327289	0.0016897225147839423
Social	Demand	sub-37	0.3737592266014069	0.3939179399135954	-0.020158713312188492
Social	Demand	sub-38	0.8957662350602447	0.9105738188157523	-0.014807583755507614
Social	Demand	sub-39	0.7660404588857886	0.7455635132273857	0.020476945658402967
Social	Demand	sub-41	0.5119523192352514	0.539686781877326	-0.027734462642074575
Social	Demand	sub-43	0.3895225301572393	0.3973940270502166	-0.007871496892977281
Social	Demand	sub-44	0.7966454518409187	0.8051206085141545	-0.008475156673235729
Social	Demand	sub-45	0.7106474095687456	0.7218479421625991	-0.011200532593853452
Social	Demand	sub-46	0.7841491652529335	0.736789636610399	0.047359528642534565
Social	Demand	sub-47	0.6199412210770131	0.6283334297569394	-0.008392208679926294
Social	Demand	sub-48	0.8351535261030167	0.8360242858404149	-0.0008707597373981413
Social	Demand	sub-50	0.4405920841037561	0.5612863638926934	-0.12069427978893726
Social	Somatotopic	sub-01	0.11629816893014705	-0.02878643516293817	0.1450846040930852
Social	Somatotopic	sub-02	0.13913443507245898	-0.045421606673767205	0.1845560417462262
Social	Somatotopic	sub-03	-0.13533907938088446	-0.1966831436412129	0.06134406426032843
Social	Somatotopic	sub-04	-0.005516361334521922	0.060109185761561434	-0.06562554709608336
Social	Somatotopic	sub-05	0.006379684261898582	0.10216421356998558	-0.095784529308087
Social	Somatotopic	sub-06	0.1291565891325433	0.10487183519143584	0.024284753941107462
Social	Somatotopic	sub-07	-0.0655008079047528	-0.13907803967437118	0.07357723176961839
Social	Somatotopic	sub-08	0.26145595091405405	0.24049055890971632	0.020965392004337724
Social	Nishimoto	sub-01	0.3539471214096571	0.39716361903272107	-0.043216497623063954
Social	Nishimoto	sub-02	0.3627033166349133	0.3961599458544939	-0.03345662921958059
Social	Nishimoto	sub-03	0.3043651937461237	0.36245213008730687	-0.05808693634118317
Social	Nishimoto	sub-04	0.3057058144199121	0.3553645559732756	-0.04965874155336347
Social	Nishimoto	sub-05	0.32570410346195927	0.48354255241465177	-0.1578384489526925
Social	Nishimoto	sub-06	0.2930694762276026	0.43341616919256526	-0.14034669296496266
Social	IBC	sub-01	0.32061282858316154	0.41564422412966384	-0.0950313955465023
Social	IBC	sub-04	0.6723108355537599	0.8497857935692752	-0.17747495801551527
Social	IBC	sub-05	0.43761397476009356	0.6604869667053804	-0.22287299194528687
Social	IBC	sub-06	0.42582577549232786	0.5992068747516832	-0.17338109925935535
Social	IBC	sub-07	0.2711466552460335	0.23823381547109015	0.03291283977494333
Social	IBC	sub-08	0.14098528696255283	0.1959775031095809	-0.05499221614702807
Social	IBC	sub-09	0.526810357065381	0.6212866156510529	-0.09447625858567188
Social	IBC	sub-11	0.6038773983755301	0.8094083090178995	-0.2055309106423694
Social	IBC	sub-12	0.6744859413626518	0.746450859564469	-0.07196491820181716
Social	IBC	sub-13	0.4356668272167666	0.47082828381700037	-0.03516145660023379
Social	IBC	sub-14	0.41222056826943965	0.4681266485928839	-0.05590608032344424
Social	IBC	sub-15	0.27750515006002663	0.2922955359654206	-0.014790385905393999
Social	HCPur100	sub-101309	0.14303215184961274	-0.00720520679319942	0.15023735864281215
Social	HCPur100	sub-103111	0.4236376627727642	0.480013046022532	-0.05637538324976776
Social	HCPur100	sub-103414	0.8793352111091687	0.9812551904036018	-0.10191997929443308
Social	HCPur100	sub-103818	0.47489056881684244	0.5248880691219732	-0.049997500305130727
Social	HCPur100	sub-105014	0.25257733948714844	0.3496067014476799	-0.09702936196053147
Social	HCPur100	sub-105115	0.47962747241813575	0.5289945891248533	-0.04936711670671756
Social	HCPur100	sub-110411	0.30490991599095263	0.35844688485261134	-0.05353696886165871
Social	HCPur100	sub-117122	0.7416855437241882	0.7094504762031322	0.03223506752105598
Social	HCPur100	sub-118730	0.31394062901487574	0.46864847932687403	-0.1547078503119983
Social	HCPur100	sub-123117	0.4534294008814893	0.588463526044136	-0.13503412516264668
Social	HCPur100	sub-124422	0.5643889129421297	0.6268862378052007	-0.062497324863071024
Social	HCPur100	sub-127630	0.5128694662280288	0.4844204047815292	0.028449061446499557
Social	HCPur100	sub-128632	0.3771482099950939	0.5914835262883414	-0.21433531629324754
Social	HCPur100	sub-130013	0.6000648751676733	0.7078400030403161	-0.10777512787264287
Social	HCPur100	sub-130316	0.5218645626763823	0.5176541472281784	0.004210415448203886
Social	HCPur100	sub-131217	0.6201970613779768	0.7703657633221054	-0.15016870194412857
Social	HCPur100	sub-153025	0.49780832129464536	0.7952734785913769	-0.2974651572967315
Social	HCPur100	sub-154734	0.6694081368304945	0.6440592243034172	0.025348912527077272
Social	HCPur100	sub-156637	0.3508573664911258	0.29422288834866067	0.05663447814246514
Social	HCPur100	sub-159340	0.6142588531876612	0.7732103620017953	-0.1589515088141341
Social	HCPur100	sub-160123	0.46022441377070683	0.5408094877611357	-0.08058507399042886
Social	HCPur100	sub-161731	0.7020457397822657	0.8864257386459087	-0.18437999886364298
Social	HCPur100	sub-162733	0.3913113337915796	0.5865107750710763	-0.19519944127949668
Social	HCPur100	sub-163129	0.7270192697756316	0.913979879833397	-0.18696061005776543
Social	HCPur100	sub-178950	0.5028946512797723	0.5495312398951684	-0.0466365886153961
Social	HCPur100	sub-188347	0.735027238535031	0.9521459245823892	-0.21711868604735818
Social	HCPur100	sub-189450	0.3420132688602059	0.405548326144761	-0.06353505728455511
Social	HCPur100	sub-190031	0.6070805141837993	0.5496156477536394	0.05746486643015991
Social	HCPur100	sub-196750	0.5648058638440555	0.7258521178707843	-0.16104625402672879
Social	HCPur100	sub-198451	0.3889358346239555	0.294978084572394	0.09395775005156148
Social	HCPur100	sub-199655	0.5715415428937404	0.5462188331508739	0.025322709742866434
Social	HCPur100	sub-201111	0.3765502856911265	0.4247799330227615	-0.04822964733163504
Social	HCPur100	sub-208226	0.11018660217926808	0.25797110391504663	-0.14778450173577856
Social	HCPur100	sub-211417	0.5319264067342515	0.4964028286591636	0.035523578075087936
Social	HCPur100	sub-211720	0.24006469671329245	0.3557754123765923	-0.11571071566329988
Social	HCPur100	sub-212318	0.38125486571016237	0.46188650349694516	-0.08063163778678278
Social	HCPur100	sub-214423	0.5198016518525591	0.426219318114624	0.09358233373793512
Social	HCPur100	sub-221319	0.5950658361087371	1.0623550313652497	-0.4672891952565126
Social	HCPur100	sub-239944	0.427933807413412	0.4838289378819388	-0.05589513046852679
Social	HCPur100	sub-245333	0.32031192432217825	0.23383561875325495	0.0864763055689233
Social	HCPur100	sub-280739	0.3879288192414252	0.38325194092519554	0.004676878316229649
Social	HCPur100	sub-298051	0.4634984613245166	0.6626931671134297	-0.19919470578891313
Social	HCPur100	sub-366446	0.04142694040090705	0.07062805770328989	-0.02920111730238284
Social	HCPur100	sub-397760	0.7453925031311921	0.8838034988169128	-0.13841099568572068
Social	HCPur100	sub-414229	0.7569512899381277	0.9790325870794139	-0.22208129714128622
Social	HCPur100	sub-654754	0.1911871232112473	0.4649975174928594	-0.2738103942816121
Social	HCPur100	sub-672756	0.24263157786950443	0.04700327762983867	0.19562830023966576
Social	HCPur100	sub-751348	0.5668747453279296	0.8858051112752788	-0.31893036594734925
Social	HCPur100	sub-792564	0.5253138041627672	0.6031684748934332	-0.07785467073066599
Social	HCPur100	sub-899885	0.7211694884069545	0.6670491306661674	0.05412035774078705
Social	Social	sub-03	0.41608114836789534	0.3102744235037202	0.10580672486417514
Social	Social	sub-04	1.0299362866504498	1.2626931406014117	-0.2327568539509619
Social	Social	sub-05	0.4922373186610215	0.5087626235257793	-0.016525304864757784
Social	Social	sub-07	1.1104098298937881	1.1112023663712804	-0.0007925364774923338
Social	Social	sub-08	1.1610587185917902	1.0985650313971993	0.06249368719459092
Social	Social	sub-09	0.9464518252548735	0.8381793709175129	0.10827245433736055
Social	Social	sub-10	0.82050623193165	0.9106318744763546	-0.09012564254470468
Social	Social	sub-11	0.32810263965369035	0.3247130701063962	0.0033895695472941356
Social	Social	sub-12	0.5793780958806207	0.5655488784413617	0.013829217439259023
Social	Social	sub-13	0.6637824797955645	0.6813609280226391	-0.01757844822707466
Social	Social	sub-14	1.1024172916375625	1.1870890478244511	-0.0846717561868886
Social	Social	sub-16	1.188319674230557	1.324040999629874	-0.13572132539931703
Social	Social	sub-17	1.0069162551857331	1.1095310479130263	-0.10261479272729312
Social	Social	sub-18	0.23973024820503458	0.2994359323625869	-0.05970568415755234
Social	Social	sub-19	0.30556524799428597	0.34757163241636846	-0.04200638442208249
Social	Social	sub-20	1.2491208068786743	1.2496954571795187	-0.0005746503008443593
Social	Social	sub-21	1.0910578508521414	1.2004518217749032	-0.10939397092276182
Social	Social	sub-22	0.5637757200121785	0.6371439296997453	-0.07336820968756685
Social	Social	sub-24	0.05791712728077571	0.025965334799205948	0.03195179248156976
Social	Social	sub-25	1.4342294088360121	1.65194338780192	-0.21771397896590794
Social	Social	sub-26	0.9457258663060556	0.9766913773323204	-0.03096551102626477
Social	Social	sub-27	1.4145709213955127	1.4087083482396838	0.005862573155828832
WMFS	MDTB	sub-02	0.3633104816957093	0.39562112213079326	-0.03231064043508397
WMFS	MDTB	sub-03	0.4760838493061572	0.14803031262561278	0.32805353668054443
WMFS	MDTB	sub-04	0.3828383265213971	0.22975998211344348	0.15307834440795362
WMFS	MDTB	sub-06	0.7694762849991922	0.580938918310441	0.1885373666887512
WMFS	MDTB	sub-08	0.6306582823999982	0.4880513611074405	0.1426069212925577
WMFS	MDTB	sub-09	0.5668238669890875	0.3288224949503374	0.2380013720387501
WMFS	MDTB	sub-10	0.8173325040545892	0.44645907366842036	0.3708734303861689
WMFS	MDTB	sub-12	0.5078856537768232	0.39871977725353436	0.1091658765232888
WMFS	MDTB	sub-14	0.5123375020948842	0.34929619713648913	0.16304130495839503
WMFS	MDTB	sub-15	0.5463875204622385	0.29373045109741264	0.25265706936482585
WMFS	MDTB	sub-17	0.6701374063282781	0.5012343382166842	0.16890306811159395
WMFS	MDTB	sub-18	0.5405311756539332	0.40335768982326725	0.1371734858306659
WMFS	MDTB	sub-19	0.621613529256324	0.5591131652614683	0.0625003639948557
WMFS	MDTB	sub-20	0.5925136279816743	0.3224777635175764	0.2700358644640979
WMFS	MDTB	sub-21	0.4430246706170777	0.3019829397670898	0.1410417308499879
WMFS	MDTB	sub-22	0.7536547406274294	0.46293072482142716	0.29072401580600227
WMFS	MDTB	sub-24	0.5966595092923668	0.41762727775399294	0.17903223153837383
WMFS	MDTB	sub-25	0.6263789585129841	0.5618516989842808	0.0645272595287033
WMFS	MDTB	sub-26	0.5362727397419965	0.3528088171519112	0.18346392259008532
WMFS	MDTB	sub-27	0.668780894883289	0.6178562111204118	0.050924683762877176
WMFS	MDTB	sub-28	0.6548056682657409	0.41482948823849725	0.2399761800272437
WMFS	MDTB	sub-29	0.44018763766286695	0.18459496820908472	0.25559266945378223
WMFS	MDTB	sub-30	0.3766611685845234	0.26206343195310045	0.11459773663142298
WMFS	MDTB	sub-31	0.6238906731172512	0.46539597025444673	0.15849470286280448
WMFS	Language	sub-01	0.42235473601697815	0.33912822882129623	0.08322650719568192
WMFS	Language	sub-02	0.5749487520923504	0.5056894196160253	0.0692593324763251
WMFS	Language	sub-03	0.07342565254771409	0.273177143211291	-0.1997514906635769
WMFS	Language	sub-04	0.5829267861155182	0.5353088527973245	0.04761793331819364
WMFS	Language	sub-06	0.7093790895616913	0.5703378191941143	0.13904127036757696
WMFS	Language	sub-07	0.7960442770620065	0.6020257298065923	0.19401854725541423
WMFS	Language	sub-08	0.6985144147440822	0.5111065995534483	0.18740781519063388
WMFS	Language	sub-09	0.7358055887823676	0.4857174236430401	0.25008816513932747
WMFS	Language	sub-10	0.3492091520327615	0.3239825401604018	0.025226611872359694
WMFS	Language	sub-12	0.5962057515716336	0.48787743808842143	0.10832831348321215
WMFS	Language	sub-13	0.6507873998071689	0.5455831291372709	0.10520427066989801
WMFS	Language	sub-14	0.674618534607647	0.6191287725357574	0.0554897620718896
WMFS	Language	sub-15	0.6441217902514855	0.4931065822719604	0.1510152079795251
WMFS	Language	sub-16	0.5517457579420597	0.4845235912198916	0.06722216672216813
WMFS	Language	sub-17	0.845879284830182	0.6667015288417701	0.1791777559884119
WMFS	Language	sub-18	0.47854529046641703	0.5157026136040822	-0.03715732313766518
WMFS	Language	sub-19	0.5897243353751369	0.5122601360469831	0.07746419932815385
WMFS	Social	sub-03	0.3029075037684604	0.13556260948599236	0.16734489428246802
WMFS	Social	sub-04	0.6404261022147834	0.6243766229031757	0.016049479311607606
WMFS	Social	sub-05	0.3462571493980959	0.18028035505398232	0.16597679434411355
WMFS	Social	sub-07	0.8062348732652365	0.6834199818720627	0.12281489139317381
WMFS	Social	sub-08	0.7874644759226777	0.8486248225929961	-0.061160346670318444
WMFS	Social	sub-09	0.6539938618644912	0.7141432482218135	-0.060149386357322365
WMFS	Social	sub-10	0.5417137875295049	0.40767726185301684	0.1340365256764881
WMFS	Social	sub-11	0.17363005100657883	0.0983776402014527	0.07525241080512612
WMFS	Social	sub-12	0.48254759521186225	0.2994549763027403	0.18309261890912193
WMFS	Social	sub-13	0.43880146922793506	0.3423681893713493	0.09643327985658579
WMFS	Social	sub-14	0.8640006730713388	0.7427145037474049	0.12128616932393388
WMFS	Social	sub-16	0.8821570052919692	0.8294922833030115	0.05266472198895766
WMFS	Social	sub-17	0.6228326034538655	0.6762843255198913	-0.053451722066025775
WMFS	Social	sub-18	0.2738615849706839	0.34142043332260147	-0.06755884835191756
WMFS	Social	sub-19	0.17776302431284402	0.5259997034040161	-0.3482366790911721
WMFS	Social	sub-20	0.7876036269352197	0.8414023127302027	-0.05379868579498304
WMFS	Social	sub-21	0.7873921610907342	0.7149331135994041	0.07245904749133003
WMFS	Social	sub-22	0.5862859501742393	0.4058265342558527	0.18045941591838666
WMFS	Social	sub-24	0.10433801103378507	-6.715486736754629e-05	0.10440516590115262
WMFS	Social	sub-25	1.0066904373649204	0.9620583928336375	0.04463204453128289
WMFS	Social	sub-26	0.8300685830444595	0.750611333809493	0.07945724923496655
WMFS	Social	sub-27	1.115420730878784	1.0115827581847372	0.10383797269404682
WMFS	Demand	sub-01	0.7826787488230036	0.5653449697987859	0.2173337790242177
WMFS	Demand	sub-02	0.9325395496266086	0.8451080258128459	0.08743152381376262
WMFS	Demand	sub-05	0.7922595756918472	0.6364158350853723	0.155843740606475
WMFS	Demand	sub-06	0.6686862553055543	0.5967878171777962	0.07189843812775809
WMFS	Demand	sub-07	0.7560646914761537	0.49603644095984556	0.2600282505163082
WMFS	Demand	sub-08	0.5956835218337477	0.39758578869105904	0.1980977331426887
WMFS	Demand	sub-09	0.7804998767727566	0.6254101328729544	0.15508974389980212
WMFS	Demand	sub-10	0.6903701432916295	0.549441791338774	0.14092835195285547
WMFS	Demand	sub-11	0.8474746735369514	0.7140636987517315	0.1334109747852199
WMFS	Demand	sub-12	0.7506272288715481	0.5369390898697802	0.21368813900176786
WMFS	Demand	sub-15	0.43414673429497047	0.21955238786529765	0.21459434642967282
WMFS	Demand	sub-16	0.682305881277403	0.43327155485636853	0.24903432642103446
WMFS	Demand	sub-17	0.3942915926441047	0.25828568259934764	0.13600591004475704
WMFS	Demand	sub-19	0.5563870784669891	0.26580829630617564	0.29057878216081345
WMFS	Demand	sub-20	0.7242920158181552	0.579602612351744	0.14468940346641113
WMFS	Demand	sub-21	0.6238128872987995	0.4838663725225615	0.13994651477623798
WMFS	Demand	sub-24	0.642512287503677	0.48621822740487686	0.1562940600988001
WMFS	Demand	sub-25	0.5928526769446785	0.5601216608863698	0.03273101605830864
WMFS	Demand	sub-26	0.494864189474021	0.2493526679307238	0.2455115215432972
WMFS	Demand	sub-27	0.7563888903523427	0.4821955100777771	0.2741933802745656
WMFS	Demand	sub-29	0.8588858487562571	0.7612255633695141	0.09766028538674298
WMFS	Demand	sub-30	0.8476359827801383	0.5954112617539764	0.2522247210261619
WMFS	Demand	sub-31	0.7521667826462816	0.5487093273096054	0.20345745533667614
WMFS	Demand	sub-34	0.6620618565880035	0.4621211988262168	0.19994065776178677
WMFS	Demand	sub-35	0.5907728311043925	0.5044854194748173	0.0862874116295752
WMFS	Demand	sub-36	0.6290819085850093	0.47253529669622313	0.1565466118887862
WMFS	Demand	sub-37	0.39283732426984663	0.2343316621666571	0.15850566210318953
WMFS	Demand	sub-38	0.9201551753523195	0.7640228291731721	0.1561323461791474
WMFS	Demand	sub-39	0.724381331697877	0.5896332544908619	0.1347480772070151
WMFS	Demand	sub-41	0.7120299962026597	0.4569114882081032	0.25511850799455654
WMFS	Demand	sub-43	0.5136102867201834	0.3526453143317372	0.1609649723884462
WMFS	Demand	sub-44	0.8071708992784399	0.670422488350634	0.13674841092780587
WMFS	Demand	sub-45	0.7053984710169386	0.44149762042448565	0.263900850592453
WMFS	Demand	sub-46	0.7101267604813905	0.5640435945370889	0.1460831659443016
WMFS	Demand	sub-47	0.6693990489789241	0.5491979244569097	0.12020112452201437
WMFS	Demand	sub-48	0.687265049925479	0.5346545348640923	0.15261051506138668
WMFS	Demand	sub-50	0.618880446687998	0.3394801932190932	0.27940025346890485
WMFS	Somatotopic	sub-01	0.15697969290217553	0.11817801953013272	0.03880167337204281
WMFS	Somatotopic	sub-02	0.048253740642240694	0.1148820058997477	-0.06662826525750701
WMFS	Somatotopic	sub-03	0.18287938252681077	0.03826660663561957	0.1446127758911912
WMFS	Somatotopic	sub-04	0.3073079944984348	0.19527364717163728	0.11203434732679754
WMFS	Somatotopic	sub-05	0.11297739463965954	-0.006831300016889493	0.11980869465654903
WMFS	Somatotopic	sub-06	0.2363216594018803	0.2191901305201078	0.017131528881772495
WMFS	Somatotopic	sub-07	0.0350159548350598	-0.18753641148209893	0.22255236631715875
WMFS	Somatotopic	sub-08	0.17471891621809912	0.2655765949899987	-0.09085767877189957
WMFS	Nishimoto	sub-01	0.34352879415532106	0.29822479268932184	0.04530400146599922
WMFS	Nishimoto	sub-02	0.3697260232756069	0.36547955971967777	0.004246463555929114
WMFS	Nishimoto	sub-03	0.3959851262878842	0.3246686377685824	0.07131648851930178
WMFS	Nishimoto	sub-04	0.2994375720429451	0.17807405490501613	0.12136351713792895
WMFS	Nishimoto	sub-05	0.33751504235640184	0.3962181318617832	-0.058703089505381334
WMFS	Nishimoto	sub-06	0.3406174209235699	0.2646309616756445	0.07598645924792541
WMFS	IBC	sub-01	0.5721488051606533	0.44294705481276875	0.1292017503478845
WMFS	IBC	sub-04	0.7482788827424164	0.8015855226064491	-0.05330663986403272
WMFS	IBC	sub-05	0.5678743513672914	0.5176726168019252	0.05020173456536614
WMFS	IBC	sub-06	0.5725510732958741	0.5029446433801429	0.06960642991573118
WMFS	IBC	sub-07	0.4384951368998458	0.31513812349106646	0.12335701340877936
WMFS	IBC	sub-08	0.21190574873623452	0.19558412512913825	0.01632162360709627
WMFS	IBC	sub-09	0.6845624096241409	0.6550616298084588	0.02950077981568211
WMFS	IBC	sub-11	0.819002868593531	0.8477122828480007	-0.028709414254469712
WMFS	IBC	sub-12	0.6078913042266713	0.5745323023604195	0.033359001866251736
WMFS	IBC	sub-13	0.5068007516336841	0.47500516926193687	0.03179558237174723
WMFS	IBC	sub-14	0.4486372249255222	0.37779573312115683	0.07084149180436539
WMFS	IBC	sub-15	0.34376321797544773	0.24340626549730374	0.100356952478144
WMFS	HCPur100	sub-101309	0.15829414207794	-0.06621177419932689	0.22450591627726688
WMFS	HCPur100	sub-103111	0.3733193204818646	0.32539731173324854	0.047922008748616074
WMFS	HCPur100	sub-103414	0.6794021513010121	0.693494597554534	-0.014092446253521906
WMFS	HCPur100	sub-103818	0.4483509964135209	0.37434795837215673	0.07400303804136416
WMFS	HCPur100	sub-105014	0.31098425839293525	0.24381010927935806	0.06717414911357719
WMFS	HCPur100	sub-105115	0.23010387813990188	0.2256579378729153	0.004445940266986581
WMFS	HCPur100	sub-110411	0.16808093100577093	0.2968885302927853	-0.12880759928701435
WMFS	HCPur100	sub-117122	0.5070202535265484	0.43289498353448913	0.07412526999205932
WMFS	HCPur100	sub-118730	0.4060407786938081	0.38412362162211067	0.021917157071697446
WMFS	HCPur100	sub-123117	0.37719564906403785	0.44348066212386156	-0.0662850130598237
WMFS	HCPur100	sub-124422	0.39226749764668273	0.4567445708065904	-0.0644770731599077
WMFS	HCPur100	sub-127630	0.3213674620717187	0.14241232631508796	0.17895513575663072
WMFS	HCPur100	sub-128632	0.3920922467870973	0.46714972260969884	-0.07505747582260153
WMFS	HCPur100	sub-130013	0.5053060713455316	0.4415076928040808	0.06379837854145082
WMFS	HCPur100	sub-130316	0.31437773546527065	0.31913699408575674	-0.004759258620486095
WMFS	HCPur100	sub-131217	0.5884756217758096	0.6552519993589933	-0.06677637758318367
WMFS	HCPur100	sub-153025	0.6312656632318545	0.640238956487058	-0.008973293255203463
WMFS	HCPur100	sub-154734	0.52844332541284	0.40096010458612336	0.12748322082671665
WMFS	HCPur100	sub-156637	0.17646745316924223	0.16021365443177046	0.016253798737471764
WMFS	HCPur100	sub-159340	0.5591126061703915	0.5275858699422282	0.031526736228163266
WMFS	HCPur100	sub-160123	0.2937180634224276	0.30919643262147795	-0.015478369199050324
WMFS	HCPur100	sub-161731	0.5005007210817695	0.5907021761782543	-0.0902014550964848
WMFS	HCPur100	sub-162733	0.4834931537762463	0.3508768261768776	0.1326163275993687
WMFS	HCPur100	sub-163129	0.604708309546606	0.7006626495776244	-0.09595434003101833
WMFS	HCPur100	sub-178950	0.3571168604871274	0.43759943029481607	-0.0804825698076887
WMFS	HCPur100	sub-188347	0.659014616222238	0.5993626720964412	0.059651944125796774
WMFS	HCPur100	sub-189450	0.3324867109558665	0.38330206459640653	-0.05081535364054002
WMFS	HCPur100	sub-190031	0.4267423874176337	0.3208913231160976	0.10585106430153612
WMFS	HCPur100	sub-196750	0.5081836302263986	0.523715968519454	-0.015532338293055448
WMFS	HCPur100	sub-198451	0.22154510481997894	0.21024768463436103	0.011297420185617912
WMFS	HCPur100	sub-199655	0.6037353219012317	0.45897062396561783	0.14476469793561386
WMFS	HCPur100	sub-201111	0.16769246296074086	0.23746972597428118	-0.06977726301354031
WMFS	HCPur100	sub-208226	0.3618347146612938	0.2974481241477085	0.0643865905135853
WMFS	HCPur100	sub-211417	0.1041690235080009	0.06318703578198892	0.040981987726011984
WMFS	HCPur100	sub-211720	0.26589012638793863	0.23955297554615518	0.026337150841783452
WMFS	HCPur100	sub-212318	0.19864452871482022	0.304035584521866	-0.1053910558070458
WMFS	HCPur100	sub-214423	0.41270015540446897	0.310046165532405	0.10265398987206398
WMFS	HCPur100	sub-221319	0.6304016619400532	0.8593786215552192	-0.22897695961516595
WMFS	HCPur100	sub-239944	0.34006583956905934	0.2817167574676681	0.058349082101391225
WMFS	HCPur100	sub-245333	0.18952491091663506	0.10760055070215986	0.0819243602144752
WMFS	HCPur100	sub-280739	0.28012386823186036	0.23426691714754372	0.045856951084316644
WMFS	HCPur100	sub-298051	0.3601329588985272	0.3934429585106091	-0.03330999961208192
WMFS	HCPur100	sub-366446	0.1342831885568988	0.06754607452517404	0.06673711403172476
WMFS	HCPur100	sub-397760	0.42865492989648823	0.5666620033715629	-0.13800707347507468
WMFS	HCPur100	sub-414229	0.4981747015393958	0.6133668567086679	-0.11519215516927206
WMFS	HCPur100	sub-654754	0.35690385616330306	0.3166770384170175	0.04022681774628556
WMFS	HCPur100	sub-672756	-0.11105169479043209	-0.18589810951888946	0.07484641472845738
WMFS	HCPur100	sub-751348	0.6160616924079407	0.6190473224084933	-0.0029856300005525194
WMFS	HCPur100	sub-792564	0.5562445519562199	0.4315060280610542	0.12473852389516571
WMFS	HCPur100	sub-899885	0.5300702269100903	0.46342158476616274	0.06664864214392757
WMFS	WMFS	sub-01	0.8568014689513659	0.7989634521313426	0.05783801682002332
WMFS	WMFS	sub-02	0.38622491344361876	0.26056773404480155	0.1256571793988172
WMFS	WMFS	sub-03	0.6786418533374043	0.6550227993296698	0.023619054007734563
WMFS	WMFS	sub-04	1.0954696006342592	1.062028297211606	0.03344130342265328
WMFS	WMFS	sub-05	1.017414669190389	0.9105881895513008	0.10682647963908809
WMFS	WMFS	sub-06	0.9999456656698041	0.9306097679081874	0.06933589776161675
WMFS	WMFS	sub-07	1.1815940693523679	1.226792056566508	-0.045197987214140145
WMFS	WMFS	sub-08	0.6012377434094488	0.38414045846652684	0.21709728494292196
WMFS	WMFS	sub-09	0.7898978151736602	0.8184311695359786	-0.02853335436231841
WMFS	WMFS	sub-10	1.01464371268667	1.0406159902193735	-0.02597227753270337
WMFS	WMFS	sub-11	1.055200767254987	1.1638240050245232	-0.1086232377695362
WMFS	WMFS	sub-12	0.38788557265072765	0.24197759425079557	0.14590797839993208
WMFS	WMFS	sub-13	0.9313373443051233	0.86524480314988	0.06609254115524332
WMFS	WMFS	sub-14	0.6365335837627651	0.46321926011042397	0.17331432365234117
WMFS	WMFS	sub-15	1.1772943274739145	1.3107459254425566	-0.13345159796864214
WMFS	WMFS	sub-16	1.0029064696175887	1.0662620338700957	-0.06335556425250699
Demand	MDTB	sub-02	0.27975420334194434	0.39718924369300174	-0.1174350403510574
Demand	MDTB	sub-03	0.561463654714901	0.314124347673573	0.247339307041328
Demand	MDTB	sub-04	0.35632107033668037	0.29886316449699646	0.05745790583968391
Demand	MDTB	sub-06	0.6587247196345352	0.8035791953133394	-0.14485447567880427
Demand	MDTB	sub-08	0.5811419115033393	0.5481386667377444	0.03300324476559491
Demand	MDTB	sub-09	0.3507336347908495	0.3418895303124739	0.008844104478375636
Demand	MDTB	sub-10	0.7365276806324593	0.5920080697525035	0.1445196108799558
Demand	MDTB	sub-12	0.6472775500630393	0.3905559013311914	0.25672164873184794
Demand	MDTB	sub-14	0.5167113510894139	0.31344730810891064	0.20326404298050327
Demand	MDTB	sub-15	0.45470235835111783	0.37761515986830857	0.07708719848280926
Demand	MDTB	sub-17	0.4515085596272501	0.6586170088969134	-0.20710844926966332
Demand	MDTB	sub-18	0.5225645515118793	0.4628677439811714	0.059696807530707885
Demand	MDTB	sub-19	0.5700700905706315	0.5935830287729567	-0.02351293820232514
Demand	MDTB	sub-20	0.5192493795633303	0.5229837779228562	-0.0037343983595259367
Demand	MDTB	sub-21	0.3207932612935388	0.3278469231037433	-0.0070536618102045034
Demand	MDTB	sub-22	0.7404011680238466	0.5165254370840643	0.2238757309397823
Demand	MDTB	sub-24	0.41920691693858925	0.49410107777421003	-0.07489416083562078
Demand	MDTB	sub-25	0.4106629052281203	0.5336541864816724	-0.12299128125355208
Demand	MDTB	sub-26	0.5202558182077909	0.40524438886632946	0.11501142934146141
Demand	MDTB	sub-27	0.5656125255462107	0.4978155355655076	0.06779698998070305
Demand	MDTB	sub-28	0.6763829970583995	0.433752097416512	0.24263089964188755
Demand	MDTB	sub-29	0.4190276652194847	0.2862917144188081	0.13273595080067663
Demand	MDTB	sub-30	0.3753374653358841	0.12143090042728448	0.2539065649085996
Demand	MDTB	sub-31	0.5775651822864514	0.5313572047653118	0.04620797752113959
Demand	Language	sub-01	0.3225292038498891	0.26726894837593856	0.055260255473950526
Demand	Language	sub-02	0.4795580790449952	0.2714096099594479	0.2081484690855473
Demand	Language	sub-03	0.30264004244110126	0.17578894597924666	0.1268510964618546
Demand	Language	sub-04	0.7172296918829583	0.5969321272758998	0.12029756460705843
Demand	Language	sub-06	0.5874050647552252	0.4183871057703826	0.16901795898484268
Demand	Language	sub-07	0.8564363377383418	0.6750181476302576	0.18141819010808424
Demand	Language	sub-08	0.6292364385621791	0.5238779490764638	0.10535848948571536
Demand	Language	sub-09	0.5989795522712047	0.5419107756449243	0.057068776626280404
Demand	Language	sub-10	0.3544368879750782	0.2929671102236532	0.061469777751425037
Demand	Language	sub-12	0.40385098175406525	0.4695635001298573	-0.06571251837579206
Demand	Language	sub-13	0.6983179023900717	0.7095370850770844	-0.011219182687012608
Demand	Language	sub-14	0.5573023685690444	0.6104249712774479	-0.05312260270840352
Demand	Language	sub-15	0.7200986459958592	0.5769037081648964	0.1431949378309627
Demand	Language	sub-16	0.4654906168808647	0.7113405276117057	-0.24584991073084106
Demand	Language	sub-17	0.7176615998339319	0.6339882408991011	0.08367335893483074
Demand	Language	sub-18	0.6876051438539886	0.712869432621894	-0.02526428876790532
Demand	Language	sub-19	0.5011519004207163	0.5330104762756688	-0.03185857585495244
Demand	Social	sub-03	0.41191973522617314	0.14761005086207532	0.26430968436409785
Demand	Social	sub-04	0.7187748066505792	0.9715403456510205	-0.2527655390004413
Demand	Social	sub-05	0.3381542010959159	0.23034449067659107	0.1078097104193248
Demand	Social	sub-07	0.8918837085965559	0.8055468911517789	0.08633681744477695
Demand	Social	sub-08	1.0113834926124434	0.8654921914775131	0.14589130113493032
Demand	Social	sub-09	0.873549599017732	0.7912642124524295	0.08228538656530249
Demand	Social	sub-10	0.6317663683687644	0.3719128581191606	0.25985351024960385
Demand	Social	sub-11	0.3318952482232925	0.054232462540107225	0.2776627856831853
Demand	Social	sub-12	0.5016056531992669	0.34968450847109184	0.15192114472817503
Demand	Social	sub-13	0.4630563603435972	0.44553115492310197	0.017525205420495238
Demand	Social	sub-14	0.7638963888848374	0.7231529435979063	0.04074344528693108
Demand	Social	sub-16	0.8302820490497688	0.952086677713588	-0.12180462866381925
Demand	Social	sub-17	0.5887438246752353	0.7024941565083834	-0.11375033183314809
Demand	Social	sub-18	0.20269114604305455	0.34199483874167985	-0.1393036926986253
Demand	Social	sub-19	0.2210036089713071	0.7098674601415402	-0.4888638511702331
Demand	Social	sub-20	0.7959333834022991	0.7979311680074636	-0.001997784605164421
Demand	Social	sub-21	0.8372167563359187	0.8387988475640642	-0.0015820912281454547
Demand	Social	sub-22	0.4304585736769584	0.3101462684827462	0.12031230519421221
Demand	Social	sub-24	0.1018388499593399	0.04852710776068203	0.05331174219865786
Demand	Social	sub-25	0.9620867163610249	1.149425054869883	-0.18733833850885806
Demand	Social	sub-26	0.7540543400492227	0.5797793005804035	0.17427503946881917
Demand	Social	sub-27	1.1528375935595114	1.1959689499309203	-0.04313135637140886
Demand	WMFS	sub-01	0.6201020052718956	0.6047900011511682	0.015312004120727418
Demand	WMFS	sub-02	0.27628047053391214	0.2146741053945608	0.06160636513935133
Demand	WMFS	sub-03	0.5763165013635819	0.5839123740619012	-0.007595872698319295
Demand	WMFS	sub-04	0.7831221140375693	0.7845125432062547	-0.0013904291686854808
Demand	WMFS	sub-05	0.6737995533469859	0.6035374277240816	0.07026212562290435
Demand	WMFS	sub-06	0.7238225931928681	0.6383750717903416	0.08544752140252654
Demand	WMFS	sub-07	0.7172703564347098	0.8005808022842387	-0.08331044584952885
Demand	WMFS	sub-08	0.6404569399683855	0.3806413242188396	0.25981561574954587
Demand	WMFS	sub-09	0.4917475466602177	0.5247406494926611	-0.03299310283244339
Demand	WMFS	sub-10	0.7849168660555175	0.8900986766119714	-0.10518181055645393
Demand	WMFS	sub-11	0.7784256972531045	0.9066330456992853	-0.12820734844618076
Demand	WMFS	sub-12	0.18292283135055823	-0.06793646332506152	0.25085929467561974
Demand	WMFS	sub-13	0.7415001115025656	0.7642617028858147	-0.02276159138324918
Demand	WMFS	sub-14	0.47989598123160143	0.3114869133691571	0.1684090678624443
Demand	WMFS	sub-15	0.9043347029523683	1.1076951840513969	-0.2033604810990286
Demand	WMFS	sub-16	0.6670436676100018	0.781375490648345	-0.11433182303834322
Demand	Somatotopic	sub-01	0.264137436259656	0.09441972051767963	0.1697177157419764
Demand	Somatotopic	sub-02	0.2131979026511346	0.03774888085112496	0.17544902180000965
Demand	Somatotopic	sub-03	-0.009210635540575007	-0.05381069764321189	0.04460006210263688
Demand	Somatotopic	sub-04	0.0262203373268146	0.14128972010138546	-0.11506938277457086
Demand	Somatotopic	sub-05	0.11404152401141188	0.33780842191736693	-0.22376689790595505
Demand	Somatotopic	sub-06	0.13964045412942724	0.15589552195660433	-0.01625506782717709
Demand	Somatotopic	sub-07	0.13899847489020556	0.024656480485954323	0.11434199440425123
Demand	Somatotopic	sub-08	0.23589175408973323	0.3033873895991584	-0.06749563550942517
Demand	Nishimoto	sub-01	0.3429218675352138	0.3876653333294071	-0.044743465794193304
Demand	Nishimoto	sub-02	0.30910346684651635	0.38521968780203275	-0.0761162209555164
Demand	Nishimoto	sub-03	0.3665576707277446	0.4202620973139897	-0.053704426586245135
Demand	Nishimoto	sub-04	0.36016403371678574	0.32155572373183045	0.03860830998495529
Demand	Nishimoto	sub-05	0.2088004199697196	0.4763760638532187	-0.2675756438834991
Demand	Nishimoto	sub-06	0.35943560878734687	0.4253051101046208	-0.06586950131727393
Demand	IBC	sub-01	0.3965823869561527	0.4719787648155715	-0.07539637785941877
Demand	IBC	sub-04	0.5533536543936733	0.856588377652227	-0.3032347232585536
Demand	IBC	sub-05	0.3350790130074321	0.6173345005388992	-0.28225548753146706
Demand	IBC	sub-06	0.445420443440731	0.6722834334722992	-0.22686299003156823
Demand	IBC	sub-07	0.3442713588528759	0.25723825506482384	0.08703310378805207
Demand	IBC	sub-08	0.19410935346288644	0.24491510104651146	-0.05080574758362502
Demand	IBC	sub-09	0.5230374307086898	0.6561912192236176	-0.13315378851492776
Demand	IBC	sub-11	0.6153482371241034	0.9359978655757514	-0.320649628451648
Demand	IBC	sub-12	0.588334105391403	0.7310576071743692	-0.14272350178296622
Demand	IBC	sub-13	0.452139469386671	0.4523521381191678	-0.0002126687324968124
Demand	IBC	sub-14	0.4503050991391747	0.45221284195629285	-0.001907742817118141
Demand	IBC	sub-15	0.4125675829567979	0.32720768506279996	0.08535989789399795
Demand	HCPur100	sub-101309	0.32745724867934706	-0.14031192002673948	0.46776916870608654
Demand	HCPur100	sub-103111	0.45739514272604814	0.45826051846795046	-0.0008653757419023189
Demand	HCPur100	sub-103414	0.7045267137508318	0.9241794309721519	-0.21965271722132018
Demand	HCPur100	sub-103818	0.5356175874361924	0.5140119284693373	0.021605658966855068
Demand	HCPur100	sub-105014	0.20761122420947378	0.29022138485828186	-0.08261016064880808
Demand	HCPur100	sub-105115	0.3600425049381918	0.48548466192497175	-0.12544215698677996
Demand	HCPur100	sub-110411	0.22394110834859127	0.3578561294260465	-0.13391502107745523
Demand	HCPur100	sub-117122	0.7436751961244994	0.6046971903080887	0.13897800581641073
Demand	HCPur100	sub-118730	0.34045668909062515	0.5155261548016605	-0.17506946571103538
Demand	HCPur100	sub-123117	0.30481703658220005	0.6230567582557851	-0.31823972167358505
Demand	HCPur100	sub-124422	0.4435647015787634	0.6362348568364555	-0.19267015525769216
Demand	HCPur100	sub-127630	0.6379048196131816	0.45574473248455427	0.1821600871286273
Demand	HCPur100	sub-128632	0.32352867685806835	0.6974538024646849	-0.37392512560661656
Demand	HCPur100	sub-130013	0.6679566281068083	0.7558222614886598	-0.0878656333818515
Demand	HCPur100	sub-130316	0.4282753703034626	0.43570786920496946	-0.007432498901506879
Demand	HCPur100	sub-131217	0.5423369698264467	0.783480588420412	-0.24114361859396527
Demand	HCPur100	sub-153025	0.5006914953188608	0.9870158985876925	-0.48632440326883164
Demand	HCPur100	sub-154734	0.652845578807732	0.566693272873441	0.08615230593429102
Demand	HCPur100	sub-156637	0.2691297938669837	0.18739002036841326	0.08173977349857045
Demand	HCPur100	sub-159340	0.6600831718692962	0.841590115433275	-0.18150694356397878
Demand	HCPur100	sub-160123	0.4430574874177657	0.5815583318871577	-0.13850084446939198
Demand	HCPur100	sub-161731	0.5696694991333364	0.9033490937574885	-0.3336795946241521
Demand	HCPur100	sub-162733	0.44401039889039595	0.687274324652565	-0.24326392576216904
Demand	HCPur100	sub-163129	0.6010927227724062	0.9661737223645366	-0.36508099959213036
Demand	HCPur100	sub-178950	0.42945043316993087	0.5128979924408741	-0.08344755927094322
Demand	HCPur100	sub-188347	0.614867370438694	0.9829695166582457	-0.36810214621955173
Demand	HCPur100	sub-189450	0.34665981140130436	0.44131674227785106	-0.0946569308765467
Demand	HCPur100	sub-190031	0.6979107216019322	0.5324433212757388	0.16546740032619345
Demand	HCPur100	sub-196750	0.5466628011680582	0.7404613545792659	-0.19379855341120766
Demand	HCPur100	sub-198451	0.34715265216558994	0.14121010806862508	0.20594254409696486
Demand	HCPur100	sub-199655	0.6160361195620809	0.45519976878349816	0.16083635077858277
Demand	HCPur100	sub-201111	0.32186675437769624	0.40329491168971243	-0.08142815731201619
Demand	HCPur100	sub-208226	0.10181102387408018	0.2885405242241451	-0.18672950035006491
Demand	HCPur100	sub-211417	0.7109983179432148	0.519882602872358	0.19111571507085678
Demand	HCPur100	sub-211720	0.2693504481987563	0.42076631435408207	-0.15141586615532576
Demand	HCPur100	sub-212318	0.4519965461991244	0.5636746377834044	-0.11167809158428005
Demand	HCPur100	sub-214423	0.5638834746182606	0.33944467179046817	0.22443880282779244
Demand	HCPur100	sub-221319	0.39198517781933645	1.293506754880564	-0.9015215770612277
Demand	HCPur100	sub-239944	0.3441185027621056	0.4202781916522595	-0.0761596888901539
Demand	HCPur100	sub-245333	0.4154393211917589	0.1654284718803285	0.2500108493114304
Demand	HCPur100	sub-280739	0.3771057971743258	0.37602478114685073	0.001081016027475068
Demand	HCPur100	sub-298051	0.5044717397749192	0.7927051721118669	-0.28823343233694765
Demand	HCPur100	sub-366446	0.12341820650202526	0.06215460537645917	0.061263601125566086
Demand	HCPur100	sub-397760	0.6334880479382341	0.8702691134299327	-0.23678106549169864
Demand	HCPur100	sub-414229	0.7489740024269552	1.1810011466410044	-0.4320271442140492
Demand	HCPur100	sub-654754	0.27173778734834786	0.629064999536052	-0.35732721218770414
Demand	HCPur100	sub-672756	0.35293294674528464	0.0002691364045914823	0.35266381034069316
Demand	HCPur100	sub-751348	0.506594616213642	0.9266980402338697	-0.4201034240202277
Demand	HCPur100	sub-792564	0.5715438497097308	0.594822956839272	-0.023279107129541177
Demand	HCPur100	sub-899885	0.7847979249059059	0.5886430695930392	0.1961548553128667
Demand	Demand	sub-01	1.057109516029979	1.085637564672048	-0.028528048642068926
Demand	Demand	sub-02	1.0914571889649423	1.1304736734386458	-0.03901648447370354
Demand	Demand	sub-05	1.090451783639609	1.205889209808928	-0.11543742616931896
Demand	Demand	sub-06	0.9523558243213411	1.008602810341765	-0.056246986020423884
Demand	Demand	sub-07	0.9441944773477164	0.950951798232798	-0.006757320885081519
Demand	Demand	sub-08	0.8753999854945658	0.9071603683963549	-0.031760382901789175
Demand	Demand	sub-09	1.0886504356614561	1.126084617605116	-0.03743418194365988
Demand	Demand	sub-10	0.9086417405705782	0.9889984602309235	-0.0803567196603453
Demand	Demand	sub-11	0.9032161418547398	0.9875126841540112	-0.08429654229927142
Demand	Demand	sub-12	0.8803850791319046	0.9600547122832518	-0.07966963315134723
Demand	Demand	sub-15	0.7271674166973138	0.7294982979471035	-0.0023308812497897513
Demand	Demand	sub-16	0.9079425629402916	1.028314864046117	-0.12037230110582542
Demand	Demand	sub-17	0.6124038969347456	0.6590922618733208	-0.0466883649385752
Demand	Demand	sub-19	0.8987185058591678	1.050489164027471	-0.15177065816830315
Demand	Demand	sub-20	1.0299344153529435	1.1521147830946554	-0.12218036774171193
Demand	Demand	sub-21	0.784541602901987	0.9331146395428359	-0.14857303664084887
Demand	Demand	sub-24	0.8246598602511802	0.9598777058849021	-0.13521784563372186
Demand	Demand	sub-25	0.8666490757799062	0.9088220667889695	-0.04217299100906324
Demand	Demand	sub-26	0.6628533423521428	0.7611082011333128	-0.09825485878117002
Demand	Demand	sub-27	0.8618829328462453	0.9852270509422335	-0.12334411809598822
Demand	Demand	sub-29	1.0520826230962503	1.1526209869569288	-0.10053836386067849
Demand	Demand	sub-30	1.1115359198735326	1.2143938671523316	-0.10285794727879893
Demand	Demand	sub-31	1.0531801889529684	1.1852104212937484	-0.13203023234078004
Demand	Demand	sub-34	0.9674915477202433	1.0510896531727454	-0.08359810545250212
Demand	Demand	sub-35	0.8688519736804746	0.964549180678698	-0.09569720699822337
Demand	Demand	sub-36	0.9455380203334494	0.9953521833298267	-0.04981416299637731
Demand	Demand	sub-37	0.6516973059688401	0.7723143517334023	-0.12061704576456223
Demand	Demand	sub-38	1.1813130638625122	1.301785652139885	-0.12047258827737273
Demand	Demand	sub-39	0.9854519812781125	1.0675684579311724	-0.08211647665305988
Demand	Demand	sub-41	0.8090653654731832	0.9653510280556699	-0.15628566258248666
Demand	Demand	sub-43	0.7217518648946919	0.8384000047207709	-0.11664813982607902
Demand	Demand	sub-44	1.0540393348585335	1.1292152201227776	-0.07517588526424412
Demand	Demand	sub-45	1.0541555232966622	1.0835094713880253	-0.029353948091363158
Demand	Demand	sub-46	1.0721696507011937	1.133659983585938	-0.06149033288474426
Demand	Demand	sub-47	0.823212863212716	0.9392192508593646	-0.11600638764664861
Demand	Demand	sub-48	1.068969039843669	1.1470645262824184	-0.0780954864387493
Demand	Demand	sub-50	0.6374536492265249	0.8296055573116348	-0.19215190808510985
Somatotopic	MDTB	sub-02	0.30529823123475414	0.4010349835193784	-0.09573675228462425
Somatotopic	MDTB	sub-03	0.15287462948471414	0.0644710518500957	0.08840357763461844
Somatotopic	MDTB	sub-04	0.14541207069102272	0.13271026974429273	0.012701800946729985
Somatotopic	MDTB	sub-06	0.30980679218017193	0.4141813849697875	-0.10437459278961558
Somatotopic	MDTB	sub-08	0.2808667630757961	0.26812828053555693	0.012738482540239182
Somatotopic	MDTB	sub-09	0.11170797192329658	0.08424346849783645	0.027464503425460127
Somatotopic	MDTB	sub-10	0.20960192406941883	0.16788111492801927	0.041720809141399556
Somatotopic	MDTB	sub-12	0.2575152678190088	0.15813462730889452	0.09938064051011428
Somatotopic	MDTB	sub-14	0.2279486082082021	0.17753410433604297	0.05041450387215912
Somatotopic	MDTB	sub-15	0.1000484814224253	0.06773905250890751	0.03230942891351779
Somatotopic	MDTB	sub-17	0.21771282652811977	0.2999426667565993	-0.08222984022847954
Somatotopic	MDTB	sub-18	0.09356396971317536	0.17866174321088418	-0.08509777349770882
Somatotopic	MDTB	sub-19	0.21380805507862977	0.32391993296758	-0.11011187788895022
Somatotopic	MDTB	sub-20	0.09551032094400529	0.14059832238964168	-0.04508800144563639
Somatotopic	MDTB	sub-21	0.2046162089968395	0.19372863431516243	0.010887574681677059
Somatotopic	MDTB	sub-22	0.21277604165686284	0.10181798465391721	0.11095805700294563
Somatotopic	MDTB	sub-24	0.19031860353959743	0.2613873573020392	-0.07106875376244179
Somatotopic	MDTB	sub-25	0.1996238404642814	0.36026287678933105	-0.16063903632504967
Somatotopic	MDTB	sub-26	0.31368967034500467	0.23793624252944506	0.0757534278155596
Somatotopic	MDTB	sub-27	0.23001421485669613	0.30124805399871113	-0.071233839142015
Somatotopic	MDTB	sub-28	0.20562141939394993	0.196935801321133	0.008685618072816925
Somatotopic	MDTB	sub-29	0.20916186824659755	0.14886220341443301	0.060299664832164535
Somatotopic	MDTB	sub-30	0.17047939036612503	0.05777413237024747	0.11270525799587755
Somatotopic	MDTB	sub-31	0.17242829879362795	0.23511604992194773	-0.06268775112831979
Somatotopic	Language	sub-01	0.35920859636274616	0.4053356718277677	-0.04612707546502154
Somatotopic	Language	sub-02	0.492354515228346	0.44196698807255175	0.050387527155794254
Somatotopic	Language	sub-03	0.0907596716146366	-0.07018288390153514	0.16094255551617176
Somatotopic	Language	sub-04	0.3243805538708855	0.26465562288981415	0.059724930981071345
Somatotopic	Language	sub-06	0.30528993969975843	0.3601498093830934	-0.05485986968333495
Somatotopic	Language	sub-07	0.3536926524425663	0.1746610629210802	0.17903158952148612
Somatotopic	Language	sub-08	0.16208613407331096	0.2686130281427406	-0.10652689406942961
Somatotopic	Language	sub-09	0.2903175616969242	0.29966852923702475	-0.009350967540100563
Somatotopic	Language	sub-10	0.25966175222534127	0.24046786067134251	0.019193891553998754
Somatotopic	Language	sub-12	0.4380563547021034	0.439504398415814	-0.0014480437137106006
Somatotopic	Language	sub-13	0.200068739857486	0.3782788838507004	-0.17821014399321441
Somatotopic	Language	sub-14	0.305391363785102	0.41011943763349273	-0.10472807384839072
Somatotopic	Language	sub-15	0.4556797893922362	0.2828596752830717	0.17282011410916448
Somatotopic	Language	sub-16	0.24189278599733757	0.4315136382667893	-0.18962085226945172
Somatotopic	Language	sub-17	0.5193301560865994	0.4511006892337901	0.06822946685280928
Somatotopic	Language	sub-18	0.3087351450043401	0.2873635839834209	0.021371561020919194
Somatotopic	Language	sub-19	0.3175983768696865	0.5033569282525338	-0.18575855138284725
Somatotopic	Social	sub-03	-0.00437135132113154	0.003159976475077363	-0.007531327796208903
Somatotopic	Social	sub-04	0.21200643348265902	0.5978528808651341	-0.3858464473824751
Somatotopic	Social	sub-05	-0.12837845397890643	-0.050408567695813075	-0.07796988628309336
Somatotopic	Social	sub-07	-0.0022073645583855785	0.3834777476087422	-0.3856851121671278
Somatotopic	Social	sub-08	0.19829947065937054	0.22518890202555567	-0.02688943136618513
Somatotopic	Social	sub-09	0.08488013935420348	0.3452219943224659	-0.26034185496826245
Somatotopic	Social	sub-10	0.1312313598945506	0.09285242031431505	0.03837893958023554
Somatotopic	Social	sub-11	0.03918467435423308	-0.14460258810183807	0.18378726245607116
Somatotopic	Social	sub-12	-0.006435593287005938	0.05573330802082091	-0.062168901307826846
Somatotopic	Social	sub-13	0.08407290555217463	0.28439009073563315	-0.20031718518345853
Somatotopic	Social	sub-14	-0.04424375822626117	0.3282589947470103	-0.3725027529732715
Somatotopic	Social	sub-16	0.04870188063054664	0.5744063961992036	-0.525704515568657
Somatotopic	Social	sub-17	0.1654830369047444	0.32097632133469317	-0.15549328442994878
Somatotopic	Social	sub-18	-0.11167265750160153	0.14614741762842173	-0.25782007513002325
Somatotopic	Social	sub-19	0.2596022953549547	0.5020243310686658	-0.24242203571371113
Somatotopic	Social	sub-20	0.0548000703800881	0.33777774631196983	-0.2829776759318817
Somatotopic	Social	sub-21	0.1200507770247669	0.4568550104316435	-0.3368042334068766
Somatotopic	Social	sub-22	0.030755964864087933	0.28243667411015155	-0.2516807092460636
Somatotopic	Social	sub-24	-0.001259403905620901	-0.07335237344111313	0.07209296953549223
Somatotopic	Social	sub-25	0.08599305814512541	0.4962222510446904	-0.410229192899565
Somatotopic	Social	sub-26	-0.0037373304089440584	0.3370530934531917	-0.34079042386213576
Somatotopic	Social	sub-27	0.19656319271024225	0.6048757537984991	-0.40831256108825686
Somatotopic	WMFS	sub-01	0.08643014014886051	0.4240592154895694	-0.33762907534070885
Somatotopic	WMFS	sub-02	-0.11551590568534068	0.05628935653733991	-0.17180526222268058
Somatotopic	WMFS	sub-03	0.19801757250378346	0.41962411643347997	-0.2216065439296965
Somatotopic	WMFS	sub-04	0.33398204197794507	0.6875580099325886	-0.3535759679546436
Somatotopic	WMFS	sub-05	0.3374931707683295	0.5878771849897448	-0.2503840142214153
Somatotopic	WMFS	sub-06	0.4553597858711353	0.6317133404851196	-0.17635355461398433
Somatotopic	WMFS	sub-07	0.4339636044596873	0.8947647794389387	-0.46080117497925144
Somatotopic	WMFS	sub-08	0.2368456343014314	0.14379526494996506	0.09305036935146635
Somatotopic	WMFS	sub-09	0.30191224856984655	0.5959381235261887	-0.29402587495634214
Somatotopic	WMFS	sub-10	0.26900154519873754	0.7572405826998001	-0.48823903750106257
Somatotopic	WMFS	sub-11	0.442577836954654	0.909212316623863	-0.466634479669209
Somatotopic	WMFS	sub-12	0.1989162216939029	0.10915691263637183	0.08975930905753109
Somatotopic	WMFS	sub-13	0.1605284647660256	0.5640202221433901	-0.4034917573773645
Somatotopic	WMFS	sub-14	-0.0036769526809325485	0.13017760064624587	-0.1338545533271784
Somatotopic	WMFS	sub-15	0.27904361640088265	0.9625845751015427	-0.68354095870066
Somatotopic	WMFS	sub-16	0.42921263729110054	0.8248546208837344	-0.39564198359263386
Somatotopic	Demand	sub-01	0.02870658098588749	-0.17907345585246134	0.20778003683834884
Somatotopic	Demand	sub-02	0.0635572616128203	-0.2339685020950204	0.2975257637078407
Somatotopic	Demand	sub-05	-0.01523279562389406	-0.037995194466601385	0.022762398842707324
Somatotopic	Demand	sub-06	-0.00033619860092029677	-0.11709850874130875	0.11676231014038846
Somatotopic	Demand	sub-07	-0.005333229668878789	-0.03735238779995615	0.03201915813107736
Somatotopic	Demand	sub-08	0.02390409902836972	0.031641277563252086	-0.007737178534882365
Somatotopic	Demand	sub-09	0.09510768036344679	-0.03268246003244355	0.12779014039589034
Somatotopic	Demand	sub-10	0.0810296267259216	-0.0036113668669063284	0.08464099359282792
Somatotopic	Demand	sub-11	-0.12161188508035177	0.00975633752576547	-0.13136822260611725
Somatotopic	Demand	sub-12	-0.013167502821209143	-0.018509946365414753	0.00534244354420561
Somatotopic	Demand	sub-15	0.1524388382431176	-0.017795922672004687	0.1702347609151223
Somatotopic	Demand	sub-16	0.09486419268929082	-0.01821909388386738	0.11308328657315819
Somatotopic	Demand	sub-17	0.020346030043817274	0.2226315994939855	-0.20228556945016823
Somatotopic	Demand	sub-19	0.20254605719704963	0.028566838386597123	0.1739792188104525
Somatotopic	Demand	sub-20	0.0670740210574634	-0.06560404849869506	0.13267806955615846
Somatotopic	Demand	sub-21	0.10906715660967894	0.20916305220051548	-0.10009589559083654
Somatotopic	Demand	sub-24	0.08658236775617914	0.107122399772656	-0.02054003201647686
Somatotopic	Demand	sub-25	0.06561267134079714	0.0004469174810575583	0.06516575385973958
Somatotopic	Demand	sub-26	-0.13890825345652452	-0.04029374222551415	-0.09861451123101037
Somatotopic	Demand	sub-27	-0.1151118801287484	-0.054003216395993044	-0.06110866373275536
Somatotopic	Demand	sub-29	-0.041604456541158304	-0.12501337072696353	0.08340891418580523
Somatotopic	Demand	sub-30	0.11384399873598236	-0.29263419966941856	0.4064781984054009
Somatotopic	Demand	sub-31	0.21426190649483814	-0.05418549569967715	0.2684474021945153
Somatotopic	Demand	sub-34	0.019266898542036753	-0.08569759993352696	0.10496449847556372
Somatotopic	Demand	sub-35	0.0410579758420916	-0.09645912819518244	0.13751710403727405
Somatotopic	Demand	sub-36	0.0015387312360690259	-0.17736941362074152	0.17890814485681053
Somatotopic	Demand	sub-37	0.14520146007734921	0.08654647256624146	0.05865498751110776
Somatotopic	Demand	sub-38	0.0471222762018136	-0.018634139186796492	0.06575641538861009
Somatotopic	Demand	sub-39	0.08441015780887327	-0.13405370403566727	0.21846386184454053
Somatotopic	Demand	sub-41	-0.04846113449784872	0.012679626104603678	-0.061140760602452396
Somatotopic	Demand	sub-43	0.09420684583772465	0.01362786731365674	0.08057897852406791
Somatotopic	Demand	sub-44	0.03683298479728332	-0.08042007525429917	0.1172530600515825
Somatotopic	Demand	sub-45	0.028319560001712353	-0.16678603717149162	0.19510559717320397
Somatotopic	Demand	sub-46	0.20222887154156516	0.08441939424921223	0.11780947729235293
Somatotopic	Demand	sub-47	-0.059112628771315893	-0.0371274162124507	-0.021985212558865194
Somatotopic	Demand	sub-48	0.060650565071202756	-0.12115022990914823	0.18180079498035098
Somatotopic	Demand	sub-50	-0.13186076816449593	-0.054954230595069854	-0.07690653756942609
Somatotopic	Nishimoto	sub-01	0.06040294702899757	0.204833035073288	-0.14443008804429044
Somatotopic	Nishimoto	sub-02	0.10274927611914669	0.3047326842039382	-0.20198340808479148
Somatotopic	Nishimoto	sub-03	0.06108084601928016	0.24589549716050205	-0.1848146511412219
Somatotopic	Nishimoto	sub-04	0.1200612531833616	0.14699092909978193	-0.02692967591642033
Somatotopic	Nishimoto	sub-05	0.06506582998373917	0.37124603242805426	-0.3061802024443151
Somatotopic	Nishimoto	sub-06	0.021191975861418324	0.19897913952823096	-0.17778716366681263
Somatotopic	IBC	sub-01	0.1920458000462664	0.4640783124038314	-0.272032512357565
Somatotopic	IBC	sub-04	0.1169911400669552	0.699531943921212	-0.5825408038542568
Somatotopic	IBC	sub-05	0.15490532269114682	0.5047386442871099	-0.3498333215959631
Somatotopic	IBC	sub-06	0.13680063143712834	0.5032675007833733	-0.366466869346245
Somatotopic	IBC	sub-07	0.12971052130205643	0.2376050987336284	-0.10789457743157196
Somatotopic	IBC	sub-08	0.05839791649320656	0.19106769926171263	-0.13266978276850608
Somatotopic	IBC	sub-09	0.18179306446707652	0.5667050901780559	-0.3849120257109794
Somatotopic	IBC	sub-11	0.27815374683133937	0.7821650198141221	-0.5040112729827828
Somatotopic	IBC	sub-12	0.22090445313946588	0.45319390276975235	-0.23228944963028647
Somatotopic	IBC	sub-13	0.06817806325724987	0.34299465379300226	-0.27481659053575236
Somatotopic	IBC	sub-14	0.10539573717450063	0.2875968640807318	-0.1822011269062312
Somatotopic	IBC	sub-15	0.007457777607705135	0.15281643747351445	-0.14535865986580931
Somatotopic	HCPur100	sub-101309	0.4372533234459384	0.16584096165714934	0.2714123617887891
Somatotopic	HCPur100	sub-103111	0.43888661627285924	0.4707161923603457	-0.03182957608748643
Somatotopic	HCPur100	sub-103414	0.1668568351274566	0.5591619342293234	-0.3923050991018667
Somatotopic	HCPur100	sub-103818	0.2102251599838287	0.3461364177346881	-0.1359112577508594
Somatotopic	HCPur100	sub-105014	0.2530132532411469	0.36517866712425634	-0.11216541388310947
Somatotopic	HCPur100	sub-105115	0.452745453664795	0.48261198724807464	-0.02986653358327962
Somatotopic	HCPur100	sub-110411	0.22756979961539409	0.34641313929312567	-0.11884333967773159
Somatotopic	HCPur100	sub-117122	0.3480104674042287	0.3769761826277266	-0.02896571522349789
Somatotopic	HCPur100	sub-118730	0.3503729899648944	0.561374143867205	-0.21100115390231056
Somatotopic	HCPur100	sub-123117	0.2039538597427262	0.4603104537472175	-0.2563565940044913
Somatotopic	HCPur100	sub-124422	0.2828833965107808	0.4027847548159867	-0.11990135830520587
Somatotopic	HCPur100	sub-127630	0.35472410599665444	0.25500622230591896	0.09971788369073548
Somatotopic	HCPur100	sub-128632	0.40329928258318126	0.6832350582723233	-0.2799357756891421
Somatotopic	HCPur100	sub-130013	0.31905117973568176	0.44023751650220166	-0.12118633676651991
Somatotopic	HCPur100	sub-130316	0.4193577092757349	0.30755190478540184	0.11180580449033306
Somatotopic	HCPur100	sub-131217	0.05240805770439848	0.47311666492350757	-0.4207086072191091
Somatotopic	HCPur100	sub-153025	0.314795844181055	0.7866665244198777	-0.4718706802388227
Somatotopic	HCPur100	sub-154734	0.3335001635513407	0.3631454910928193	-0.029645327541478583
Somatotopic	HCPur100	sub-156637	0.1861556459641997	0.11763490211323782	0.06852074385096188
Somatotopic	HCPur100	sub-159340	0.26674686916227114	0.534623485648234	-0.2678766164859629
Somatotopic	HCPur100	sub-160123	0.4238932881016577	0.3879092301590044	0.0359840579426533
Somatotopic	HCPur100	sub-161731	0.36886143418218664	0.6376081500858275	-0.26874671590364085
Somatotopic	HCPur100	sub-162733	0.2408211289244325	0.4077131736668483	-0.16689204474241578
Somatotopic	HCPur100	sub-163129	0.4428903657904122	0.6919826636880061	-0.2490922978975939
Somatotopic	HCPur100	sub-178950	0.298533107218152	0.40023515951048777	-0.10170205229233575
Somatotopic	HCPur100	sub-188347	0.4326300511059674	0.732555663900668	-0.29992561279470054
Somatotopic	HCPur100	sub-189450	0.27867871243953546	0.39775794180357643	-0.11907922936404097
Somatotopic	HCPur100	sub-190031	0.2159149952617647	0.26117106221867836	-0.04525606695691367
Somatotopic	HCPur100	sub-196750	0.2673941928989009	0.5984031797414334	-0.33100898684253255
Somatotopic	HCPur100	sub-198451	0.13092916676471242	0.17109475612982067	-0.04016558936510825
Somatotopic	HCPur100	sub-199655	0.36207512122674196	0.45609243561429075	-0.09401731438754879
Somatotopic	HCPur100	sub-201111	0.3818592548267899	0.33994472537362525	0.04191452945316465
Somatotopic	HCPur100	sub-208226	0.19240285680631022	0.504747807466934	-0.31234495066062384
Somatotopic	HCPur100	sub-211417	0.3209902779498371	0.10119734179021186	0.21979293615962522
Somatotopic	HCPur100	sub-211720	0.19386744531712768	0.30529819921586765	-0.11143075389873996
Somatotopic	HCPur100	sub-212318	0.38492307387550956	0.31358811595783365	0.07133495791767591
Somatotopic	HCPur100	sub-214423	0.19194815645933597	0.1857222475941598	0.006225908865176155
Somatotopic	HCPur100	sub-221319	0.14095650070929314	0.9258511876016802	-0.7848946868923871
Somatotopic	HCPur100	sub-239944	0.46537601418450186	0.4542494723898971	0.01112654179460476
Somatotopic	HCPur100	sub-245333	0.2433568279878133	0.09037193788640646	0.15298489010140684
Somatotopic	HCPur100	sub-280739	0.23187325035598638	0.16289522194570416	0.06897802841028222
Somatotopic	HCPur100	sub-298051	0.3435094311990826	0.5739183503950099	-0.23040891919592732
Somatotopic	HCPur100	sub-366446	0.1195078628748078	0.1916798797425782	-0.07217201686777039
Somatotopic	HCPur100	sub-397760	0.3708219005876405	0.4994404223157223	-0.1286185217280818
Somatotopic	HCPur100	sub-414229	0.4940221513012056	0.7030114294682772	-0.20898927816707163
Somatotopic	HCPur100	sub-654754	0.2566724257144959	0.5557314324090391	-0.2990590066945432
Somatotopic	HCPur100	sub-672756	0.4545343970926551	0.018158230147707222	0.43637616694494785
Somatotopic	HCPur100	sub-751348	0.25209231952910777	0.6549142303012518	-0.4028219107721441
Somatotopic	HCPur100	sub-792564	0.23469015134962415	0.3512947207316693	-0.11660456938204514
Somatotopic	HCPur100	sub-899885	0.3377468040837585	0.3494620014610063	-0.011715197377247799
Somatotopic	Somatotopic	sub-01	0.8792514844496646	0.8345797631812574	0.04467172126840724
Somatotopic	Somatotopic	sub-02	0.6841478904144549	0.56083891016149	0.12330898025296488
Somatotopic	Somatotopic	sub-03	0.8745845917378868	0.8183918788534653	0.056192712884421514
Somatotopic	Somatotopic	sub-04	0.9758572726610311	0.9388710783110199	0.03698619435001116
Somatotopic	Somatotopic	sub-05	0.8905137352838864	0.7675471071162103	0.12296662816767612
Somatotopic	Somatotopic	sub-06	0.7444994887812749	0.8262082401543391	-0.08170875137306421
Somatotopic	Somatotopic	sub-07	0.7325970734854493	0.5983392268088737	0.1342578466765756
Somatotopic	Somatotopic	sub-08	0.7060600784578794	0.6234764994270344	0.08258357903084501
Nishimoto	MDTB	sub-02	0.4074258599385024	0.4853004194885799	-0.0778745595500775
Nishimoto	MDTB	sub-03	0.6298610612565986	0.48686960842984506	0.14299145282675352
Nishimoto	MDTB	sub-04	0.43863495701937966	0.38585493019562966	0.05278002682374999
Nishimoto	MDTB	sub-06	0.8547160450724128	0.9677822437672283	-0.11306619869481549
Nishimoto	MDTB	sub-08	0.6293583403483064	0.5781614087281592	0.05119693162014716
Nishimoto	MDTB	sub-09	0.6409261606902537	0.6084242271173397	0.03250193357291398
Nishimoto	MDTB	sub-10	0.9812419499190441	0.888262871885294	0.09297907803375016
Nishimoto	MDTB	sub-12	0.7186764640840351	0.5278796891628657	0.19079677492116942
Nishimoto	MDTB	sub-14	0.5788687316069554	0.4729739591546158	0.10589477245233958
Nishimoto	MDTB	sub-15	0.6104485490162394	0.5626276492469449	0.04782089976929449
Nishimoto	MDTB	sub-17	0.8715607654723204	0.9678987565304173	-0.09633799105809693
Nishimoto	MDTB	sub-18	0.6039603736871835	0.5541614532028374	0.04979892048434609
Nishimoto	MDTB	sub-19	0.8638441535563667	0.8254696431660611	0.038374510390305594
Nishimoto	MDTB	sub-20	0.6840463579844447	0.7058557437112533	-0.021809385726808572
Nishimoto	MDTB	sub-21	0.5158601950431586	0.47424323225067455	0.04161696279248406
Nishimoto	MDTB	sub-22	0.7916954942389123	0.6445778805300596	0.14711761370885268
Nishimoto	MDTB	sub-24	0.6759823517231376	0.6962073935661964	-0.020225041843058844
Nishimoto	MDTB	sub-25	0.7202717458401281	0.7670967348452358	-0.046824989005107676
Nishimoto	MDTB	sub-26	0.6874299716553817	0.5609370906159701	0.1264928810394116
Nishimoto	MDTB	sub-27	0.7696335761818662	0.7011837547928834	0.06844982138898281
Nishimoto	MDTB	sub-28	0.6029926422013283	0.47937993171376864	0.12361271048755967
Nishimoto	MDTB	sub-29	0.44095434303039793	0.408109396466965	0.03284494656343295
Nishimoto	MDTB	sub-30	0.48926745405602123	0.3227981753460631	0.16646927870995815
Nishimoto	MDTB	sub-31	0.7264742792446968	0.6795142750646677	0.0469600041800291
Nishimoto	Language	sub-01	0.4138542421371351	0.38917733992923614	0.024676902207898976
Nishimoto	Language	sub-02	0.5247437363769911	0.40277282134109293	0.12197091503589819
Nishimoto	Language	sub-03	0.218306269964235	0.1042370452826821	0.1140692246815529
Nishimoto	Language	sub-04	0.707017451642653	0.599142183565343	0.10787526807730996
Nishimoto	Language	sub-06	0.7442566502276197	0.6547179034754702	0.08953874675214946
Nishimoto	Language	sub-07	0.9748448525434378	0.9200630361225639	0.054781816420873874
Nishimoto	Language	sub-08	0.7789933195412141	0.7412906418583516	0.03770267768286251
Nishimoto	Language	sub-09	0.7712744578188543	0.7113272830188041	0.059947174800050185
Nishimoto	Language	sub-10	0.5251698092700814	0.49170434003760316	0.03346546923247823
Nishimoto	Language	sub-12	0.619884262287733	0.7492242430477382	-0.1293399807600052
Nishimoto	Language	sub-13	0.7456321920311973	0.7284207842212786	0.0172114078099187
Nishimoto	Language	sub-14	0.7260571092425783	0.7607317101540104	-0.03467460091143215
Nishimoto	Language	sub-15	0.847486276647509	0.7274613981978281	0.1200248784496809
Nishimoto	Language	sub-16	0.6886027243299231	0.8454586020621048	-0.15685587773218168
Nishimoto	Language	sub-17	0.8421613253513557	0.8741117370007443	-0.03195041164938861
Nishimoto	Language	sub-18	0.5814265560386768	0.6613305147721725	-0.07990395873349576
Nishimoto	Language	sub-19	0.6887581942386528	0.6868882462782436	0.0018699479604091795
Nishimoto	Social	sub-03	0.19222128796572951	0.024282162195991268	0.16793912576973824
Nishimoto	Social	sub-04	0.9472393010715645	1.0258653512337017	-0.0786260501621372
Nishimoto	Social	sub-05	0.32521361483339023	0.2477025852811105	0.07751102955227973
Nishimoto	Social	sub-07	0.8821422781650734	0.7698701582797753	0.11227211988529806
Nishimoto	Social	sub-08	1.1648908781681777	1.067950269856691	0.09694060831148676
Nishimoto	Social	sub-09	0.7371780893682423	0.6824672411188382	0.05471084824940409
Nishimoto	Social	sub-10	0.666437723981626	0.5400619637856486	0.1263757601959774
Nishimoto	Social	sub-11	0.2476815184981462	0.14052315650495004	0.10715836199319617
Nishimoto	Social	sub-12	0.36687123474359273	0.31099318073608334	0.05587805400750939
Nishimoto	Social	sub-13	0.4516202798539965	0.3938684069615009	0.057751872892495615
Nishimoto	Social	sub-14	0.8459839262622619	0.8096389354447289	0.03634499081753306
Nishimoto	Social	sub-16	0.9927388927314559	1.0141755666903676	-0.02143667395891169
Nishimoto	Social	sub-17	0.9035842419633433	0.9211904665040498	-0.017606224540706483
Nishimoto	Social	sub-18	0.3648510462485851	0.39178973462984484	-0.026938688381259734
Nishimoto	Social	sub-19	0.5454619312070538	0.7301060476680181	-0.18464411646096435
Nishimoto	Social	sub-20	0.9794116801983194	0.9294136380994859	0.04999804209883352
Nishimoto	Social	sub-21	0.9420292192768965	0.9163453040565098	0.02568391522038671
Nishimoto	Social	sub-22	0.4396414613541781	0.3841108939702873	0.05553056738389078
Nishimoto	Social	sub-24	0.18222724211393235	0.14809098059404163	0.034136261519890715
Nishimoto	Social	sub-25	1.425560755927363	1.4556059566610138	-0.03004520073365069
Nishimoto	Social	sub-26	0.8432188017691142	0.7582738739930488	0.08494492777606544
Nishimoto	Social	sub-27	1.3461895451451686	1.289820360976174	0.05636918416899461
Nishimoto	WMFS	sub-01	0.7298261920162185	0.7061596298669554	0.023666562149263104
Nishimoto	WMFS	sub-02	0.3245361676592374	0.2523556945903928	0.07218047306884456
Nishimoto	WMFS	sub-03	0.6247122055992618	0.6058742812112297	0.018837924388032112
Nishimoto	WMFS	sub-04	0.9315256174910953	0.9310897803362468	0.00043583715484851737
Nishimoto	WMFS	sub-05	0.8176636790893436	0.7654701381368563	0.052193540952487294
Nishimoto	WMFS	sub-06	0.7739384625139988	0.7738951321348503	4.3330379148498466e-05
Nishimoto	WMFS	sub-07	1.0452839109905803	1.0864750536158525	-0.04119114262527224
Nishimoto	WMFS	sub-08	0.38540008624006544	0.2440153341572125	0.14138475208285295
Nishimoto	WMFS	sub-09	0.6664891869088035	0.7055660042058445	-0.03907681729704093
Nishimoto	WMFS	sub-10	0.9665010576724182	1.0021965565734139	-0.03569549890099566
Nishimoto	WMFS	sub-11	1.0179934259915338	1.0707121808908973	-0.05271875489936351
Nishimoto	WMFS	sub-12	0.12097405212154619	0.03239070948477254	0.08858334263677364
Nishimoto	WMFS	sub-13	0.859417686074686	0.8380871654007611	0.021330520673924935
Nishimoto	WMFS	sub-14	0.44395988718212503	0.36722487100409684	0.07673501617802819
Nishimoto	WMFS	sub-15	1.2044091276778839	1.2908273100249934	-0.08641818234710952
Nishimoto	WMFS	sub-16	0.8772136929926592	0.928813617322066	-0.051599924329406854
Nishimoto	Demand	sub-01	0.9381795018859478	0.8909126521277496	0.04726684975819817
Nishimoto	Demand	sub-02	0.9679511676211147	0.919998440316542	0.04795272730457267
Nishimoto	Demand	sub-05	0.8230013268652916	0.8537569511566712	-0.03075562429137957
Nishimoto	Demand	sub-06	0.7950276473303239	0.7756783502667991	0.01934929706352484
Nishimoto	Demand	sub-07	0.8062629526987176	0.8058743610975387	0.00038859160117887814
Nishimoto	Demand	sub-08	0.6584698139505195	0.6939424490667458	-0.035472635116226336
Nishimoto	Demand	sub-09	0.8498348345562932	0.8410979901952851	0.008736844361008078
Nishimoto	Demand	sub-10	0.6900317269489679	0.723866591439971	-0.03383486449100315
Nishimoto	Demand	sub-11	0.7087815169517471	0.7615559806990309	-0.052774463747283784
Nishimoto	Demand	sub-12	0.7751255727376477	0.801319028688512	-0.02619345595086431
Nishimoto	Demand	sub-15	0.5533783658759512	0.5470651125490529	0.00631325332689836
Nishimoto	Demand	sub-16	0.6206817946390547	0.63221323244878	-0.01153143780972532
Nishimoto	Demand	sub-17	0.40644028029157797	0.46432349593084876	-0.05788321563927079
Nishimoto	Demand	sub-19	0.6077336272185156	0.6046859296204311	0.003047697598084542
Nishimoto	Demand	sub-20	0.9177143582900309	0.894093591028046	0.02362076726198492
Nishimoto	Demand	sub-21	0.7158535683276196	0.7887958427917271	-0.0729422744641075
Nishimoto	Demand	sub-24	0.6037617647814192	0.6363657303479039	-0.032603965566484705
Nishimoto	Demand	sub-25	0.6422794187381369	0.6205259977885975	0.02175342094953936
Nishimoto	Demand	sub-26	0.42122449336635437	0.48674114640103733	-0.06551665303468296
Nishimoto	Demand	sub-27	0.7173904575200135	0.7039077406036913	0.01348271691632219
Nishimoto	Demand	sub-29	0.9024341824947064	0.8704328156709621	0.032001366823744326
Nishimoto	Demand	sub-30	0.9904497064483897	0.9354937332895552	0.05495597315883449
Nishimoto	Demand	sub-31	0.9042917175656695	0.8999302669257506	0.004361450639918885
Nishimoto	Demand	sub-34	0.8196065014768942	0.7830869088825131	0.03651959259438109
Nishimoto	Demand	sub-35	0.6469166553122553	0.6390555091034161	0.007861146208839154
Nishimoto	Demand	sub-36	0.6826321536568908	0.6461364962182593	0.03649565743863148
Nishimoto	Demand	sub-37	0.48829753056748826	0.48813350656335125	0.0001640240041370089
Nishimoto	Demand	sub-38	0.9568856307992443	0.9703026909810951	-0.013417060181850848
Nishimoto	Demand	sub-39	0.7926428071189764	0.7613596424423635	0.03128316467661285
Nishimoto	Demand	sub-41	0.6482200424155882	0.6569524344735567	-0.008732392057968497
Nishimoto	Demand	sub-43	0.5919702876066189	0.5821809787248632	0.009789308881755665
Nishimoto	Demand	sub-44	0.8857556734863341	0.8782967005618662	0.007458972924467955
Nishimoto	Demand	sub-45	0.8577537881867939	0.8368782596318087	0.0208755285549852
Nishimoto	Demand	sub-46	0.8598656448268513	0.8484075345649383	0.011458110261913013
Nishimoto	Demand	sub-47	0.6544934992772563	0.6682039233411472	-0.013710424063890891
Nishimoto	Demand	sub-48	0.8912315733348745	0.8376205031893685	0.053611070145505924
Nishimoto	Demand	sub-50	0.5414134694035317	0.6324871302468623	-0.09107366084333057
Nishimoto	Somatotopic	sub-01	0.3534516323979683	0.3920665283052774	-0.0386148959073091
Nishimoto	Somatotopic	sub-02	0.3020943227248507	0.29987352134785134	0.0022208013769993706
Nishimoto	Somatotopic	sub-03	0.3125419230723732	0.43218355747969667	-0.11964163440732345
Nishimoto	Somatotopic	sub-04	0.25669646080958003	0.4555922299647278	-0.19889576915514778
Nishimoto	Somatotopic	sub-05	0.07808604337777313	0.39844093541971276	-0.3203548920419396
Nishimoto	Somatotopic	sub-06	0.41736150423087365	0.5814044791448302	-0.16404297491395653
Nishimoto	Somatotopic	sub-07	0.2001798281337165	0.2923639693340281	-0.0921841412003116
Nishimoto	Somatotopic	sub-08	0.09472695564788101	0.31576547995220905	-0.22103852430432802
Nishimoto	IBC	sub-01	0.4725794805389746	0.5159248334690931	-0.04334535293011854
Nishimoto	IBC	sub-04	0.8389883177436606	0.9238945010725499	-0.08490618332888933
Nishimoto	IBC	sub-05	0.47261322265505107	0.6533915431882669	-0.1807783205332158
Nishimoto	IBC	sub-06	0.5806133113699271	0.6721976731208098	-0.09158436175088269
Nishimoto	IBC	sub-07	0.41568948024162994	0.33456286738572005	0.08112661285590989
Nishimoto	IBC	sub-08	0.23638929969312245	0.252565528569889	-0.016176228876766563
Nishimoto	IBC	sub-09	0.5839240927059361	0.667949505197728	-0.08402541249179185
Nishimoto	IBC	sub-11	0.8203337655397671	0.9509352051437562	-0.13060143960398907
Nishimoto	IBC	sub-12	0.689440974798938	0.7198818188224135	-0.030440844023475577
Nishimoto	IBC	sub-13	0.48184553199219726	0.4820481591671929	-0.00020262717499563987
Nishimoto	IBC	sub-14	0.4488826172701492	0.46661704909737217	-0.017734431827222952
Nishimoto	IBC	sub-15	0.36894919111909896	0.324209704292885	0.04473948682621398
Nishimoto	HCPur100	sub-101309	0.1274001244260922	-0.09098619278376162	0.2183863172098538
Nishimoto	HCPur100	sub-103111	0.5307608870832466	0.5104469205294647	0.020313966553781926
Nishimoto	HCPur100	sub-103414	0.7997304166623002	0.9002479452500427	-0.10051752858774254
Nishimoto	HCPur100	sub-103818	0.6253852642150637	0.5736480963128503	0.05173716790221339
Nishimoto	HCPur100	sub-105014	0.32821012541816097	0.3986181876384877	-0.07040806222032675
Nishimoto	HCPur100	sub-105115	0.5451766641930549	0.5330952592678796	0.012081404925175288
Nishimoto	HCPur100	sub-110411	0.12662496750512847	0.2769194983841567	-0.15029453087902822
Nishimoto	HCPur100	sub-117122	0.7650692549563666	0.6398894716882358	0.12517978326813073
Nishimoto	HCPur100	sub-118730	0.4527564921667394	0.5679024350848999	-0.1151459429181605
Nishimoto	HCPur100	sub-123117	0.5413321896488412	0.643037277837951	-0.10170508818910973
Nishimoto	HCPur100	sub-124422	0.6806773563928478	0.6624177976577388	0.018259558735108983
Nishimoto	HCPur100	sub-127630	0.6560130920431194	0.5172303481051166	0.13878274393800283
Nishimoto	HCPur100	sub-128632	0.5559220343919393	0.7226828020494162	-0.16676076765747683
Nishimoto	HCPur100	sub-130013	0.7528508087392222	0.7535910559884574	-0.0007402472492352707
Nishimoto	HCPur100	sub-130316	0.4933182302905231	0.42876892149616613	0.06454930879435694
Nishimoto	HCPur100	sub-131217	0.5059222342025035	0.6539641094120104	-0.14804187520950696
Nishimoto	HCPur100	sub-153025	0.9897102177350959	1.0911167112411784	-0.10140649350608244
Nishimoto	HCPur100	sub-154734	0.6935528588908006	0.6185015762091878	0.07505128268161287
Nishimoto	HCPur100	sub-156637	0.3065673523501373	0.24108453534545798	0.06548281700467934
Nishimoto	HCPur100	sub-159340	0.7009271252575999	0.7720269705481422	-0.07109984529054225
Nishimoto	HCPur100	sub-160123	0.6329391475081741	0.6321026591432092	0.0008364883649649713
Nishimoto	HCPur100	sub-161731	0.7825420096330458	0.911818704897607	-0.1292766952645612
Nishimoto	HCPur100	sub-162733	0.5957011328104166	0.705553864362198	-0.10985273155178144
Nishimoto	HCPur100	sub-163129	0.8651940047067185	0.9917566122242673	-0.12656260751754878
Nishimoto	HCPur100	sub-178950	0.5108126029376884	0.5327519310251654	-0.021939328087477006
Nishimoto	HCPur100	sub-188347	0.8644466061815145	0.9975572185084494	-0.13311061232693489
Nishimoto	HCPur100	sub-189450	0.4362148950524816	0.45399417537047626	-0.01777928031799464
Nishimoto	HCPur100	sub-190031	0.7223235467705759	0.5516117290272083	0.17071181774336752
Nishimoto	HCPur100	sub-196750	0.6287040396114798	0.7178058120487604	-0.08910177243728057
Nishimoto	HCPur100	sub-198451	0.20718627726426966	0.14090120456685368	0.06628507269741599
Nishimoto	HCPur100	sub-199655	0.5709326228544137	0.4777942465761211	0.09313837627829263
Nishimoto	HCPur100	sub-201111	0.3552825204871133	0.34730938279045376	0.007973137696659527
Nishimoto	HCPur100	sub-208226	0.2449863240253346	0.3670349723181717	-0.12204864829283713
Nishimoto	HCPur100	sub-211417	0.7221510416075554	0.4987520742753693	0.22339896733218612
Nishimoto	HCPur100	sub-211720	0.3482441147301607	0.415550212381569	-0.06730609765140827
Nishimoto	HCPur100	sub-212318	0.5337154250585343	0.5041688398962392	0.029546585162295136
Nishimoto	HCPur100	sub-214423	0.45970825140236105	0.33804084350801766	0.12166740789434338
Nishimoto	HCPur100	sub-221319	0.7957110924977167	1.173128809412223	-0.3774177169145063
Nishimoto	HCPur100	sub-239944	0.41696626177862	0.46804004218865536	-0.05107378041003535
Nishimoto	HCPur100	sub-245333	0.42807674596134526	0.22731736358909	0.20075938237225527
Nishimoto	HCPur100	sub-280739	0.4338244174218022	0.3852253748068323	0.048599042614969945
Nishimoto	HCPur100	sub-298051	0.607199278985767	0.7446943191935639	-0.1374950402077969
Nishimoto	HCPur100	sub-366446	0.13867449286104555	0.13092340755444803	0.007751085306597516
Nishimoto	HCPur100	sub-397760	0.8030394987066496	0.8616710484317374	-0.05863154972508777
Nishimoto	HCPur100	sub-414229	1.022141850914794	1.1340872443516976	-0.11194539343690368
Nishimoto	HCPur100	sub-654754	0.43825649040040426	0.659871880172735	-0.22161538977233075
Nishimoto	HCPur100	sub-672756	0.38148306649865427	0.06402138574009225	0.317461680758562
Nishimoto	HCPur100	sub-751348	0.6868621120553897	0.9264048606650778	-0.23954274860968805
Nishimoto	HCPur100	sub-792564	0.6164779378392368	0.6090506899904279	0.007427247848808882
Nishimoto	HCPur100	sub-899885	0.747868004535397	0.6186652071686525	0.12920279736674456
Nishimoto	Nishimoto	sub-01	0.479056838936694	0.5259782736220184	-0.04692143468532445
Nishimoto	Nishimoto	sub-02	0.5183101605772283	0.5672635591086986	-0.048953398531470294
Nishimoto	Nishimoto	sub-03	0.4870592551542069	0.561143047663206	-0.0740837925089991
Nishimoto	Nishimoto	sub-04	0.3397815268319509	0.38884094541481407	-0.04905941858286317
Nishimoto	Nishimoto	sub-05	0.4838186732657142	0.5631146505513036	-0.0792959772855894
Nishimoto	Nishimoto	sub-06	0.5387777179147327	0.6284546514568097	-0.08967693354207695
IBC	MDTB	sub-02	0.6288838489764716	0.5602996564322574	0.06858419254421422
IBC	MDTB	sub-03	0.5475727003087053	0.2751312382898815	0.2724414620188238
IBC	MDTB	sub-04	0.459695666760095	0.2924293328262973	0.1672663339337977
IBC	MDTB	sub-06	0.6627487645090793	0.7726874458740356	-0.10993868136495633
IBC	MDTB	sub-08	0.6320563503539496	0.44959818680524616	0.18245816354870342
IBC	MDTB	sub-09	0.5594516217030836	0.42758974415645995	0.13186187754662365
IBC	MDTB	sub-10	0.7421728268274305	0.5419161117412079	0.20025671508622256
IBC	MDTB	sub-12	0.7824765745599566	0.33032472264503243	0.45215185191492413
IBC	MDTB	sub-14	0.7179328364650113	0.3858189306326464	0.3321139058323649
IBC	MDTB	sub-15	0.5336674617197787	0.3550846054551727	0.17858285626460607
IBC	MDTB	sub-17	0.6983576840778112	0.7443757607255771	-0.046018076647765915
IBC	MDTB	sub-18	0.5666914912953765	0.39484208757909633	0.1718494037162802
IBC	MDTB	sub-19	0.8143632404232378	0.5911639136899844	0.22319932673325338
IBC	MDTB	sub-20	0.5410448087282168	0.5155767021304963	0.025468106597720475
IBC	MDTB	sub-21	0.4356294780038204	0.3645817555158653	0.0710477224879551
IBC	MDTB	sub-22	0.9539823163957537	0.5516413351164005	0.40234098127935325
IBC	MDTB	sub-24	0.5129251172641007	0.5534298364508213	-0.040504719186720606
IBC	MDTB	sub-25	0.6336536055979003	0.6298626848308297	0.003790920767070549
IBC	MDTB	sub-26	0.7453126953835085	0.4126760170009635	0.332636678382545
IBC	MDTB	sub-27	0.7966215978565566	0.5483261357607965	0.24829546209576014
IBC	MDTB	sub-28	0.7799538812125568	0.4271344137884601	0.3528194674240967
IBC	MDTB	sub-29	0.525268463276982	0.30188439839003395	0.223384064886948
IBC	MDTB	sub-30	0.49304912023778735	0.13987409754077662	0.35317502269701073
IBC	MDTB	sub-31	0.6088711861163284	0.5049424072979766	0.10392877881835183
IBC	Language	sub-01	0.49382073608474253	0.3754671807739553	0.11835355531078723
IBC	Language	sub-02	0.6017705836235201	0.34573484854264963	0.25603573508087046
IBC	Language	sub-03	0.2370541558278583	0.061040947062600916	0.1760132087652574
IBC	Language	sub-04	0.6964064256585448	0.5354541146141195	0.1609523110444253
IBC	Language	sub-06	0.6443784662089179	0.5018818039265581	0.1424966622823598
IBC	Language	sub-07	0.8949822916748568	0.7041292923143534	0.19085299936050337
IBC	Language	sub-08	0.5428461803048399	0.5431248214870961	-0.0002786411822561785
IBC	Language	sub-09	0.6798828312929855	0.6060043658402551	0.07387846545273047
IBC	Language	sub-10	0.45899817692978634	0.3489924984759273	0.11000567845385906
IBC	Language	sub-12	0.6613737045496885	0.7461768665698493	-0.0848031620201608
IBC	Language	sub-13	0.7745049247668883	0.625107001325886	0.14939792344100222
IBC	Language	sub-14	0.7663162289624602	0.7473171151177479	0.018999113844712312
IBC	Language	sub-15	0.7792135476395239	0.49014159584608824	0.28907195179343564
IBC	Language	sub-16	0.5557308903632242	0.7843512643651719	-0.22862037400194768
IBC	Language	sub-17	0.8170605613356466	0.7861362204783426	0.030924340857304
IBC	Language	sub-18	0.46677876052285255	0.6226441611437749	-0.1558654006209223
IBC	Language	sub-19	0.45730201203777443	0.553226995673038	-0.09592498363526358
IBC	Social	sub-03	0.42629772873826705	0.08021196138593528	0.34608576735233176
IBC	Social	sub-04	0.9101019223519969	1.065266748972269	-0.15516482662027198
IBC	Social	sub-05	0.38262129056344313	0.2700327638937863	0.11258852666965685
IBC	Social	sub-07	0.9892262318927171	0.801727557626587	0.1874986742661301
IBC	Social	sub-08	1.054272507833511	0.8191566982966458	0.23511580953686506
IBC	Social	sub-09	0.8725780387277395	0.61986421055549	0.2527138281722495
IBC	Social	sub-10	0.7255407999871673	0.44179161351832974	0.2837491864688375
IBC	Social	sub-11	0.22134693840595204	0.00777532433124363	0.21357161407470843
IBC	Social	sub-12	0.48968072584464517	0.33698704525889633	0.15269368058574884
IBC	Social	sub-13	0.5325143982676928	0.4189576743623307	0.11355672390536203
IBC	Social	sub-14	0.7858558080665031	0.7153001526161481	0.07055565545035503
IBC	Social	sub-16	0.894374485912469	0.9693886482850539	-0.07501416237258485
IBC	Social	sub-17	0.7449754969916964	0.7595746731424146	-0.014599176150718152
IBC	Social	sub-18	0.2337977377435886	0.39764460100519666	-0.16384686326160805
IBC	Social	sub-19	0.26128912816204747	0.6261879502145599	-0.3648988220525124
IBC	Social	sub-20	0.8688016543417667	0.7822195977554399	0.08658205658632678
IBC	Social	sub-21	0.9534364938753619	0.8701976112652442	0.08323888261011769
IBC	Social	sub-22	0.5406815265743539	0.40727419812146654	0.13340732845288733
IBC	Social	sub-24	0.16809374275519284	0.14261033272519827	0.025483410029994574
IBC	Social	sub-25	1.1141913521874547	1.292251226415866	-0.1780598742284114
IBC	Social	sub-26	0.8341841374886754	0.6659895915422619	0.16819454594641348
IBC	Social	sub-27	1.2287000633942726	1.167001187377659	0.061698876016613724
IBC	WMFS	sub-01	0.47806760128834896	0.6020090349278177	-0.12394143363946869
IBC	WMFS	sub-02	-0.10636767456551033	0.1771259336358412	-0.2834936082013515
IBC	WMFS	sub-03	0.6897297015755232	0.6649109458091879	0.0248187557663353
IBC	WMFS	sub-04	0.9184804820056109	0.9320736694134548	-0.013593187407843876
IBC	WMFS	sub-05	0.7407064557585586	0.7632316739680927	-0.022525218209534015
IBC	WMFS	sub-06	0.8974987874182982	0.793146069200206	0.10435271821809222
IBC	WMFS	sub-07	1.0186565472108295	1.0234519174338068	-0.004795370222977269
IBC	WMFS	sub-08	0.26085998966249646	0.3292161865893924	-0.06835619692689593
IBC	WMFS	sub-09	0.6862720032926392	0.6387492469179686	0.047522756374670516
IBC	WMFS	sub-10	0.9140838611883647	0.9668004799011446	-0.052716618712779884
IBC	WMFS	sub-11	1.17134433504151	1.0881222974001676	0.0832220376413424
IBC	WMFS	sub-12	0.21375153254441193	0.049210691197840065	0.16454084134657188
IBC	WMFS	sub-13	0.6722317096686546	0.805430497114306	-0.1331987874456514
IBC	WMFS	sub-14	0.25588414216729294	0.3277421518958924	-0.07185800972859946
IBC	WMFS	sub-15	1.1070677628588013	1.2191850059304092	-0.11211724307160797
IBC	WMFS	sub-16	1.0056295096724983	0.9715198227703513	0.034109686902146996
IBC	Demand	sub-01	0.8474795989259596	0.6358690026837112	0.21161059624224843
IBC	Demand	sub-02	0.9075959948382042	0.7812858909218421	0.1263101039163621
IBC	Demand	sub-05	0.8658223711983981	0.7966754172341028	0.06914695396429527
IBC	Demand	sub-06	0.7702686343240279	0.6631665563849882	0.1071020779390397
IBC	Demand	sub-07	0.834078091031224	0.6945784016853515	0.13949968934587254
IBC	Demand	sub-08	0.6798318704926285	0.6104292542153155	0.06940261627731303
IBC	Demand	sub-09	0.8604794906778278	0.7802681112499418	0.08021137942788603
IBC	Demand	sub-10	0.808210504712065	0.702973996785419	0.10523650792664596
IBC	Demand	sub-11	0.8751211017459962	0.8275460630878018	0.04757503865819446
IBC	Demand	sub-12	0.7487775415648833	0.6654470957300102	0.08333044583487315
IBC	Demand	sub-15	0.580696773781683	0.4399302116584171	0.14076656212326594
IBC	Demand	sub-16	0.7901408117817477	0.6727516846443652	0.11738912713738248
IBC	Demand	sub-17	0.47739198819901696	0.546600731526464	-0.06920874332744709
IBC	Demand	sub-19	0.7594321474158591	0.5401035478115604	0.21932859960429862
IBC	Demand	sub-20	0.9072645693625996	0.7255119535472232	0.18175261581537638
IBC	Demand	sub-21	0.7945664423384966	0.8258870099785193	-0.03132056764002267
IBC	Demand	sub-24	0.7177161660584527	0.5915520170285479	0.1261641490299048
IBC	Demand	sub-25	0.6510211832061857	0.6161315623858106	0.03488962082037517
IBC	Demand	sub-26	0.5241621941631524	0.48026010594411267	0.04390208821903968
IBC	Demand	sub-27	0.7566424427697254	0.6749581307883501	0.08168431198137527
IBC	Demand	sub-29	0.8250291104253337	0.7176270311673243	0.10740207925800938
IBC	Demand	sub-30	0.8832589430383915	0.631517926065963	0.25174101697242846
IBC	Demand	sub-31	0.8897682302903338	0.7327253799416281	0.1570428503487057
IBC	Demand	sub-34	0.7825170050417856	0.680934182820649	0.10158282222113657
IBC	Demand	sub-35	0.6600546760409901	0.5446464802227828	0.11540819581820727
IBC	Demand	sub-36	0.6352881302136705	0.5027685379905178	0.13251959222315268
IBC	Demand	sub-37	0.5525179176367286	0.4141419709676629	0.13837594666906572
IBC	Demand	sub-38	0.9658721900108227	0.9101020706054693	0.05577011940535337
IBC	Demand	sub-39	0.8144641778536267	0.6554298868083098	0.15903429104531686
IBC	Demand	sub-41	0.7434086586898357	0.6554323959708577	0.08797626271897807
IBC	Demand	sub-43	0.5771010688104515	0.5091670995548492	0.06793396925560236
IBC	Demand	sub-44	0.865720229933473	0.7778999153227085	0.08782031461076445
IBC	Demand	sub-45	0.7749930223348132	0.6290625404054664	0.14593048192934677
IBC	Demand	sub-46	0.9027437026162284	0.7903388632755879	0.1124048393406405
IBC	Demand	sub-47	0.7296387289208093	0.6787173073100857	0.05092142161072355
IBC	Demand	sub-48	0.8631727943612751	0.689881760665578	0.1732910336956971
IBC	Demand	sub-50	0.6300672227505757	0.5310417180359065	0.0990255047146692
IBC	Somatotopic	sub-01	0.5982663351204551	0.5500134747484241	0.048252860372031026
IBC	Somatotopic	sub-02	0.5360751416910864	0.43131679682095986	0.10475834487012653
IBC	Somatotopic	sub-03	0.4083734223031948	0.41198233823616787	-0.003608915932973078
IBC	Somatotopic	sub-04	0.3818936372741587	0.5426463854189248	-0.16075274814476614
IBC	Somatotopic	sub-05	0.3389891619822816	0.4295280340334122	-0.09053887205113065
IBC	Somatotopic	sub-06	0.4882772913737161	0.6622780202239158	-0.17400072885019968
IBC	Somatotopic	sub-07	0.5004223879938097	0.36692746415121413	0.13349492384259554
IBC	Somatotopic	sub-08	0.3842003646731414	0.45133761765036	-0.06713725297721862
IBC	Nishimoto	sub-01	0.3610456700175969	0.38193838152581705	-0.02089271150822014
IBC	Nishimoto	sub-02	0.34844501679218487	0.390395917229457	-0.04195090043727212
IBC	Nishimoto	sub-03	0.4017466621645893	0.3845662889489007	0.017180373215688605
IBC	Nishimoto	sub-04	0.34775714614693554	0.3236977111788806	0.02405943496805496
IBC	Nishimoto	sub-05	0.2811674418626851	0.4901812262030472	-0.2090137843403621
IBC	Nishimoto	sub-06	0.40799483945193543	0.4186917593531981	-0.010696919901262647
IBC	HCPur100	sub-101309	0.4542704835970488	-0.07131540140028039	0.5255858849973292
IBC	HCPur100	sub-103111	0.7353452935780038	0.5599578816019308	0.175387411976073
IBC	HCPur100	sub-103414	0.921117545324174	0.9424145117223882	-0.021296966398214212
IBC	HCPur100	sub-103818	0.6343301212776138	0.537418810616077	0.0969113106615368
IBC	HCPur100	sub-105014	0.507373683172513	0.43299497660959574	0.07437870656291723
IBC	HCPur100	sub-105115	0.5808638171527859	0.5174697286908659	0.06339408846191996
IBC	HCPur100	sub-110411	0.2646653820338561	0.38874376721727566	-0.12407838518341957
IBC	HCPur100	sub-117122	0.8542037658432211	0.621252825763357	0.23295094007986406
IBC	HCPur100	sub-118730	0.5105181639358723	0.5811961299973604	-0.07067796606148802
IBC	HCPur100	sub-123117	0.598681412737987	0.6676253208427355	-0.06894390810474849
IBC	HCPur100	sub-124422	0.6852640015938012	0.6413460953323004	0.04391790626150083
IBC	HCPur100	sub-127630	0.5488577146159356	0.43093924440921466	0.11791847020672092
IBC	HCPur100	sub-128632	0.8576432564867487	0.8489084287109221	0.00873482777582657
IBC	HCPur100	sub-130013	0.7819323686015881	0.7542727183909291	0.02765965021065897
IBC	HCPur100	sub-130316	0.5493348250029495	0.43195277197044324	0.11738205303250626
IBC	HCPur100	sub-131217	0.735641096178484	0.7929406987208982	-0.057299602542414174
IBC	HCPur100	sub-153025	0.8308736626897396	1.0764511123514244	-0.24557744966168482
IBC	HCPur100	sub-154734	0.772369832483803	0.6024520801915215	0.16991775229228145
IBC	HCPur100	sub-156637	0.3403029548623868	0.253456069741158	0.08684688512122885
IBC	HCPur100	sub-159340	0.703918946990509	0.7959303693866427	-0.09201142239613369
IBC	HCPur100	sub-160123	0.6395375210263196	0.6401150479903503	-0.0005775269640307945
IBC	HCPur100	sub-161731	0.9737265266848089	0.9672500453479262	0.006476481336882611
IBC	HCPur100	sub-162733	0.7630625858490945	0.7107147226623259	0.05234786318676854
IBC	HCPur100	sub-163129	0.9145737537025176	1.0252729263612201	-0.11069917265870255
IBC	HCPur100	sub-178950	0.6218006764288195	0.5752619075038454	0.046538768924974105
IBC	HCPur100	sub-188347	1.0449284546152833	1.0957557727968756	-0.05082731818159236
IBC	HCPur100	sub-189450	0.5415260495342575	0.5168534248916286	0.024672624642628982
IBC	HCPur100	sub-190031	0.667218804783089	0.5006368085098122	0.16658199627327686
IBC	HCPur100	sub-196750	0.5498349795522913	0.7496235041042661	-0.19978852455197482
IBC	HCPur100	sub-198451	0.26214944619999075	0.15741979693503078	0.10472964926495998
IBC	HCPur100	sub-199655	0.7653681781133428	0.5077004296928117	0.2576677484205311
IBC	HCPur100	sub-201111	0.5888633070422011	0.4313642350583181	0.15749907198388302
IBC	HCPur100	sub-208226	0.2790228597458172	0.4012627501180345	-0.12223989037221727
IBC	HCPur100	sub-211417	0.472072373319123	0.33112852935218523	0.14094384396693777
IBC	HCPur100	sub-211720	0.32302260577983327	0.4312237297067085	-0.10820112392687525
IBC	HCPur100	sub-212318	0.4701300088669277	0.5034144603368453	-0.03328445146991765
IBC	HCPur100	sub-214423	0.4038957080685741	0.3555303559200968	0.048365352148477314
IBC	HCPur100	sub-221319	0.6805780546316461	1.2495597477386013	-0.5689816931069552
IBC	HCPur100	sub-239944	0.6989503351974392	0.5490624981238978	0.14988783707354136
IBC	HCPur100	sub-245333	0.4629104648124959	0.20142353146408476	0.26148693334841117
IBC	HCPur100	sub-280739	0.46094520243354503	0.35849352452489214	0.1024516779086529
IBC	HCPur100	sub-298051	0.731059776289039	0.8104646823953796	-0.07940490610634066
IBC	HCPur100	sub-366446	0.14083403123961688	0.11625582422266999	0.024578207016946893
IBC	HCPur100	sub-397760	0.8466768495571942	0.892293943788424	-0.04561709423122973
IBC	HCPur100	sub-414229	1.1247849688727745	1.1652550724618993	-0.04047010358912484
IBC	HCPur100	sub-654754	0.4899906865465186	0.6710334913842659	-0.18104280483774732
IBC	HCPur100	sub-672756	0.29444990773349455	0.009244802009402496	0.2852051057240921
IBC	HCPur100	sub-751348	0.7751628884554911	0.9705935876815458	-0.19543069922605472
IBC	HCPur100	sub-792564	0.7458523678828088	0.5911512950700736	0.15470107281273526
IBC	HCPur100	sub-899885	1.0141173008267732	0.6571041307662886	0.3570131700604846
IBC	IBC	sub-01	0.5690647433608896	0.6966404698609101	-0.12757572650002047
IBC	IBC	sub-04	1.0284238743336143	1.0514428400270588	-0.023018965693444526
IBC	IBC	sub-05	0.6708868569099152	0.7541869705683194	-0.08330011365840417
IBC	IBC	sub-06	0.7490337889666051	0.8091422532287897	-0.060108464262184635
IBC	IBC	sub-07	0.35056695547683936	0.4134068381962707	-0.06283988271943136
IBC	IBC	sub-08	0.23880837892955675	0.2436882078994052	-0.004879828969848454
IBC	IBC	sub-09	0.8291553092628063	0.8652556788138898	-0.03610036955108342
IBC	IBC	sub-11	1.0702963612298984	1.151354670376912	-0.08105830914701362
IBC	IBC	sub-12	0.8006088912828716	0.8540819407484527	-0.05347304946558107
IBC	IBC	sub-13	0.5344107947152124	0.5883054332285824	-0.05389463851337006
IBC	IBC	sub-14	0.5522966521042053	0.6209491578652685	-0.06865250576106319
IBC	IBC	sub-15	0.3924224914551044	0.4668655354002276	-0.07444304394512324
HCPur100	MDTB	sub-02	0.5541053986027593	0.5784349886518887	-0.02432959004912938
HCPur100	MDTB	sub-03	0.5682236903946065	0.434362991152428	0.13386069924217853
HCPur100	MDTB	sub-04	0.4058092783021024	0.34677361412759083	0.05903566417451156
HCPur100	MDTB	sub-06	0.7865618828866063	0.9069512594565847	-0.12038937656997839
HCPur100	MDTB	sub-08	0.6744514591502512	0.5791874405293004	0.0952640186209508
HCPur100	MDTB	sub-09	0.4077348171424282	0.39529647908189414	0.012438338060534071
HCPur100	MDTB	sub-10	0.8329919344436691	0.7214648849543818	0.11152704948928738
HCPur100	MDTB	sub-12	0.783275736229588	0.44624475879701325	0.33703097743257476
HCPur100	MDTB	sub-14	0.608996493678586	0.4195557251200442	0.1894407685585418
HCPur100	MDTB	sub-15	0.462563895113051	0.4020554600822205	0.06050843503083053
HCPur100	MDTB	sub-17	0.6114190591675623	0.7823949790006978	-0.17097591983313543
HCPur100	MDTB	sub-18	0.5529382248161251	0.4376527557711887	0.11528546904493642
HCPur100	MDTB	sub-19	0.7931291870033291	0.6528426692204948	0.1402865177828343
HCPur100	MDTB	sub-20	0.47181820644740413	0.5028130691758178	-0.030994862728413675
HCPur100	MDTB	sub-21	0.3984176235622064	0.4050973529543567	-0.006679729392150335
HCPur100	MDTB	sub-22	0.8118095011835854	0.5867088911071822	0.22510061007640325
HCPur100	MDTB	sub-24	0.5300724609975915	0.640474993454174	-0.11040253245658249
HCPur100	MDTB	sub-25	0.5829070030245425	0.6031943176321768	-0.020287314607634332
HCPur100	MDTB	sub-26	0.6379495653620773	0.4611840582371585	0.17676550712491873
HCPur100	MDTB	sub-27	0.7694822440897572	0.6000032331255543	0.16947901096420293
HCPur100	MDTB	sub-28	0.6915401985524898	0.5026100096241729	0.18893018892831692
HCPur100	MDTB	sub-29	0.4272431417881088	0.3506044971286761	0.07663864465943271
HCPur100	MDTB	sub-30	0.5258611151508965	0.21529379084657624	0.31056732430432027
HCPur100	MDTB	sub-31	0.6150686287139112	0.5865376365792317	0.028530992134679467
HCPur100	Language	sub-01	0.39996730364602284	0.3793876689896867	0.020579634656336165
HCPur100	Language	sub-02	0.5024258728616969	0.4056440782176721	0.09678179464402481
HCPur100	Language	sub-03	0.3701770351920037	0.08776498034503424	0.2824120548469694
HCPur100	Language	sub-04	0.79087165311619	0.606699802208911	0.18417185090727906
HCPur100	Language	sub-06	0.5458867012370107	0.528484099247009	0.017402601990001654
HCPur100	Language	sub-07	0.8820361630356308	0.853837690831598	0.02819847220403282
HCPur100	Language	sub-08	0.4938664219086526	0.5653030099303376	-0.07143658802168495
HCPur100	Language	sub-09	0.6060437051873732	0.6470720125298016	-0.04102830734242846
HCPur100	Language	sub-10	0.443726034929825	0.38813715377636465	0.055588881153460334
HCPur100	Language	sub-12	0.4257035999126408	0.7372829514758666	-0.31157935156322586
HCPur100	Language	sub-13	0.6620584476587167	0.648048708767064	0.01400973889165269
HCPur100	Language	sub-14	0.6547312919649175	0.6986532471837251	-0.043921955218807596
HCPur100	Language	sub-15	0.9184073249868511	0.6496578027892103	0.2687495221976408
HCPur100	Language	sub-16	0.5479116286245562	0.8185977238651065	-0.2706860952405503
HCPur100	Language	sub-17	0.7419261216731912	0.8688502594286456	-0.1269241377554544
HCPur100	Language	sub-18	0.7422287744498851	0.8121386194098529	-0.06990984495996777
HCPur100	Language	sub-19	0.6309183595634084	0.6347860376337381	-0.0038676780703297275
HCPur100	Social	sub-03	0.2899575688663374	0.12629829306050303	0.16365927580583436
HCPur100	Social	sub-04	0.7980320500541271	1.0929253341071465	-0.2948932840530194
HCPur100	Social	sub-05	0.32862750445716055	0.3110889919220633	0.01753851253509725
HCPur100	Social	sub-07	0.90233371653986	0.8889427779362954	0.013390938603564662
HCPur100	Social	sub-08	1.2055710025670197	0.9973364653428175	0.20823453722420215
HCPur100	Social	sub-09	1.02534161397598	0.7146805588658175	0.3106610551101624
HCPur100	Social	sub-10	0.5561233598004297	0.4533289290572806	0.10279443074314909
HCPur100	Social	sub-11	0.29045969298381374	0.06083268693443385	0.2296270060493799
HCPur100	Social	sub-12	0.3256837874966037	0.28115692141322385	0.04452686608337986
HCPur100	Social	sub-13	0.46436686962210916	0.44656676693234265	0.017800102689766506
HCPur100	Social	sub-14	0.8044299910241197	0.7379056529801226	0.06652433804399716
HCPur100	Social	sub-16	0.928591840142721	1.079019447126011	-0.15042760698329005
HCPur100	Social	sub-17	0.8154766315730714	0.865257670902	-0.049781039328928633
HCPur100	Social	sub-18	0.3256378890334804	0.4029266609414254	-0.07728877190794498
HCPur100	Social	sub-19	0.716937012363646	0.7378142354489403	-0.020877223085294272
HCPur100	Social	sub-20	0.9909766732853277	0.9194327905792726	0.07154388270605505
HCPur100	Social	sub-21	0.8915937363102988	0.930176265255393	-0.038582528945094174
HCPur100	Social	sub-22	0.343756108442491	0.3819215143329729	-0.038165405890481896
HCPur100	Social	sub-24	0.01774491181462056	0.1713793776709889	-0.15363446585636834
HCPur100	Social	sub-25	1.1088079234578037	1.4463974959494414	-0.3375895724916378
HCPur100	Social	sub-26	0.6780455377196399	0.6501544995279358	0.02789103819170413
HCPur100	Social	sub-27	1.2277498657421653	1.3079668345907374	-0.0802169688485721
HCPur100	WMFS	sub-01	0.551866779973963	0.7024977285866795	-0.15063094861271642
HCPur100	WMFS	sub-02	0.1518754771025408	0.42159939703336824	-0.26972391993082745
HCPur100	WMFS	sub-03	0.6323299646075304	0.5501193871890716	0.08221057741845883
HCPur100	WMFS	sub-04	0.8265529303833825	0.842761815008286	-0.01620888462490344
HCPur100	WMFS	sub-05	0.6979097285252244	0.694759428023406	0.003150300501818415
HCPur100	WMFS	sub-06	0.7964902870677174	0.7232771299473607	0.0732131571203567
HCPur100	WMFS	sub-07	0.9817312204121907	0.9608806622876459	0.020850558124544838
HCPur100	WMFS	sub-08	0.31292169373593864	0.41931843027416926	-0.10639673653823062
HCPur100	WMFS	sub-09	0.5666421117332463	0.5577631575828406	0.008878954150405738
HCPur100	WMFS	sub-10	0.8844071736491121	0.9487546077322772	-0.06434743408316501
HCPur100	WMFS	sub-11	1.0580674032392376	0.9100697215926068	0.14799768164663085
HCPur100	WMFS	sub-12	-0.061267361092113094	-0.07521619555349053	0.013948834461377436
HCPur100	WMFS	sub-13	0.726255183636949	0.8623476692786229	-0.13609248564167398
HCPur100	WMFS	sub-14	0.2112286046927566	0.40261490452759247	-0.19138629983483588
HCPur100	WMFS	sub-15	1.1722236275459528	1.2011971938924202	-0.028973566346467416
HCPur100	WMFS	sub-16	0.9304122377483076	0.8327041890065818	0.09770804874172578
HCPur100	Demand	sub-01	1.0019280596303084	0.8973589625355337	0.10456909709477469
HCPur100	Demand	sub-02	0.9654808154436112	0.8601051575415075	0.10537565790210368
HCPur100	Demand	sub-05	0.8342381494842284	0.8911871183436578	-0.05694896885942946
HCPur100	Demand	sub-06	0.8410337964006829	0.7863334126657234	0.054700383734959446
HCPur100	Demand	sub-07	0.8331040865226957	0.8089447873864255	0.02415929913627024
HCPur100	Demand	sub-08	0.7182417084475733	0.7914315444246168	-0.07318983597704354
HCPur100	Demand	sub-09	0.9728428817834709	0.9364013033409464	0.03644157844252449
HCPur100	Demand	sub-10	0.7892141355533018	0.7885526540751786	0.0006614814781231715
HCPur100	Demand	sub-11	0.6137314322934649	0.6488332503831771	-0.03510181808971213
HCPur100	Demand	sub-12	0.6918208469205316	0.7486609829267054	-0.05684013600617377
HCPur100	Demand	sub-15	0.6439116849160041	0.6356429677025505	0.00826871721345368
HCPur100	Demand	sub-16	0.7022814090441141	0.766853170255505	-0.06457176121139097
HCPur100	Demand	sub-17	0.4118955697363275	0.5233599622973009	-0.11146439256097335
HCPur100	Demand	sub-19	0.8488655071930042	0.8596895109644568	-0.01082400377145254
HCPur100	Demand	sub-20	0.998537485853925	0.9317606932724618	0.06677679258146318
HCPur100	Demand	sub-21	0.6486146027171233	0.7467183493945223	-0.09810374667739896
HCPur100	Demand	sub-24	0.7493206810359742	0.7117126387351936	0.03760804230078052
HCPur100	Demand	sub-25	0.7131245417254524	0.6587439632703675	0.054380578455084816
HCPur100	Demand	sub-26	0.37843097099881645	0.5270676110019813	-0.14863664000316484
HCPur100	Demand	sub-27	0.6674295079677847	0.7333577045584165	-0.06592819659063187
HCPur100	Demand	sub-29	0.9208894642127653	0.8589012897256388	0.06198817448712646
HCPur100	Demand	sub-30	1.1006863725380174	0.9821591555623957	0.11852721697562163
HCPur100	Demand	sub-31	0.9816937009367052	0.9450267473807449	0.03666695355596028
HCPur100	Demand	sub-34	0.8171193035388422	0.8609846227892529	-0.043865319250410706
HCPur100	Demand	sub-35	0.6546981141338082	0.6290692714367953	0.025628842697012932
HCPur100	Demand	sub-36	0.7952864496114178	0.8154544798249593	-0.02016803021354152
HCPur100	Demand	sub-37	0.5387087833205052	0.562471635428327	-0.023762852107821808
HCPur100	Demand	sub-38	0.9502320026178631	0.9859499053458137	-0.03571790272795061
HCPur100	Demand	sub-39	0.833054773837402	0.7431695822148155	0.08988519162258646
HCPur100	Demand	sub-41	0.6412090662794682	0.6966198830507103	-0.055410816771242155
HCPur100	Demand	sub-43	0.6084102019880904	0.5813637898036959	0.02704641218439452
HCPur100	Demand	sub-44	1.0377269098946853	0.9472210555547009	0.09050585433998437
HCPur100	Demand	sub-45	0.8637612754769349	0.8706929886569447	-0.006931713180009735
HCPur100	Demand	sub-46	0.95240687458876	0.9020673496208738	0.050339524967886295
HCPur100	Demand	sub-47	0.6059262246179297	0.6338737052185947	-0.027947480600664987
HCPur100	Demand	sub-48	1.0090152046625747	0.9463605381967539	0.06265466646582074
HCPur100	Demand	sub-50	0.39820674493532604	0.5950627289145848	-0.19685598397925874
HCPur100	Somatotopic	sub-01	0.680190829880275	0.6802368139655	-4.598408522493713e-05
HCPur100	Somatotopic	sub-02	0.5836173021300594	0.5214880183548974	0.062129283775161914
HCPur100	Somatotopic	sub-03	0.5993548540653	0.6508704900509703	-0.05151563598567033
HCPur100	Somatotopic	sub-04	0.6322878157799997	0.7733948205609396	-0.14110700478093985
HCPur100	Somatotopic	sub-05	0.5691312126169871	0.6035203699332565	-0.03438915731626946
HCPur100	Somatotopic	sub-06	0.6052193283939985	0.7957747824930459	-0.1905554540990474
HCPur100	Somatotopic	sub-07	0.6485652540202271	0.5288335227873139	0.11973173123291325
HCPur100	Somatotopic	sub-08	0.48973240993066525	0.5264241563752293	-0.03669174644456408
HCPur100	Nishimoto	sub-01	0.44878571242415227	0.4309095219583076	0.017876190465844655
HCPur100	Nishimoto	sub-02	0.44753388706587505	0.43062076451030484	0.016913122555570204
HCPur100	Nishimoto	sub-03	0.45789546598079894	0.4203079462088312	0.037587519771967726
HCPur100	Nishimoto	sub-04	0.35047367381711847	0.40735208245189103	-0.05687840863477256
HCPur100	Nishimoto	sub-05	0.3318122044309605	0.4941996287109208	-0.16238742427996034
HCPur100	Nishimoto	sub-06	0.3834941625103579	0.4765676077666309	-0.09307344525627298
HCPur100	IBC	sub-01	0.5507814753587184	0.5661591219226125	-0.015377646563894176
HCPur100	IBC	sub-04	0.8361977941732078	0.9349012763185797	-0.09870348214537183
HCPur100	IBC	sub-05	0.4915333476106167	0.7380166127060194	-0.2464832650954027
HCPur100	IBC	sub-06	0.5761156072506485	0.7026688861600058	-0.1265532789093573
HCPur100	IBC	sub-07	0.3813703557152686	0.33152024425333004	0.04985011146193857
HCPur100	IBC	sub-08	0.2119856696965921	0.2418719232016643	-0.029886253505072208
HCPur100	IBC	sub-09	0.6815211321739851	0.7331595388528314	-0.05163840667884623
HCPur100	IBC	sub-11	0.876700318283701	0.9616280207114062	-0.0849277024277052
HCPur100	IBC	sub-12	0.7749664922406779	0.7861132714681847	-0.011146779227506731
HCPur100	IBC	sub-13	0.5228979361669511	0.5413674587098097	-0.018469522542858607
HCPur100	IBC	sub-14	0.5178191314367536	0.5089129286500343	0.008906202786719275
HCPur100	IBC	sub-15	0.37352272333237535	0.341862957119808	0.03165976621256733
HCPur100	HCPur100	sub-101309	0.4093356948695037	0.2772287640924805	0.13210693077702323
HCPur100	HCPur100	sub-103111	1.000323047422173	0.9354824145387185	0.06484063288345443
HCPur100	HCPur100	sub-103414	1.015772145800543	1.0246568883432403	-0.008884742542697222
HCPur100	HCPur100	sub-103818	0.8512519766894182	0.798160756565798	0.05309122012362022
HCPur100	HCPur100	sub-105014	0.6601782510187993	0.6788607869427072	-0.018682535923907895
HCPur100	HCPur100	sub-105115	0.874756586786921	0.8330529103484401	0.04170367643848094
HCPur100	HCPur100	sub-110411	0.6387838148384464	0.6781309493855324	-0.03934713454708605
HCPur100	HCPur100	sub-117122	0.9671690186266497	0.9253744906774326	0.04179452794921712
HCPur100	HCPur100	sub-118730	0.7796830885346895	0.8032058712323765	-0.02352278269768704
HCPur100	HCPur100	sub-123117	0.7204838529736016	0.7345298946259474	-0.014046041652345798
HCPur100	HCPur100	sub-124422	0.7969337066094508	0.7527856878076714	0.04414801880177943
HCPur100	HCPur100	sub-127630	0.7440555935629046	0.6699797134365669	0.0740758801263377
HCPur100	HCPur100	sub-128632	0.9285800195656554	0.9785326780238788	-0.04995265845822339
HCPur100	HCPur100	sub-130013	1.0103939836355043	0.9940817597186813	0.016312223916822965
HCPur100	HCPur100	sub-130316	0.9366027954090387	0.892831912923929	0.04377088248510963
HCPur100	HCPur100	sub-131217	0.8620810731788926	0.8905545136694124	-0.028473440490519808
HCPur100	HCPur100	sub-153025	1.2596386232676868	1.271693817924816	-0.012055194657129231
HCPur100	HCPur100	sub-154734	0.8987912641046988	0.8147734234371202	0.08401784066757856
HCPur100	HCPur100	sub-156637	0.36733014680402554	0.35208864444514404	0.015241502358881498
HCPur100	HCPur100	sub-159340	0.9777870166790392	0.9780705551247523	-0.00028353844571304965
HCPur100	HCPur100	sub-160123	0.9978547534131735	0.9720830553530614	0.025771698060112147
HCPur100	HCPur100	sub-161731	1.1580075083693426	1.14979492709691	0.00821258127243274
HCPur100	HCPur100	sub-162733	0.818540585504617	0.8356110466544466	-0.017070461149829685
HCPur100	HCPur100	sub-163129	1.221571260527158	1.2624500663271356	-0.0408788057999776
HCPur100	HCPur100	sub-178950	0.8335945592296526	0.8221588343372804	0.011435724892372212
HCPur100	HCPur100	sub-188347	1.2553188370568173	1.3120412858675092	-0.05672244881069188
HCPur100	HCPur100	sub-189450	0.8978474038470906	0.8616482097288222	0.03619919411826844
HCPur100	HCPur100	sub-190031	0.9816926212951858	0.8840324542730398	0.09766016702214597
HCPur100	HCPur100	sub-196750	0.9641368479898386	0.9843588920337978	-0.02022204404395922
HCPur100	HCPur100	sub-198451	0.36857917531263856	0.31816985656258595	0.05040931875005261
HCPur100	HCPur100	sub-199655	0.9694734877242862	0.8846862697960121	0.08478721792827415
HCPur100	HCPur100	sub-201111	0.8387458117614822	0.7975613364720333	0.04118447528944891
HCPur100	HCPur100	sub-208226	0.4437647239831253	0.4681093333829099	-0.02434460939978461
HCPur100	HCPur100	sub-211417	0.9696329813782104	0.8230943487453095	0.1465386326329009
HCPur100	HCPur100	sub-211720	0.5379167879938221	0.5817659377863257	-0.04384914979250354
HCPur100	HCPur100	sub-212318	1.0160092731634032	0.9602471738380085	0.055762099325394665
HCPur100	HCPur100	sub-214423	0.5396674172669361	0.47206669557851083	0.06760072168842529
HCPur100	HCPur100	sub-221319	0.9450949475803803	1.108817156753131	-0.16372220917275082
HCPur100	HCPur100	sub-239944	0.9427601059654641	0.9211475665712704	0.02161253939419372
HCPur100	HCPur100	sub-245333	0.639450588982931	0.5666633716616961	0.07278721732123483
HCPur100	HCPur100	sub-280739	0.5493815098375153	0.5448696068477901	0.004511902989725258
HCPur100	HCPur100	sub-298051	1.176407030588498	1.1659791696764141	0.010427860912083808
HCPur100	HCPur100	sub-366446	0.27092878898581313	0.31525654964853456	-0.04432776066272143
HCPur100	HCPur100	sub-397760	1.2677025827593296	1.235196385973825	0.03250619678550448
HCPur100	HCPur100	sub-414229	1.6039157696837467	1.5453203549385428	0.05859541474520391
HCPur100	HCPur100	sub-654754	0.8136921898371992	0.8550768096498389	-0.041384619812639745
HCPur100	HCPur100	sub-672756	0.68676508321441	0.5795230989552743	0.10724198425913567
HCPur100	HCPur100	sub-751348	0.9383984191546129	1.0730932982687011	-0.13469487911408828
HCPur100	HCPur100	sub-792564	0.8114338029194068	0.7431101332641153	0.06832366965529146
HCPur100	HCPur100	sub-899885	1.1352593832933042	1.0683262790851034	0.06693310420820087
Average	MDTB	sub-02	0.609966558839347	0.5908839990495189	0.01908255978982809
Average	MDTB	sub-03	0.6936494592353044	0.31377836711346496	0.37987109212183945
Average	MDTB	sub-04	0.531785371958801	0.33601845155896354	0.1957669203998375
Average	MDTB	sub-06	1.000544871842203	0.895274212844335	0.10527065899786803
Average	MDTB	sub-08	0.8130043933789813	0.6150656284300121	0.19793876494896923
Average	MDTB	sub-09	0.6781749212821342	0.44563880140095224	0.23253611988118195
Average	MDTB	sub-10	1.0441138753250372	0.6620745684478947	0.3820393068771425
Average	MDTB	sub-12	0.874097447830785	0.4882175124600375	0.38587993537074755
Average	MDTB	sub-14	0.7518977345644666	0.444352644299507	0.30754509026495963
Average	MDTB	sub-15	0.6730021066453021	0.4022104951070858	0.27079161153821635
Average	MDTB	sub-17	0.9147912861744857	0.7871290812042591	0.12766220497022662
Average	MDTB	sub-18	0.69788641991346	0.5088488747087265	0.18903754520473348
Average	MDTB	sub-19	0.9199888888098956	0.7387755674561265	0.1812133213537691
Average	MDTB	sub-20	0.72792311410131	0.5156914975677844	0.21223161653352562
Average	MDTB	sub-21	0.5662495904222721	0.4258229798745082	0.1404266105477639
Average	MDTB	sub-22	1.0714832455447079	0.5880227820607823	0.4834604634839256
Average	MDTB	sub-24	0.7209594227402916	0.6140620529504308	0.10689736978986075
Average	MDTB	sub-25	0.7738877150821742	0.7289718148607551	0.044915900221419114
Average	MDTB	sub-26	0.7998016510620102	0.5088329040524452	0.290968747009565
Average	MDTB	sub-27	0.9250047694283766	0.717680879122824	0.20732389030555265
Average	MDTB	sub-28	0.8865079579005581	0.5204998501309291	0.366008107769629
Average	MDTB	sub-29	0.5937068424481001	0.33449827360621054	0.2592085688418896
Average	MDTB	sub-30	0.5773251914378709	0.27154956967956284	0.305775621758308
Average	MDTB	sub-31	0.8045968728532393	0.6181692210943812	0.18642765175885812
Average	Language	sub-01	0.540402669213695	0.47966510453376776	0.06073756467992719
Average	Language	sub-02	0.7409614362171014	0.5869051504150424	0.154056285802059
Average	Language	sub-03	0.2907395136232964	0.19155577151626763	0.0991837421070288
Average	Language	sub-04	0.856853537158484	0.6689677548879283	0.18788578227055575
Average	Language	sub-06	0.9175107055286803	0.7022655029082936	0.2152452026203867
Average	Language	sub-07	1.1564836245914294	0.7970678684530375	0.35941575613839194
Average	Language	sub-08	0.861569156971716	0.6703260540815059	0.19124310289021007
Average	Language	sub-09	0.904143457026753	0.6867767740037115	0.21736668302304152
Average	Language	sub-10	0.5746587867548432	0.4455977942215939	0.12906099253324926
Average	Language	sub-12	0.7755802856242235	0.7101648300194957	0.06541545560472783
Average	Language	sub-13	0.8997209765398181	0.7629984559608648	0.1367225205789533
Average	Language	sub-14	0.9087298958696796	0.8142824845918325	0.09444741127784706
Average	Language	sub-15	0.992913869996087	0.6940745985992607	0.2988392713968263
Average	Language	sub-16	0.7597981728453567	0.7707130229144131	-0.010914850069056459
Average	Language	sub-17	1.0947272927387859	0.8907696596728137	0.20395763306597214
Average	Language	sub-18	0.768193808353344	0.7108392231503888	0.05735458520295522
Average	Language	sub-19	0.7622443530487347	0.7382751267046604	0.02396922634407428
Average	Social	sub-03	0.363842896921639	0.1341888690873525	0.2296540278342865
Average	Social	sub-04	1.013277073061693	0.9672097773102971	0.04606729575139579
Average	Social	sub-05	0.4389446408357986	0.23346309151567657	0.20548154932012203
Average	Social	sub-07	1.1190271538777181	0.8604499344266859	0.2585772194510322
Average	Social	sub-08	1.3410624803258426	0.9727700816345445	0.36829239869129815
Average	Social	sub-09	0.945567369725605	0.7988454191675887	0.1467219505580163
Average	Social	sub-10	0.882360191381041	0.4868152175885301	0.39554497379251097
Average	Social	sub-11	0.4081321246968118	0.08224653937317052	0.3258855853236413
Average	Social	sub-12	0.5544546196541776	0.34331733532550196	0.21113728432867568
Average	Social	sub-13	0.5628778539051014	0.4582749224413639	0.10460293146373745
Average	Social	sub-14	0.9958009543358702	0.8369289471686837	0.15887200716718652
Average	Social	sub-16	1.1060025788809495	1.0486428499782354	0.057359728902714124
Average	Social	sub-17	0.9809700874827282	0.834244492104394	0.14672559537833418
Average	Social	sub-18	0.34731567636917554	0.391845493044494	-0.04452981667531847
Average	Social	sub-19	0.4207243897199279	0.6946842956510723	-0.27395990593114433
Average	Social	sub-20	1.1694243224946947	0.9591130003537283	0.21031132214096648
Average	Social	sub-21	1.0863577857017475	0.9186674157223408	0.16769036997940667
Average	Social	sub-22	0.5481479930540012	0.4517667011842858	0.09638129186971539
Average	Social	sub-24	0.16512566360645017	0.06041324139030664	0.10471242221614353
Average	Social	sub-25	1.5148268394830415	1.2820323063135335	0.23279453316950804
Average	Social	sub-26	1.011559090493795	0.8022463896736954	0.20931270082009956
Average	Social	sub-27	1.503544227052125	1.2748598930882022	0.22868433396392285
Average	WMFS	sub-01	0.7555782542660461	0.6880559056393961	0.06752234862664996
Average	WMFS	sub-02	0.2644432913241382	0.21730665935222598	0.0471366319719122
Average	WMFS	sub-03	0.723228435427737	0.6291723157158189	0.09405611971191807
Average	WMFS	sub-04	1.0119519584400505	0.9353011532218118	0.07665080521823864
Average	WMFS	sub-05	0.8972896238498275	0.7831177057602239	0.11417191808960359
Average	WMFS	sub-06	0.9559379847499084	0.8246981686954841	0.13123981605442436
Average	WMFS	sub-07	1.1182146674685147	1.1047705049432868	0.013444162525227954
Average	WMFS	sub-08	0.5133493903973254	0.3061344958584744	0.207214894538851
Average	WMFS	sub-09	0.7327310487036093	0.7171199163593741	0.015611132344235168
Average	WMFS	sub-10	1.0438762654401492	1.0351021577833557	0.00877410765679354
Average	WMFS	sub-11	1.1727184495054785	1.1462462495511219	0.02647219995435668
Average	WMFS	sub-12	0.2096005906882532	0.050684713839625445	0.15891587684862776
Average	WMFS	sub-13	0.9044858652614591	0.8482997895829142	0.056186075678544944
Average	WMFS	sub-14	0.46025414946655435	0.31597965190246907	0.14427449756408528
Average	WMFS	sub-15	1.2709717100525944	1.3175065949947748	-0.0465348849421805
Average	WMFS	sub-16	1.0169558624205626	1.0094237492759057	0.007532113144656849
Average	Demand	sub-01	1.0186813580767986	0.8086169060375581	0.2100644520392405
Average	Demand	sub-02	1.108346206386579	0.9686622153249517	0.13968399106162732
Average	Demand	sub-05	1.0141829784639296	0.8934457287596625	0.12073724970426702
Average	Demand	sub-06	0.8971632303116289	0.7837275711368716	0.11343565917475729
Average	Demand	sub-07	0.9174748189793791	0.7519776857240338	0.16549713325534532
Average	Demand	sub-08	0.7966975548241823	0.6753201668728012	0.12137738795138109
Average	Demand	sub-09	1.008430327734726	0.8876601836718226	0.12077014406290332
Average	Demand	sub-10	0.8765432581390987	0.7893378201992814	0.08720543793981728
Average	Demand	sub-11	0.941147009833839	0.8761514700948569	0.06499553973898209
Average	Demand	sub-12	0.8886220493409503	0.7625826456588276	0.12603940368212274
Average	Demand	sub-15	0.6418139055090639	0.468199826675942	0.1736140788331219
Average	Demand	sub-16	0.8414268156105776	0.6832147784323556	0.15821203717822208
Average	Demand	sub-17	0.5256992319131791	0.5254711832145955	0.0002280486985836161
Average	Demand	sub-19	0.7895671918482325	0.5921579694516294	0.1974092223966032
Average	Demand	sub-20	1.011865220740287	0.8531683784465846	0.1586968422937024
Average	Demand	sub-21	0.8426121353837895	0.8036563919184114	0.03895574346537811
Average	Demand	sub-24	0.8020948159816425	0.7237711215755049	0.07832369440613751
Average	Demand	sub-25	0.7985687031922809	0.7273941537194343	0.07117454947284663
Average	Demand	sub-26	0.5767127245685342	0.4602091949223023	0.1165035296462319
Average	Demand	sub-27	0.8293583950083553	0.6877213150002983	0.14163708000805697
Average	Demand	sub-29	1.0052812658529426	0.9165283463295698	0.08875291952337283
Average	Demand	sub-30	1.0736996681484794	0.8195216199127756	0.2541780482357038
Average	Demand	sub-31	1.029223996086555	0.8503015009379825	0.1789224951485725
Average	Demand	sub-34	0.9131499889883801	0.7334499911742377	0.17969999781414236
Average	Demand	sub-35	0.7525795446064609	0.6487247072089796	0.10385483739748136
Average	Demand	sub-36	0.8378075774483533	0.6668512401360781	0.17095633731227522
Average	Demand	sub-37	0.5633144962357164	0.4693708823070465	0.0939436139286699
Average	Demand	sub-38	1.1239498466709386	1.0251231892636077	0.09882665740733088
Average	Demand	sub-39	0.9290369506006957	0.7688527273393966	0.1601842232612991
Average	Demand	sub-41	0.7847320317553587	0.6671091140704187	0.11762291768493993
Average	Demand	sub-43	0.6493466099585915	0.5412698808228515	0.10807672913573996
Average	Demand	sub-44	1.0316447786982064	0.9139839164600583	0.11766086223814809
Average	Demand	sub-45	0.9265257620756079	0.706128101080681	0.22039766099492686
Average	Demand	sub-46	0.9915596483608302	0.864218486785594	0.12734116157523623
Average	Demand	sub-47	0.8057004947912426	0.7125942359786794	0.09310625881256318
Average	Demand	sub-48	1.0010919607850997	0.8169106669817139	0.18418129380338577
Average	Demand	sub-50	0.669739011377498	0.5397277780445189	0.13001123333297915
Average	Somatotopic	sub-01	0.6945840130396632	0.4145212969136298	0.2800627161260334
Average	Somatotopic	sub-02	0.5815724168657187	0.3259661871294681	0.2556062297362506
Average	Somatotopic	sub-03	0.543120229756952	0.36622107513391666	0.1768991546230353
Average	Somatotopic	sub-04	0.5610638092230987	0.5170216589967864	0.044042150226312304
Average	Somatotopic	sub-05	0.5297151490268612	0.4022312992743366	0.12748384975252464
Average	Somatotopic	sub-06	0.6975431232372359	0.5988453610292795	0.09869776220795634
Average	Somatotopic	sub-07	0.5127671232317915	0.18236968735280654	0.33039743587898496
Average	Somatotopic	sub-08	0.5643744745744149	0.5146625409970854	0.0497119335773295
Average	Nishimoto	sub-01	0.5343295648811334	0.40611777488438955	0.12821178999674382
Average	Nishimoto	sub-02	0.5149408215255944	0.4659979516187452	0.04894286990684921
Average	Nishimoto	sub-03	0.5413138278768865	0.431411906377541	0.10990192149934552
Average	Nishimoto	sub-04	0.4623631213595308	0.3051039717069594	0.15725914965257137
Average	Nishimoto	sub-05	0.4253168754942844	0.5319275016431284	-0.10661062614884403
Average	Nishimoto	sub-06	0.5156883118823954	0.41544273054862113	0.10024558133377426
Average	IBC	sub-01	0.5812103967402847	0.547036234774429	0.034174161965855765
Average	IBC	sub-04	0.8998790742807364	0.9644684514542788	-0.0645893771735424
Average	IBC	sub-05	0.607477242214948	0.6760306713102606	-0.06855342909531259
Average	IBC	sub-06	0.6649620525495736	0.6773845854967014	-0.012422532947127807
Average	IBC	sub-07	0.48915807823077273	0.3451097694705014	0.1440483087602713
Average	IBC	sub-08	0.25173718612376256	0.2529542736859728	-0.0012170875622102284
Average	IBC	sub-09	0.7620313937481982	0.7572281501726964	0.00480324357550177
Average	IBC	sub-11	0.9624442304529591	1.0269301220674143	-0.06448589161445517
Average	IBC	sub-12	0.827345197343842	0.7258204605712814	0.10152473677256069
Average	IBC	sub-13	0.6205853193908093	0.5310026355222263	0.08958268386858304
Average	IBC	sub-14	0.5959733849761776	0.475816216535869	0.1201571684403086
Average	IBC	sub-15	0.4598094607040312	0.3098625965810686	0.14994686412296265
Average	HCPur100	sub-101309	0.45353159004659327	0.00268460952114694	0.4508469805254463
Average	HCPur100	sub-103111	0.7314455382666101	0.5356382024496394	0.19580733581697063
Average	HCPur100	sub-103414	0.9766803584248406	0.9071891235160174	0.06949123490882314
Average	HCPur100	sub-103818	0.7306770687093429	0.5284270806528508	0.20224998805649208
Average	HCPur100	sub-105014	0.4196980352284284	0.38859231887318557	0.03110571635524284
Average	HCPur100	sub-105115	0.6318413790960223	0.48996294817151786	0.14187843092450447
Average	HCPur100	sub-110411	0.3223294943969501	0.39286524086192753	-0.07053574646497746
Average	HCPur100	sub-117122	0.9886898484669656	0.6136843005061734	0.3750055479607922
Average	HCPur100	sub-118730	0.5561048290859141	0.5924754740762399	-0.03637064499032583
Average	HCPur100	sub-123117	0.6003062293964254	0.6332998030147254	-0.03299357361830002
Average	HCPur100	sub-124422	0.7297869926597945	0.623819745472012	0.1059672471877825
Average	HCPur100	sub-127630	0.7266993352612652	0.3774770743210854	0.3492222609401798
Average	HCPur100	sub-128632	0.7060801386548182	0.7404165022532402	-0.03433636359842196
Average	HCPur100	sub-130013	0.8776979503391185	0.6955796843150281	0.18211826602409031
Average	HCPur100	sub-130316	0.6783087825547258	0.4531524933886083	0.22515628916611752
Average	HCPur100	sub-131217	0.7376794008599414	0.7822277114518061	-0.044548310591864704
Average	HCPur100	sub-153025	0.9136367194469188	0.9874075791251158	-0.07377085967819696
Average	HCPur100	sub-154734	0.8859388770149774	0.5819517223124167	0.30398715470256077
Average	HCPur100	sub-156637	0.4011722032146075	0.21928189470323312	0.1818903085113744
Average	HCPur100	sub-159340	0.8348789041194585	0.7799807802245478	0.05489812389491078
Average	HCPur100	sub-160123	0.6906343223651118	0.543097383754058	0.14753693861105377
Average	HCPur100	sub-161731	0.9424010172285434	0.8905250939183539	0.05187592331018953
Average	HCPur100	sub-162733	0.6523439135362237	0.6043621125797755	0.04798180095644822
Average	HCPur100	sub-163129	1.0053247183411176	0.9902084840145654	0.01511623432655218
Average	HCPur100	sub-178950	0.6515760280049532	0.5719120795498899	0.0796639484550633
Average	HCPur100	sub-188347	1.006744802744454	0.9647641630174031	0.04198063972705102
Average	HCPur100	sub-189450	0.5830119356087303	0.5148081446453554	0.06820379096337492
Average	HCPur100	sub-190031	0.8267063581171867	0.4876927556930246	0.3390136024241621
Average	HCPur100	sub-196750	0.7136477893061931	0.7605852099854984	-0.046937420679305286
Average	HCPur100	sub-198451	0.39836299605699804	0.2276865619171797	0.17067643413981834
Average	HCPur100	sub-199655	0.8925162650739328	0.5928432173807945	0.2996730476931383
Average	HCPur100	sub-201111	0.5326058689070875	0.4014949549321259	0.1311109139749616
Average	HCPur100	sub-208226	0.298134521320938	0.44000401866265426	-0.14186949734171628
Average	HCPur100	sub-211417	0.6975356922263035	0.30032369983640833	0.3972119923898952
Average	HCPur100	sub-211720	0.37117188687272534	0.395720066165606	-0.024548179292880667
Average	HCPur100	sub-212318	0.5861912826273814	0.48747069778950275	0.09872058483787866
Average	HCPur100	sub-214423	0.6233731710263501	0.36771833843753665	0.2556548325888135
Average	HCPur100	sub-221319	0.6938211358546925	1.2152928129558007	-0.5214716771011082
Average	HCPur100	sub-239944	0.6422163780638447	0.4885628766960249	0.1536535013678198
Average	HCPur100	sub-245333	0.5362457505355924	0.1865027498406116	0.3497430006949808
Average	HCPur100	sub-280739	0.5093524643811426	0.32940771305945327	0.1799447513216893
Average	HCPur100	sub-298051	0.7247828892242818	0.7109296364169609	0.01385325280732086
Average	HCPur100	sub-366446	0.1962355450409581	0.14107336895907924	0.05516217608187887
Average	HCPur100	sub-397760	0.9410081326218588	0.8230777283443703	0.11793040427748847
Average	HCPur100	sub-414229	1.125359762147457	1.0203718486386522	0.10498791350880476
Average	HCPur100	sub-654754	0.41851956408435353	0.5877134812614662	-0.16919391717711263
Average	HCPur100	sub-672756	0.42527632369538604	-0.049403581012971605	0.47467990470835764
Average	HCPur100	sub-751348	0.782256084494497	0.9019811409616526	-0.11972505646715559
Average	HCPur100	sub-792564	0.7771194206237385	0.5892312854940656	0.18788813512967295
Average	HCPur100	sub-899885	1.0487652148956266	0.6231770035632305	0.4255882113323961
Global	MDTB	sub-02	0.6606809352154136	0.6513226668780411	0.009358268337372522
Global	MDTB	sub-03	0.761291363323389	0.6757174797749281	0.08557388354846085
Global	MDTB	sub-04	0.5374021936138944	0.48281541024040997	0.05458678337348444
Global	MDTB	sub-06	1.1069353370677755	1.1788504193843945	-0.07191508231661903
Global	MDTB	sub-08	0.8320546851731042	0.7828900542358009	0.04916463093730328
Global	MDTB	sub-09	0.697575835355677	0.6864916786687885	0.011084156686888558
Global	MDTB	sub-10	1.14937797221223	1.088985915948509	0.06039205626372102
Global	MDTB	sub-12	0.9181380871364957	0.7229206676772925	0.19521741945920323
Global	MDTB	sub-14	0.7632694236332921	0.6431005091862158	0.12016891444707634
Global	MDTB	sub-15	0.7069779928844799	0.6473435434520035	0.05963444943247642
Global	MDTB	sub-17	1.033168839945743	1.08720703166458	-0.05403819171883706
Global	MDTB	sub-18	0.7120637616829345	0.6663582177419238	0.04570554394101067
Global	MDTB	sub-19	0.9770153804825095	0.9109310323977557	0.06608434808475372
Global	MDTB	sub-20	0.781841596139952	0.8009324648584399	-0.019090868718487974
Global	MDTB	sub-21	0.6129580972485155	0.5849741393992607	0.02798395784925478
Global	MDTB	sub-22	1.079324711927525	0.924874658262749	0.15445005366477615
Global	MDTB	sub-24	0.7773717918404481	0.8305578168903184	-0.053186025049870245
Global	MDTB	sub-25	0.8349224072374019	0.8384697081820739	-0.0035473009446720383
Global	MDTB	sub-26	0.8476647490236721	0.7516821188384663	0.09598263018520581
Global	MDTB	sub-27	0.9745261828498629	0.8570765900814736	0.11744959276838929
Global	MDTB	sub-28	0.8870409314575393	0.7409978418984812	0.1460430895590581
Global	MDTB	sub-29	0.6017368775623329	0.5509541627672727	0.050782714795060135
Global	MDTB	sub-30	0.6126998758332393	0.4388932370570536	0.17380663877618568
Global	MDTB	sub-31	0.8572392292226979	0.8357208804716781	0.021518348751019767
Global	Language	sub-01	0.5898704933174928	0.5474161994794564	0.04245429383803634
Global	Language	sub-02	0.8218730271970995	0.6274833548260252	0.1943896723710743
Global	Language	sub-03	0.2870720849355879	0.16612043131168838	0.12095165362389951
Global	Language	sub-04	0.8712393236631575	0.7925499908075585	0.07868933285559898
Global	Language	sub-06	0.9845691800971974	0.8682441834455923	0.11632499665160512
Global	Language	sub-07	1.213372044236192	1.1513870472768712	0.06198499695932069
Global	Language	sub-08	0.8854626291019728	0.8577346941705383	0.02772793493143455
Global	Language	sub-09	0.9341831899657753	0.9195631304263363	0.014620059539439012
Global	Language	sub-10	0.6386455592429057	0.5763453327967386	0.06230022644616706
Global	Language	sub-12	0.9019209633158577	0.8672545787961432	0.03466638451971449
Global	Language	sub-13	0.8822094192669474	0.9161171330500598	-0.033907713783112414
Global	Language	sub-14	0.9556892073065187	0.9274998824457186	0.02818932486080017
Global	Language	sub-15	1.0413069742344832	0.97058274274837	0.07072423148611318
Global	Language	sub-16	0.8007660962665587	0.8893385086490212	-0.0885724123824625
Global	Language	sub-17	1.1878460120610148	1.0993170365026952	0.08852897555831962
Global	Language	sub-18	0.8486984245665451	0.8371076746296852	0.011590749936859934
Global	Language	sub-19	0.7959121561441965	0.8415324670333665	-0.04562031088916996
Global	Social	sub-03	0.3187317631538222	0.21580050447653593	0.10293125867728625
Global	Social	sub-04	1.0879117527111994	1.130714354828625	-0.04280260211742548
Global	Social	sub-05	0.45085340359040593	0.3857305958984169	0.06512280769198903
Global	Social	sub-07	1.110494601290342	1.019085191656282	0.09140940963406008
Global	Social	sub-08	1.3810360043061267	1.2791753757986881	0.1018606285074386
Global	Social	sub-09	0.914916689035797	0.8874500149543995	0.02746667408139758
Global	Social	sub-10	0.9100196407964524	0.7785514166409189	0.1314682241555335
Global	Social	sub-11	0.44365337430213453	0.28953572220377827	0.15411765209835626
Global	Social	sub-12	0.47631173512964164	0.46123802942138625	0.015073705708255392
Global	Social	sub-13	0.5789994401670653	0.5036699191701393	0.07532952099692602
Global	Social	sub-14	0.9824272681379038	0.9434186767149857	0.039008591422918126
Global	Social	sub-16	1.1346422155062394	1.153767936155596	-0.01912572064935647
Global	Social	sub-17	1.0546383821201395	1.033811217508268	0.020827164611871396
Global	Social	sub-18	0.35887783305888926	0.3894125109510793	-0.030534677892190054
Global	Social	sub-19	0.45957965318420746	0.6042501008355251	-0.14467044765131765
Global	Social	sub-20	1.2122126176642127	1.1655742734952348	0.04663834416897794
Global	Social	sub-21	1.1221615928961606	1.1119549213576845	0.010206671538476098
Global	Social	sub-22	0.5251983756154432	0.48457723578334316	0.040621139832100084
Global	Social	sub-24	0.16718008161109768	0.1995021524144614	-0.03232207080336372
Global	Social	sub-25	1.6262688542817358	1.6355526226611785	-0.00928376837944267
Global	Social	sub-26	0.9646039957704143	0.900865240372307	0.06373875539810736
Global	Social	sub-27	1.5096775198614951	1.4859052692087082	0.023772250652786875
Global	WMFS	sub-01	0.7616453207780284	0.820928272301512	-0.05928295152348362
Global	WMFS	sub-02	0.2462101749313735	0.35222078825641884	-0.10601061332504533
Global	WMFS	sub-03	0.7204142819945418	0.6704377877747426	0.04997649421979922
Global	WMFS	sub-04	1.0239908139089156	1.0064237521243067	0.017567061784608873
Global	WMFS	sub-05	0.930909537323303	0.8838750513075837	0.047034486015719246
Global	WMFS	sub-06	1.0015435111254503	0.9397386568255006	0.06180485429994964
Global	WMFS	sub-07	1.1241549024506055	1.1409267383150064	-0.016771835864400897
Global	WMFS	sub-08	0.5335905299772324	0.47661537330843506	0.05697515666879738
Global	WMFS	sub-09	0.7628540498323512	0.7428392897672583	0.02001476006509284
Global	WMFS	sub-10	1.0314543763300175	1.0892919763972506	-0.05783760006723315
Global	WMFS	sub-11	1.1701533803940856	1.1246835967451674	0.04546978364891818
Global	WMFS	sub-12	0.3212014334680754	0.14385310519416095	0.17734832827391445
Global	WMFS	sub-13	0.8713856043327893	0.9468741022952237	-0.0754884979624344
Global	WMFS	sub-14	0.48662936338161955	0.48817153683024483	-0.0015421734486252836
Global	WMFS	sub-15	1.2250311879163964	1.3383917595568322	-0.11336057164043578
Global	WMFS	sub-16	1.0375110102593055	1.0097381313222684	0.02777287893703706
Global	Demand	sub-01	1.0298133768269062	1.0466105263934207	-0.016797149566514458
Global	Demand	sub-02	1.126681478116426	1.0955883480433364	0.03109313007308967
Global	Demand	sub-05	1.0227712602050354	1.0362770307001885	-0.013505770495153113
Global	Demand	sub-06	0.9129198593930203	0.9290389170601974	-0.016119057667177028
Global	Demand	sub-07	0.9232061857771557	0.9099151850928063	0.013291000684349408
Global	Demand	sub-08	0.810536928506116	0.8262256783722962	-0.015688749866180185
Global	Demand	sub-09	1.0505095732503988	1.0441204337596375	0.006389139490761364
Global	Demand	sub-10	0.909403547647357	0.9011596948402066	0.008243852807150343
Global	Demand	sub-11	0.9315772872686199	0.8981260710051898	0.03345121626343006
Global	Demand	sub-12	0.9118002878009343	0.8967820449718301	0.015018242829104134
Global	Demand	sub-15	0.6914140691638045	0.6595714151390464	0.031842654024758166
Global	Demand	sub-16	0.8783751915631653	0.8393024140400209	0.03907277752314442
Global	Demand	sub-17	0.528757925466999	0.5686643906423513	-0.039906465175352346
Global	Demand	sub-19	0.8630413569895643	0.8261088481615355	0.03693250882802879
Global	Demand	sub-20	1.0236018172243784	1.025656716546772	-0.0020548993223936662
Global	Demand	sub-21	0.8923712714728762	0.8713955354227291	0.02097573605014713
Global	Demand	sub-24	0.8570974872205307	0.835957172877775	0.02114031434275565
Global	Demand	sub-25	0.8178503484759967	0.7837506991622771	0.03409964931371956
Global	Demand	sub-26	0.5928984808722328	0.6081891601990098	-0.015290679326776968
Global	Demand	sub-27	0.8817715679836485	0.8546292299467461	0.02714233803690247
Global	Demand	sub-29	1.0352367020522553	1.0236976935455508	0.011539008506704418
Global	Demand	sub-30	1.099779446446793	1.0828592371081271	0.01692020933866578
Global	Demand	sub-31	1.0888404858701644	1.0751535388911877	0.013686946978976655
Global	Demand	sub-34	0.9189362823009312	0.9128970516993751	0.006039230601556089
Global	Demand	sub-35	0.7624125471150737	0.7714531767354422	-0.009040629620368557
Global	Demand	sub-36	0.8402567739654097	0.8613227800027236	-0.0210660060373139
Global	Demand	sub-37	0.5988300670483985	0.6046497667074767	-0.005819699659078248
Global	Demand	sub-38	1.1500359565640101	1.1539954891631052	-0.003959532599095095
Global	Demand	sub-39	0.913544911408578	0.920439173131946	-0.006894261723368045
Global	Demand	sub-41	0.8143550450499004	0.7871417338547104	0.027213311195189993
Global	Demand	sub-43	0.7062684167345606	0.6785840778690392	0.027684338865521463
Global	Demand	sub-44	1.0581162054006394	1.0492114850173755	0.008904720383263953
Global	Demand	sub-45	0.9223757324502593	0.9538779766002812	-0.031502244150021896
Global	Demand	sub-46	0.9845996817354629	0.9726012245482955	0.01199845718716741
Global	Demand	sub-47	0.8350531442238035	0.7970686569293594	0.03798448729444415
Global	Demand	sub-48	1.047347681437428	1.0448295177656872	0.0025181636717408473
Global	Demand	sub-50	0.6994621834570265	0.7068230600254283	-0.007360876568401786
Global	Somatotopic	sub-01	0.7782260849062076	0.7183444191483449	0.05988166575786269
Global	Somatotopic	sub-02	0.6853690699571332	0.6042651981024624	0.08110387185467083
Global	Somatotopic	sub-03	0.7424633436629215	0.7448523136184839	-0.00238896995556237
Global	Somatotopic	sub-04	0.7084677644664	0.7546159232233186	-0.04614815875691858
Global	Somatotopic	sub-05	0.6886260276711074	0.6007136330894965	0.08791239458161082
Global	Somatotopic	sub-06	0.7808902890850656	0.8907036430407794	-0.10981335395571379
Global	Somatotopic	sub-07	0.7240768659629122	0.634082330578511	0.08999453538440116
Global	Somatotopic	sub-08	0.612138467522309	0.5653454031257277	0.046793064396581374
Global	Nishimoto	sub-01	0.5557153450703162	0.516206375007407	0.03950897006290921
Global	Nishimoto	sub-02	0.5475822045470948	0.5492265450394415	-0.0016443404923466298
Global	Nishimoto	sub-03	0.5468463214771955	0.5322326364628377	0.01461368501435778
Global	Nishimoto	sub-04	0.4681446248091927	0.4529163248422292	0.01522829996696351
Global	Nishimoto	sub-05	0.43894632077578627	0.5749258802659355	-0.13597955949014923
Global	Nishimoto	sub-06	0.5828341011770568	0.5794885873536388	0.003345513823417967
Global	IBC	sub-01	0.6887227545342077	0.6039325084179934	0.08479024611621433
Global	IBC	sub-04	0.8529941390709551	0.9667445588760367	-0.1137504198050816
Global	IBC	sub-05	0.6161100107069442	0.7020293158094472	-0.08591930510250301
Global	IBC	sub-06	0.7111806251866666	0.7519663562259242	-0.040785731039257644
Global	IBC	sub-07	0.5215565118519697	0.42026654220678905	0.10128996964518067
Global	IBC	sub-08	0.2617844632667263	0.28187141212333827	-0.020086948856611997
Global	IBC	sub-09	0.7389179242197157	0.7439713932010384	-0.005053468981322751
Global	IBC	sub-11	0.9602365409642649	1.0416032989126134	-0.08136675794834847
Global	IBC	sub-12	0.8131224779413454	0.8062016360290872	0.006920841912258169
Global	IBC	sub-13	0.5758910312764007	0.5757338155097906	0.00015721576661009706
Global	IBC	sub-14	0.5877562699555253	0.5595236137225958	0.028232656232929476
Global	IBC	sub-15	0.5023815864270372	0.40829401833550394	0.09408756809153329
Global	HCPur100	sub-101309	0.5609562395291771	0.2006155924441169	0.3603406470850602
Global	HCPur100	sub-103111	0.8091836740256605	0.7112803582888136	0.09790331573684685
Global	HCPur100	sub-103414	0.9405929194114129	0.9975391397283033	-0.05694622031689045
Global	HCPur100	sub-103818	0.7522999520550571	0.7064729043774862	0.04582704767757084
Global	HCPur100	sub-105014	0.4577410497378448	0.49952396749857	-0.04178291776072518
Global	HCPur100	sub-105115	0.7128630309891034	0.6590456656524978	0.05381736533660564
Global	HCPur100	sub-110411	0.34815613434911075	0.3979427611846695	-0.049786626835558734
Global	HCPur100	sub-117122	1.0024648960933014	0.8400566725886764	0.16240822350462492
Global	HCPur100	sub-118730	0.5877243589343426	0.6819401355063388	-0.0942157765719962
Global	HCPur100	sub-123117	0.5805668931991713	0.6689091838939356	-0.08834229069476429
Global	HCPur100	sub-124422	0.7269652028848086	0.736751770454621	-0.009786567569812443
Global	HCPur100	sub-127630	0.7813512189007721	0.6983578877505681	0.08299333115020402
Global	HCPur100	sub-128632	0.7443161400874655	0.7683286587516767	-0.02401251866421117
Global	HCPur100	sub-130013	0.9048872273893483	0.905071603391796	-0.0001843760024476948
Global	HCPur100	sub-130316	0.7548321226622211	0.5707036127587796	0.18412850990344154
Global	HCPur100	sub-131217	0.664642198095204	0.7880982441158311	-0.1234560460206271
Global	HCPur100	sub-153025	0.8577115880486427	1.1302235738885165	-0.2725119858398738
Global	HCPur100	sub-154734	0.9588134608855992	0.8279136865679547	0.13089977431764444
Global	HCPur100	sub-156637	0.45814681808993246	0.33581980864161864	0.12232700944831382
Global	HCPur100	sub-159340	0.8200654759071921	0.9477929654308536	-0.12772748952366142
Global	HCPur100	sub-160123	0.7580529872394324	0.7508222611395231	0.007230726099909268
Global	HCPur100	sub-161731	0.9704859080951876	1.0351867139312865	-0.06470080583609883
Global	HCPur100	sub-162733	0.6393173484772496	0.7472939326072399	-0.10797658412999023
Global	HCPur100	sub-163129	1.0629150921592336	1.1451885293148067	-0.08227343715557311
Global	HCPur100	sub-178950	0.7228829762212455	0.6848764965976888	0.038006479623556744
Global	HCPur100	sub-188347	1.0198518685338467	1.1593946792718333	-0.13954281073798658
Global	HCPur100	sub-189450	0.6456231216560553	0.5995243590922946	0.046098762563760665
Global	HCPur100	sub-190031	0.8394326196102379	0.7553613735408379	0.08407124606939997
Global	HCPur100	sub-196750	0.757598071511864	0.8800017561091015	-0.1224036845972375
Global	HCPur100	sub-198451	0.4048064690499691	0.2713962017695942	0.13341026728037486
Global	HCPur100	sub-199655	0.931147141722169	0.7361457004629214	0.19500144125924757
Global	HCPur100	sub-201111	0.609044087278636	0.5053671681223723	0.10367691915626376
Global	HCPur100	sub-208226	0.2731262637190489	0.4208844017715515	-0.1477581380525026
Global	HCPur100	sub-211417	0.7602396448557057	0.6596939416252244	0.10054570323048129
Global	HCPur100	sub-211720	0.43289682881719854	0.4874549788545359	-0.05455815003733738
Global	HCPur100	sub-212318	0.6458459499133643	0.6603818675177462	-0.014535917604381887
Global	HCPur100	sub-214423	0.6296862589358082	0.48827481430376685	0.14141144463204136
Global	HCPur100	sub-221319	0.5781527786081967	1.1126596914879026	-0.5345069128797059
Global	HCPur100	sub-239944	0.7591096534826995	0.6268198480353249	0.13228980544737468
Global	HCPur100	sub-245333	0.5714475211382158	0.38808983771773364	0.1833576834204822
Global	HCPur100	sub-280739	0.5556141594091903	0.4640941737181522	0.09151998569103814
Global	HCPur100	sub-298051	0.7619270883519982	0.8721914454539292	-0.11026435710193105
Global	HCPur100	sub-366446	0.2785881815602115	0.22197351055114836	0.05661467100906312
Global	HCPur100	sub-397760	0.9957015462250257	1.020464404140274	-0.024762857915248238
Global	HCPur100	sub-414229	1.1502908245444128	1.2749469983704242	-0.12465617382601146
Global	HCPur100	sub-654754	0.49070764245604015	0.6745582728259264	-0.18385063036988625
Global	HCPur100	sub-672756	0.5377776514770733	0.24900540971066548	0.28877224176640787
Global	HCPur100	sub-751348	0.7330134182543399	0.9573789130959705	-0.2243654948416306
Global	HCPur100	sub-792564	0.7584771870546075	0.7388481642978025	0.019629022756805004
Global	HCPur100	sub-899885	1.0733948586666253	0.866344364496464	0.2070504941701613
