train_ds	eval_ds	eval_subj	method	net_id	net_name	net_color	net_size	net_sum_weights	exclude_net_performance	full_performance	rel_performance
WfIbDeHtNiSoScLa	MDTB	sub-02	NNLS	1	01.VisualA	(0.46875, 0.070312, 0.523438, 1.0)	125	3.8985814751339953	0.26264309339449954	0.26405707255865635	-0.5354824055480334
WfIbDeHtNiSoScLa	MDTB	sub-03	NNLS	1	01.VisualA	(0.46875, 0.070312, 0.523438, 1.0)	125	3.8985814751339953	0.2774672958235889	0.2739471365879716	1.2849775615329022
WfIbDeHtNiSoScLa	MDTB	sub-04	NNLS	1	01.VisualA	(0.46875, 0.070312, 0.523438, 1.0)	125	3.8985814751339953	0.1954042961472696	0.19574142018638177	-0.17222928023674086
WfIbDeHtNiSoScLa	MDTB	sub-06	NNLS	1	01.VisualA	(0.46875, 0.070312, 0.523438, 1.0)	125	3.8985814751339953	0.4787102619875521	0.47792562205650196	0.1641761593935624
WfIbDeHtNiSoScLa	MDTB	sub-08	NNLS	1	01.VisualA	(0.46875, 0.070312, 0.523438, 1.0)	125	3.8985814751339953	0.3195298653800621	0.3173966858050445	0.6720862789121557
WfIbDeHtNiSoScLa	MDTB	sub-09	NNLS	1	01.VisualA	(0.46875, 0.070312, 0.523438, 1.0)	125	3.8985814751339953	0.2798305086243982	0.27831517652233206	0.5444662130900804
WfIbDeHtNiSoScLa	MDTB	sub-10	NNLS	1	01.VisualA	(0.46875, 0.070312, 0.523438, 1.0)	125	3.8985814751339953	0.442952102832009	0.44149305351415674	0.3304806964092923
WfIbDeHtNiSoScLa	MDTB	sub-12	NNLS	1	01.VisualA	(0.46875, 0.070312, 0.523438, 1.0)	125	3.8985814751339953	0.2947036454450532	0.29308409626523757	0.5525885575005518
WfIbDeHtNiSoScLa	MDTB	sub-14	NNLS	1	01.VisualA	(0.46875, 0.070312, 0.523438, 1.0)	125	3.8985814751339953	0.26193003800331627	0.26072367269307856	0.46269880206000064
WfIbDeHtNiSoScLa	MDTB	sub-15	NNLS	1	01.VisualA	(0.46875, 0.070312, 0.523438, 1.0)	125	3.8985814751339953	0.26482526617463525	0.26244386955396826	0.9073927406703222
WfIbDeHtNiSoScLa	MDTB	sub-17	NNLS	1	01.VisualA	(0.46875, 0.070312, 0.523438, 1.0)	125	3.8985814751339953	0.4415205287165423	0.4407718641554531	0.16985307411208608
WfIbDeHtNiSoScLa	MDTB	sub-18	NNLS	1	01.VisualA	(0.46875, 0.070312, 0.523438, 1.0)	125	3.8985814751339953	0.2711465885319389	0.27015273565672415	0.36788554918711375
WfIbDeHtNiSoScLa	MDTB	sub-19	NNLS	1	01.VisualA	(0.46875, 0.070312, 0.523438, 1.0)	125	3.8985814751339953	0.3717362302792973	0.36930663394649843	0.6578805007740137
WfIbDeHtNiSoScLa	MDTB	sub-20	NNLS	1	01.VisualA	(0.46875, 0.070312, 0.523438, 1.0)	125	3.8985814751339953	0.3281587333002581	0.3247113800007055	1.0616669177240112
WfIbDeHtNiSoScLa	MDTB	sub-21	NNLS	1	01.VisualA	(0.46875, 0.070312, 0.523438, 1.0)	125	3.8985814751339953	0.238748540460276	0.23715827289212352	0.6705511676903815
WfIbDeHtNiSoScLa	MDTB	sub-22	NNLS	1	01.VisualA	(0.46875, 0.070312, 0.523438, 1.0)	125	3.8985814751339953	0.3751088782464929	0.37495961243780707	0.039808503031938704
WfIbDeHtNiSoScLa	MDTB	sub-24	NNLS	1	01.VisualA	(0.46875, 0.070312, 0.523438, 1.0)	125	3.8985814751339953	0.3381387913605651	0.33672199183547263	0.42076239730274667
WfIbDeHtNiSoScLa	MDTB	sub-25	NNLS	1	01.VisualA	(0.46875, 0.070312, 0.523438, 1.0)	125	3.8985814751339953	0.34077421235926836	0.33992960452753096	0.24846551182599147
WfIbDeHtNiSoScLa	MDTB	sub-26	NNLS	1	01.VisualA	(0.46875, 0.070312, 0.523438, 1.0)	125	3.8985814751339953	0.30625388150591537	0.30474446827802437	0.4953045534903464
WfIbDeHtNiSoScLa	MDTB	sub-27	NNLS	1	01.VisualA	(0.46875, 0.070312, 0.523438, 1.0)	125	3.8985814751339953	0.34780965537767494	0.34747314479360336	0.09684506244978038
WfIbDeHtNiSoScLa	MDTB	sub-28	NNLS	1	01.VisualA	(0.46875, 0.070312, 0.523438, 1.0)	125	3.8985814751339953	0.3005357606859199	0.3004128842035725	0.04090253408178308
WfIbDeHtNiSoScLa	MDTB	sub-29	NNLS	1	01.VisualA	(0.46875, 0.070312, 0.523438, 1.0)	125	3.8985814751339953	0.22482831445618404	0.2233660069465584	0.6546687786631333
WfIbDeHtNiSoScLa	MDTB	sub-30	NNLS	1	01.VisualA	(0.46875, 0.070312, 0.523438, 1.0)	125	3.8985814751339953	0.17866602701702858	0.17793463860022346	0.4110433036303698
WfIbDeHtNiSoScLa	MDTB	sub-31	NNLS	1	01.VisualA	(0.46875, 0.070312, 0.523438, 1.0)	125	3.8985814751339953	0.3402559120845399	0.338815183926058	0.425225381515479
WfIbDeHtNiSoScLa	MDTB	sub-02	NNLS	2	02.VisualB	(0.996094, 0.0, 0.0, 1.0)	102	1.5550624943172913	0.26190192805194146	0.26405707255865635	-0.8161661741653053
WfIbDeHtNiSoScLa	MDTB	sub-03	NNLS	2	02.VisualB	(0.996094, 0.0, 0.0, 1.0)	102	1.5550624943172913	0.2755990466776937	0.2739471365879716	0.6030032327757606
WfIbDeHtNiSoScLa	MDTB	sub-04	NNLS	2	02.VisualB	(0.996094, 0.0, 0.0, 1.0)	102	1.5550624943172913	0.1947318961143197	0.19574142018638177	-0.5157437148973427
WfIbDeHtNiSoScLa	MDTB	sub-06	NNLS	2	02.VisualB	(0.996094, 0.0, 0.0, 1.0)	102	1.5550624943172913	0.4794189381891141	0.47792562205650196	0.3124578519532827
WfIbDeHtNiSoScLa	MDTB	sub-08	NNLS	2	02.VisualB	(0.996094, 0.0, 0.0, 1.0)	102	1.5550624943172913	0.3163948861806098	0.3173966858050445	-0.3156301465132608
WfIbDeHtNiSoScLa	MDTB	sub-09	NNLS	2	02.VisualB	(0.996094, 0.0, 0.0, 1.0)	102	1.5550624943172913	0.2773428099195354	0.27831517652233206	-0.3493760616818628
WfIbDeHtNiSoScLa	MDTB	sub-10	NNLS	2	02.VisualB	(0.996094, 0.0, 0.0, 1.0)	102	1.5550624943172913	0.4433993053993111	0.44149305351415674	0.43177392486272476
WfIbDeHtNiSoScLa	MDTB	sub-12	NNLS	2	02.VisualB	(0.996094, 0.0, 0.0, 1.0)	102	1.5550624943172913	0.293133282890755	0.29308409626523757	0.016782427345677843
WfIbDeHtNiSoScLa	MDTB	sub-14	NNLS	2	02.VisualB	(0.996094, 0.0, 0.0, 1.0)	102	1.5550624943172913	0.2592482579557785	0.26072367269307856	-0.5658921271168601
WfIbDeHtNiSoScLa	MDTB	sub-15	NNLS	2	02.VisualB	(0.996094, 0.0, 0.0, 1.0)	102	1.5550624943172913	0.26120823160481516	0.26244386955396826	-0.4708198942703853
WfIbDeHtNiSoScLa	MDTB	sub-17	NNLS	2	02.VisualB	(0.996094, 0.0, 0.0, 1.0)	102	1.5550624943172913	0.4395353403153805	0.4407718641554531	-0.280536018886294
WfIbDeHtNiSoScLa	MDTB	sub-18	NNLS	2	02.VisualB	(0.996094, 0.0, 0.0, 1.0)	102	1.5550624943172913	0.2710942298855919	0.27015273565672415	0.34850442161136463
WfIbDeHtNiSoScLa	MDTB	sub-19	NNLS	2	02.VisualB	(0.996094, 0.0, 0.0, 1.0)	102	1.5550624943172913	0.36919167448315027	0.36930663394649843	-0.031128458787668956
WfIbDeHtNiSoScLa	MDTB	sub-20	NNLS	2	02.VisualB	(0.996094, 0.0, 0.0, 1.0)	102	1.5550624943172913	0.32445169867724416	0.3247113800007055	-0.07997296659598462
WfIbDeHtNiSoScLa	MDTB	sub-21	NNLS	2	02.VisualB	(0.996094, 0.0, 0.0, 1.0)	102	1.5550624943172913	0.2372131803906946	0.23715827289212352	0.02315225941794147
WfIbDeHtNiSoScLa	MDTB	sub-22	NNLS	2	02.VisualB	(0.996094, 0.0, 0.0, 1.0)	102	1.5550624943172913	0.3733339434231538	0.37495961243780707	-0.4335584315558566
WfIbDeHtNiSoScLa	MDTB	sub-24	NNLS	2	02.VisualB	(0.996094, 0.0, 0.0, 1.0)	102	1.5550624943172913	0.33739349130164387	0.33672199183547263	0.19942251544393846
WfIbDeHtNiSoScLa	MDTB	sub-25	NNLS	2	02.VisualB	(0.996094, 0.0, 0.0, 1.0)	102	1.5550624943172913	0.33949063367046023	0.33992960452753096	-0.12913581259886364
WfIbDeHtNiSoScLa	MDTB	sub-26	NNLS	2	02.VisualB	(0.996094, 0.0, 0.0, 1.0)	102	1.5550624943172913	0.30374043172547727	0.30474446827802437	-0.3294683438293301
WfIbDeHtNiSoScLa	MDTB	sub-27	NNLS	2	02.VisualB	(0.996094, 0.0, 0.0, 1.0)	102	1.5550624943172913	0.34701575280591407	0.34747314479360336	-0.13163376639106328
WfIbDeHtNiSoScLa	MDTB	sub-28	NNLS	2	02.VisualB	(0.996094, 0.0, 0.0, 1.0)	102	1.5550624943172913	0.29829404781655533	0.3004128842035725	-0.7053080937704856
WfIbDeHtNiSoScLa	MDTB	sub-29	NNLS	2	02.VisualB	(0.996094, 0.0, 0.0, 1.0)	102	1.5550624943172913	0.22152675306702563	0.2233660069465584	-0.8234260461901068
WfIbDeHtNiSoScLa	MDTB	sub-30	NNLS	2	02.VisualB	(0.996094, 0.0, 0.0, 1.0)	102	1.5550624943172913	0.17905762768010836	0.17793463860022346	0.631124489711069
WfIbDeHtNiSoScLa	MDTB	sub-31	NNLS	2	02.VisualB	(0.996094, 0.0, 0.0, 1.0)	102	1.5550624943172913	0.33924973240401496	0.338815183926058	0.12825531398020845
WfIbDeHtNiSoScLa	MDTB	sub-02	NNLS	3	03.SomatomotorA	(0.273438, 0.507812, 0.703125, 1.0)	182	9.131514940463868	0.255308853615699	0.26405707255865635	-3.3130030785348747
WfIbDeHtNiSoScLa	MDTB	sub-03	NNLS	3	03.SomatomotorA	(0.273438, 0.507812, 0.703125, 1.0)	182	9.131514940463868	0.26771606525429265	0.2739471365879716	-2.274552459750931
WfIbDeHtNiSoScLa	MDTB	sub-04	NNLS	3	03.SomatomotorA	(0.273438, 0.507812, 0.703125, 1.0)	182	9.131514940463868	0.18980885269354975	0.19574142018638177	-3.03081866228575
WfIbDeHtNiSoScLa	MDTB	sub-06	NNLS	3	03.SomatomotorA	(0.273438, 0.507812, 0.703125, 1.0)	182	9.131514940463868	0.4694679381261531	0.47792562205650196	-1.769665307743001
WfIbDeHtNiSoScLa	MDTB	sub-08	NNLS	3	03.SomatomotorA	(0.273438, 0.507812, 0.703125, 1.0)	182	9.131514940463868	0.3098325277117739	0.3173966858050445	-2.3831874847983623
WfIbDeHtNiSoScLa	MDTB	sub-09	NNLS	3	03.SomatomotorA	(0.273438, 0.507812, 0.703125, 1.0)	182	9.131514940463868	0.2775226354816276	0.27831517652233206	-0.2847638603857744
WfIbDeHtNiSoScLa	MDTB	sub-10	NNLS	3	03.SomatomotorA	(0.273438, 0.507812, 0.703125, 1.0)	182	9.131514940463868	0.43051353339828974	0.44149305351415674	-2.4869066519786
WfIbDeHtNiSoScLa	MDTB	sub-12	NNLS	3	03.SomatomotorA	(0.273438, 0.507812, 0.703125, 1.0)	182	9.131514940463868	0.2790018328275929	0.29308409626523757	-4.8048541756767325
WfIbDeHtNiSoScLa	MDTB	sub-14	NNLS	3	03.SomatomotorA	(0.273438, 0.507812, 0.703125, 1.0)	182	9.131514940463868	0.24516451330349406	0.26072367269307856	-5.967681886677236
WfIbDeHtNiSoScLa	MDTB	sub-15	NNLS	3	03.SomatomotorA	(0.273438, 0.507812, 0.703125, 1.0)	182	9.131514940463868	0.2537095512295664	0.26244386955396826	-3.32807100400025
WfIbDeHtNiSoScLa	MDTB	sub-17	NNLS	3	03.SomatomotorA	(0.273438, 0.507812, 0.703125, 1.0)	182	9.131514940463868	0.4338825940130303	0.4407718641554531	-1.5630013398480136
WfIbDeHtNiSoScLa	MDTB	sub-18	NNLS	3	03.SomatomotorA	(0.273438, 0.507812, 0.703125, 1.0)	182	9.131514940463868	0.2612374546772949	0.27015273565672415	-3.300089098767313
WfIbDeHtNiSoScLa	MDTB	sub-19	NNLS	3	03.SomatomotorA	(0.273438, 0.507812, 0.703125, 1.0)	182	9.131514940463868	0.35894499759198084	0.36930663394649843	-2.8057000340856812
WfIbDeHtNiSoScLa	MDTB	sub-20	NNLS	3	03.SomatomotorA	(0.273438, 0.507812, 0.703125, 1.0)	182	9.131514940463868	0.31813165835374496	0.3247113800007055	-2.026329242586517
WfIbDeHtNiSoScLa	MDTB	sub-21	NNLS	3	03.SomatomotorA	(0.273438, 0.507812, 0.703125, 1.0)	182	9.131514940463868	0.22516939984934842	0.23715827289212352	-5.055220252944115
WfIbDeHtNiSoScLa	MDTB	sub-22	NNLS	3	03.SomatomotorA	(0.273438, 0.507812, 0.703125, 1.0)	182	9.131514940463868	0.37520294928335923	0.37495961243780707	0.06489681487830318
WfIbDeHtNiSoScLa	MDTB	sub-24	NNLS	3	03.SomatomotorA	(0.273438, 0.507812, 0.703125, 1.0)	182	9.131514940463868	0.3337439074090752	0.33672199183547263	-0.8844341915904755
WfIbDeHtNiSoScLa	MDTB	sub-25	NNLS	3	03.SomatomotorA	(0.273438, 0.507812, 0.703125, 1.0)	182	9.131514940463868	0.32631905758109797	0.33992960452753096	-4.003931039001538
WfIbDeHtNiSoScLa	MDTB	sub-26	NNLS	3	03.SomatomotorA	(0.273438, 0.507812, 0.703125, 1.0)	182	9.131514940463868	0.28210657670064465	0.30474446827802437	-7.428483183073475
WfIbDeHtNiSoScLa	MDTB	sub-27	NNLS	3	03.SomatomotorA	(0.273438, 0.507812, 0.703125, 1.0)	182	9.131514940463868	0.3360294407981962	0.34747314479360336	-3.2934067472191715
WfIbDeHtNiSoScLa	MDTB	sub-28	NNLS	3	03.SomatomotorA	(0.273438, 0.507812, 0.703125, 1.0)	182	9.131514940463868	0.29166872664172194	0.3004128842035725	-2.9107132289056983
WfIbDeHtNiSoScLa	MDTB	sub-29	NNLS	3	03.SomatomotorA	(0.273438, 0.507812, 0.703125, 1.0)	182	9.131514940463868	0.2193329875829733	0.2233660069465584	-1.8055654119966555
WfIbDeHtNiSoScLa	MDTB	sub-30	NNLS	3	03.SomatomotorA	(0.273438, 0.507812, 0.703125, 1.0)	182	9.131514940463868	0.1660614127558752	0.17793463860022346	-6.672801843279413
WfIbDeHtNiSoScLa	MDTB	sub-31	NNLS	3	03.SomatomotorA	(0.273438, 0.507812, 0.703125, 1.0)	182	9.131514940463868	0.33524425710996936	0.338815183926058	-1.0539453322929955
WfIbDeHtNiSoScLa	MDTB	sub-02	NNLS	4	04.SomatomotorB	(0.164062, 0.796875, 0.640625, 1.0)	146	4.048763097725802	0.2643019010411647	0.26405707255865635	0.09271801741040521
WfIbDeHtNiSoScLa	MDTB	sub-03	NNLS	4	04.SomatomotorB	(0.164062, 0.796875, 0.640625, 1.0)	146	4.048763097725802	0.2730341324695874	0.2739471365879716	-0.3332774818367181
WfIbDeHtNiSoScLa	MDTB	sub-04	NNLS	4	04.SomatomotorB	(0.164062, 0.796875, 0.640625, 1.0)	146	4.048763097725802	0.19477350055540668	0.19574142018638177	-0.4944889181111755
WfIbDeHtNiSoScLa	MDTB	sub-06	NNLS	4	04.SomatomotorB	(0.164062, 0.796875, 0.640625, 1.0)	146	4.048763097725802	0.4789472803021076	0.47792562205650196	0.21376929765963543
WfIbDeHtNiSoScLa	MDTB	sub-08	NNLS	4	04.SomatomotorB	(0.164062, 0.796875, 0.640625, 1.0)	146	4.048763097725802	0.3170620656456848	0.3173966858050445	-0.10542648185218749
WfIbDeHtNiSoScLa	MDTB	sub-09	NNLS	4	04.SomatomotorB	(0.164062, 0.796875, 0.640625, 1.0)	146	4.048763097725802	0.2787401880569452	0.27831517652233206	0.15270871675913053
WfIbDeHtNiSoScLa	MDTB	sub-10	NNLS	4	04.SomatomotorB	(0.164062, 0.796875, 0.640625, 1.0)	146	4.048763097725802	0.4420336905048683	0.44149305351415674	0.12245651124252982
WfIbDeHtNiSoScLa	MDTB	sub-12	NNLS	4	04.SomatomotorB	(0.164062, 0.796875, 0.640625, 1.0)	146	4.048763097725802	0.2931095862146926	0.29308409626523757	0.00869714521525459
WfIbDeHtNiSoScLa	MDTB	sub-14	NNLS	4	04.SomatomotorB	(0.164062, 0.796875, 0.640625, 1.0)	146	4.048763097725802	0.2613937705088244	0.26072367269307856	0.25701456596719285
WfIbDeHtNiSoScLa	MDTB	sub-15	NNLS	4	04.SomatomotorB	(0.164062, 0.796875, 0.640625, 1.0)	146	4.048763097725802	0.26269606495407727	0.26244386955396826	0.09609498615365877
WfIbDeHtNiSoScLa	MDTB	sub-17	NNLS	4	04.SomatomotorB	(0.164062, 0.796875, 0.640625, 1.0)	146	4.048763097725802	0.4429444791136312	0.4407718641554531	0.49291144350626326
WfIbDeHtNiSoScLa	MDTB	sub-18	NNLS	4	04.SomatomotorB	(0.164062, 0.796875, 0.640625, 1.0)	146	4.048763097725802	0.2712443882814232	0.27015273565672415	0.4040871998002651
WfIbDeHtNiSoScLa	MDTB	sub-19	NNLS	4	04.SomatomotorB	(0.164062, 0.796875, 0.640625, 1.0)	146	4.048763097725802	0.36981677611778785	0.36930663394649843	0.13813512252350246
WfIbDeHtNiSoScLa	MDTB	sub-20	NNLS	4	04.SomatomotorB	(0.164062, 0.796875, 0.640625, 1.0)	146	4.048763097725802	0.32617144302287004	0.3247113800007055	0.4496494770714187
WfIbDeHtNiSoScLa	MDTB	sub-21	NNLS	4	04.SomatomotorB	(0.164062, 0.796875, 0.640625, 1.0)	146	4.048763097725802	0.23751481646683445	0.23715827289212352	0.15033992715620503
WfIbDeHtNiSoScLa	MDTB	sub-22	NNLS	4	04.SomatomotorB	(0.164062, 0.796875, 0.640625, 1.0)	146	4.048763097725802	0.37573504455410184	0.37495961243780707	0.2068041705220691
WfIbDeHtNiSoScLa	MDTB	sub-24	NNLS	4	04.SomatomotorB	(0.164062, 0.796875, 0.640625, 1.0)	146	4.048763097725802	0.3364791218362606	0.33672199183547263	-0.07212775081548436
WfIbDeHtNiSoScLa	MDTB	sub-25	NNLS	4	04.SomatomotorB	(0.164062, 0.796875, 0.640625, 1.0)	146	4.048763097725802	0.3421289236753825	0.33992960452753096	0.6469925297940381
WfIbDeHtNiSoScLa	MDTB	sub-26	NNLS	4	04.SomatomotorB	(0.164062, 0.796875, 0.640625, 1.0)	146	4.048763097725802	0.3048194107640033	0.30474446827802437	0.024591910200179427
WfIbDeHtNiSoScLa	MDTB	sub-27	NNLS	4	04.SomatomotorB	(0.164062, 0.796875, 0.640625, 1.0)	146	4.048763097725802	0.3496839795537466	0.34747314479360336	0.6362606127320837
WfIbDeHtNiSoScLa	MDTB	sub-28	NNLS	4	04.SomatomotorB	(0.164062, 0.796875, 0.640625, 1.0)	146	4.048763097725802	0.29982183533420476	0.3004128842035725	-0.19674551274146004
WfIbDeHtNiSoScLa	MDTB	sub-29	NNLS	4	04.SomatomotorB	(0.164062, 0.796875, 0.640625, 1.0)	146	4.048763097725802	0.2214836306641476	0.2233660069465584	-0.8427317603708382
WfIbDeHtNiSoScLa	MDTB	sub-30	NNLS	4	04.SomatomotorB	(0.164062, 0.796875, 0.640625, 1.0)	146	4.048763097725802	0.17715099156182804	0.17793463860022346	-0.44041286427433135
WfIbDeHtNiSoScLa	MDTB	sub-31	NNLS	4	04.SomatomotorB	(0.164062, 0.796875, 0.640625, 1.0)	146	4.048763097725802	0.3384354145029907	0.338815183926058	-0.1120874863595716
WfIbDeHtNiSoScLa	MDTB	sub-02	NNLS	5	05.DorsalAttentionA	(0.289062, 0.605469, 0.234375, 1.0)	111	5.019850682620727	0.2629747761195648	0.26405707255865635	-0.4098721646060464
WfIbDeHtNiSoScLa	MDTB	sub-03	NNLS	5	05.DorsalAttentionA	(0.289062, 0.605469, 0.234375, 1.0)	111	5.019850682620727	0.27304740149360657	0.2739471365879716	-0.3284338378459743
WfIbDeHtNiSoScLa	MDTB	sub-04	NNLS	5	05.DorsalAttentionA	(0.289062, 0.605469, 0.234375, 1.0)	111	5.019850682620727	0.19523399655812787	0.19574142018638177	-0.2592316065607064
WfIbDeHtNiSoScLa	MDTB	sub-06	NNLS	5	05.DorsalAttentionA	(0.289062, 0.605469, 0.234375, 1.0)	111	5.019850682620727	0.4774507720061735	0.47792562205650196	-0.09935647481824104
WfIbDeHtNiSoScLa	MDTB	sub-08	NNLS	5	05.DorsalAttentionA	(0.289062, 0.605469, 0.234375, 1.0)	111	5.019850682620727	0.31541348008422576	0.3173966858050445	-0.6248350438154469
WfIbDeHtNiSoScLa	MDTB	sub-09	NNLS	5	05.DorsalAttentionA	(0.289062, 0.605469, 0.234375, 1.0)	111	5.019850682620727	0.2783256021579938	0.27831517652233206	0.003745981729059427
WfIbDeHtNiSoScLa	MDTB	sub-10	NNLS	5	05.DorsalAttentionA	(0.289062, 0.605469, 0.234375, 1.0)	111	5.019850682620727	0.44188851333160084	0.44149305351415674	0.08957328191153945
WfIbDeHtNiSoScLa	MDTB	sub-12	NNLS	5	05.DorsalAttentionA	(0.289062, 0.605469, 0.234375, 1.0)	111	5.019850682620727	0.2920934564042966	0.29308409626523757	-0.33800532801494215
WfIbDeHtNiSoScLa	MDTB	sub-14	NNLS	5	05.DorsalAttentionA	(0.289062, 0.605469, 0.234375, 1.0)	111	5.019850682620727	0.2598163216294738	0.26072367269307856	-0.3480125353530357
WfIbDeHtNiSoScLa	MDTB	sub-15	NNLS	5	05.DorsalAttentionA	(0.289062, 0.605469, 0.234375, 1.0)	111	5.019850682620727	0.2611196522883696	0.26244386955396826	-0.5045716129125897
WfIbDeHtNiSoScLa	MDTB	sub-17	NNLS	5	05.DorsalAttentionA	(0.289062, 0.605469, 0.234375, 1.0)	111	5.019850682620727	0.4401927061701701	0.4407718641554531	-0.13139631459751228
WfIbDeHtNiSoScLa	MDTB	sub-18	NNLS	5	05.DorsalAttentionA	(0.289062, 0.605469, 0.234375, 1.0)	111	5.019850682620727	0.26940405667418577	0.27015273565672415	-0.27713174205635766
WfIbDeHtNiSoScLa	MDTB	sub-19	NNLS	5	05.DorsalAttentionA	(0.289062, 0.605469, 0.234375, 1.0)	111	5.019850682620727	0.3672040031849894	0.36930663394649843	-0.5693455162285618
WfIbDeHtNiSoScLa	MDTB	sub-20	NNLS	5	05.DorsalAttentionA	(0.289062, 0.605469, 0.234375, 1.0)	111	5.019850682620727	0.3248730830057467	0.3247113800007055	0.04979899535422854
WfIbDeHtNiSoScLa	MDTB	sub-21	NNLS	5	05.DorsalAttentionA	(0.289062, 0.605469, 0.234375, 1.0)	111	5.019850682620727	0.23589820685106772	0.23715827289212352	-0.5313186108540138
WfIbDeHtNiSoScLa	MDTB	sub-22	NNLS	5	05.DorsalAttentionA	(0.289062, 0.605469, 0.234375, 1.0)	111	5.019850682620727	0.37201858555181755	0.37495961243780707	-0.7843583117841345
WfIbDeHtNiSoScLa	MDTB	sub-24	NNLS	5	05.DorsalAttentionA	(0.289062, 0.605469, 0.234375, 1.0)	111	5.019850682620727	0.33595094544073884	0.33672199183547263	-0.22898605182596546
WfIbDeHtNiSoScLa	MDTB	sub-25	NNLS	5	05.DorsalAttentionA	(0.289062, 0.605469, 0.234375, 1.0)	111	5.019850682620727	0.33979172740462604	0.33992960452753096	-0.040560492839849215
WfIbDeHtNiSoScLa	MDTB	sub-26	NNLS	5	05.DorsalAttentionA	(0.289062, 0.605469, 0.234375, 1.0)	111	5.019850682620727	0.3046094836043621	0.30474446827802437	-0.04429438028031672
WfIbDeHtNiSoScLa	MDTB	sub-27	NNLS	5	05.DorsalAttentionA	(0.289062, 0.605469, 0.234375, 1.0)	111	5.019850682620727	0.3456055453108935	0.34747314479360336	-0.537480237161698
WfIbDeHtNiSoScLa	MDTB	sub-28	NNLS	5	05.DorsalAttentionA	(0.289062, 0.605469, 0.234375, 1.0)	111	5.019850682620727	0.29948620784403845	0.3004128842035725	-0.3084675818717794
WfIbDeHtNiSoScLa	MDTB	sub-29	NNLS	5	05.DorsalAttentionA	(0.289062, 0.605469, 0.234375, 1.0)	111	5.019850682620727	0.2237820569001052	0.2233660069465584	0.1862637736306676
WfIbDeHtNiSoScLa	MDTB	sub-30	NNLS	5	05.DorsalAttentionA	(0.289062, 0.605469, 0.234375, 1.0)	111	5.019850682620727	0.1777120064182906	0.17793463860022346	-0.1251202035108292
WfIbDeHtNiSoScLa	MDTB	sub-31	NNLS	5	05.DorsalAttentionA	(0.289062, 0.605469, 0.234375, 1.0)	111	5.019850682620727	0.3387700909952859	0.338815183926058	-0.013309005295918441
WfIbDeHtNiSoScLa	MDTB	sub-02	NNLS	6	06.DorsalAttentionB	(0.0, 0.460938, 0.054688, 1.0)	109	7.19109077368053	0.25982242224707425	0.26405707255865635	-1.603687517455695
WfIbDeHtNiSoScLa	MDTB	sub-03	NNLS	6	06.DorsalAttentionB	(0.0, 0.460938, 0.054688, 1.0)	109	7.19109077368053	0.2736458570200924	0.2739471365879716	-0.10997726482256077
WfIbDeHtNiSoScLa	MDTB	sub-04	NNLS	6	06.DorsalAttentionB	(0.0, 0.460938, 0.054688, 1.0)	109	7.19109077368053	0.19599930767089851	0.19574142018638177	0.13174906173215065
WfIbDeHtNiSoScLa	MDTB	sub-06	NNLS	6	06.DorsalAttentionB	(0.0, 0.460938, 0.054688, 1.0)	109	7.19109077368053	0.47584980914905833	0.47792562205650196	-0.4343380667710301
WfIbDeHtNiSoScLa	MDTB	sub-08	NNLS	6	06.DorsalAttentionB	(0.0, 0.460938, 0.054688, 1.0)	109	7.19109077368053	0.3167507746041498	0.3173966858050445	-0.2035028183285533
WfIbDeHtNiSoScLa	MDTB	sub-09	NNLS	6	06.DorsalAttentionB	(0.0, 0.460938, 0.054688, 1.0)	109	7.19109077368053	0.27903634909782293	0.27831517652233206	0.2591208228391391
WfIbDeHtNiSoScLa	MDTB	sub-10	NNLS	6	06.DorsalAttentionB	(0.0, 0.460938, 0.054688, 1.0)	109	7.19109077368053	0.44267069296722783	0.44149305351415674	0.2667401998055054
WfIbDeHtNiSoScLa	MDTB	sub-12	NNLS	6	06.DorsalAttentionB	(0.0, 0.460938, 0.054688, 1.0)	109	7.19109077368053	0.29225612232712916	0.29308409626523757	-0.28250387812210037
WfIbDeHtNiSoScLa	MDTB	sub-14	NNLS	6	06.DorsalAttentionB	(0.0, 0.460938, 0.054688, 1.0)	109	7.19109077368053	0.2616236220482262	0.26072367269307856	0.34517362610454494
WfIbDeHtNiSoScLa	MDTB	sub-15	NNLS	6	06.DorsalAttentionB	(0.0, 0.460938, 0.054688, 1.0)	109	7.19109077368053	0.2657884073076441	0.26244386955396826	1.274382121921908
WfIbDeHtNiSoScLa	MDTB	sub-17	NNLS	6	06.DorsalAttentionB	(0.0, 0.460938, 0.054688, 1.0)	109	7.19109077368053	0.4398945052872682	0.4407718641554531	-0.19905056096672208
WfIbDeHtNiSoScLa	MDTB	sub-18	NNLS	6	06.DorsalAttentionB	(0.0, 0.460938, 0.054688, 1.0)	109	7.19109077368053	0.27045262962723693	0.27015273565672415	0.11100904448876062
WfIbDeHtNiSoScLa	MDTB	sub-19	NNLS	6	06.DorsalAttentionB	(0.0, 0.460938, 0.054688, 1.0)	109	7.19109077368053	0.3670037559582798	0.36930663394649843	-0.6235679992015181
WfIbDeHtNiSoScLa	MDTB	sub-20	NNLS	6	06.DorsalAttentionB	(0.0, 0.460938, 0.054688, 1.0)	109	7.19109077368053	0.32343118615976346	0.3247113800007055	-0.39425592073158683
WfIbDeHtNiSoScLa	MDTB	sub-21	NNLS	6	06.DorsalAttentionB	(0.0, 0.460938, 0.054688, 1.0)	109	7.19109077368053	0.23905973439234332	0.23715827289212352	0.8017689946176677
WfIbDeHtNiSoScLa	MDTB	sub-22	NNLS	6	06.DorsalAttentionB	(0.0, 0.460938, 0.054688, 1.0)	109	7.19109077368053	0.3779060835835381	0.37495961243780707	0.7858102707580974
WfIbDeHtNiSoScLa	MDTB	sub-24	NNLS	6	06.DorsalAttentionB	(0.0, 0.460938, 0.054688, 1.0)	109	7.19109077368053	0.33626312978642925	0.33672199183547263	-0.13627326404851856
WfIbDeHtNiSoScLa	MDTB	sub-25	NNLS	6	06.DorsalAttentionB	(0.0, 0.460938, 0.054688, 1.0)	109	7.19109077368053	0.33689392655425465	0.33992960452753096	-0.8930313608594356
WfIbDeHtNiSoScLa	MDTB	sub-26	NNLS	6	06.DorsalAttentionB	(0.0, 0.460938, 0.054688, 1.0)	109	7.19109077368053	0.3057911226173823	0.30474446827802437	0.3434531052432517
WfIbDeHtNiSoScLa	MDTB	sub-27	NNLS	6	06.DorsalAttentionB	(0.0, 0.460938, 0.054688, 1.0)	109	7.19109077368053	0.3466781802769349	0.34747314479360336	-0.22878444811631204
WfIbDeHtNiSoScLa	MDTB	sub-28	NNLS	6	06.DorsalAttentionB	(0.0, 0.460938, 0.054688, 1.0)	109	7.19109077368053	0.30093081317913867	0.3004128842035725	0.17240571320343692
WfIbDeHtNiSoScLa	MDTB	sub-29	NNLS	6	06.DorsalAttentionB	(0.0, 0.460938, 0.054688, 1.0)	109	7.19109077368053	0.22465621219497217	0.2233660069465584	0.5776193370025491
WfIbDeHtNiSoScLa	MDTB	sub-30	NNLS	6	06.DorsalAttentionB	(0.0, 0.460938, 0.054688, 1.0)	109	7.19109077368053	0.17537926748555285	0.17793463860022346	-1.4361290948031284
WfIbDeHtNiSoScLa	MDTB	sub-31	NNLS	6	06.DorsalAttentionB	(0.0, 0.460938, 0.054688, 1.0)	109	7.19109077368053	0.33726777314757306	0.338815183926058	-0.4567123469952329
WfIbDeHtNiSoScLa	MDTB	sub-02	NNLS	7	07.VentralAttentionA	(0.765625, 0.226562, 0.976562, 1.0)	151	4.667773167039822	0.26497189238411817	0.26405707255865635	0.3464477647189729
WfIbDeHtNiSoScLa	MDTB	sub-03	NNLS	7	07.VentralAttentionA	(0.765625, 0.226562, 0.976562, 1.0)	151	4.667773167039822	0.27057508436113237	0.2739471365879716	-1.2309134779937276
WfIbDeHtNiSoScLa	MDTB	sub-04	NNLS	7	07.VentralAttentionA	(0.765625, 0.226562, 0.976562, 1.0)	151	4.667773167039822	0.1962396390360871	0.19574142018638177	0.2545290870123108
WfIbDeHtNiSoScLa	MDTB	sub-06	NNLS	7	07.VentralAttentionA	(0.765625, 0.226562, 0.976562, 1.0)	151	4.667773167039822	0.47756128159910394	0.47792562205650196	-0.07623371516058901
WfIbDeHtNiSoScLa	MDTB	sub-08	NNLS	7	07.VentralAttentionA	(0.765625, 0.226562, 0.976562, 1.0)	151	4.667773167039822	0.3164610750113725	0.3173966858050445	-0.2947764849210416
WfIbDeHtNiSoScLa	MDTB	sub-09	NNLS	7	07.VentralAttentionA	(0.765625, 0.226562, 0.976562, 1.0)	151	4.667773167039822	0.27591518375434226	0.27831517652233206	-0.86232910399596
WfIbDeHtNiSoScLa	MDTB	sub-10	NNLS	7	07.VentralAttentionA	(0.765625, 0.226562, 0.976562, 1.0)	151	4.667773167039822	0.4380084693066614	0.44149305351415674	-0.7892727144309716
WfIbDeHtNiSoScLa	MDTB	sub-12	NNLS	7	07.VentralAttentionA	(0.765625, 0.226562, 0.976562, 1.0)	151	4.667773167039822	0.2918371271483382	0.29308409626523757	-0.42546461332752555
WfIbDeHtNiSoScLa	MDTB	sub-14	NNLS	7	07.VentralAttentionA	(0.765625, 0.226562, 0.976562, 1.0)	151	4.667773167039822	0.25808347964946327	0.26072367269307856	-1.0126403238893082
WfIbDeHtNiSoScLa	MDTB	sub-15	NNLS	7	07.VentralAttentionA	(0.765625, 0.226562, 0.976562, 1.0)	151	4.667773167039822	0.2602977960094479	0.26244386955396826	-0.8177266812014562
WfIbDeHtNiSoScLa	MDTB	sub-17	NNLS	7	07.VentralAttentionA	(0.765625, 0.226562, 0.976562, 1.0)	151	4.667773167039822	0.43993561155224664	0.4407718641554531	-0.1897245879813086
WfIbDeHtNiSoScLa	MDTB	sub-18	NNLS	7	07.VentralAttentionA	(0.765625, 0.226562, 0.976562, 1.0)	151	4.667773167039822	0.26888448297305334	0.27015273565672415	-0.46945764979494664
WfIbDeHtNiSoScLa	MDTB	sub-19	NNLS	7	07.VentralAttentionA	(0.765625, 0.226562, 0.976562, 1.0)	151	4.667773167039822	0.36887511807107487	0.36930663394649843	-0.11684487516844179
WfIbDeHtNiSoScLa	MDTB	sub-20	NNLS	7	07.VentralAttentionA	(0.765625, 0.226562, 0.976562, 1.0)	151	4.667773167039822	0.3227748985307887	0.3247113800007055	-0.5963700655987342
WfIbDeHtNiSoScLa	MDTB	sub-21	NNLS	7	07.VentralAttentionA	(0.765625, 0.226562, 0.976562, 1.0)	151	4.667773167039822	0.2346579463353319	0.23715827289212352	-1.0542860370419955
WfIbDeHtNiSoScLa	MDTB	sub-22	NNLS	7	07.VentralAttentionA	(0.765625, 0.226562, 0.976562, 1.0)	151	4.667773167039822	0.3727263377440434	0.37495961243780707	-0.5956040649935568
WfIbDeHtNiSoScLa	MDTB	sub-24	NNLS	7	07.VentralAttentionA	(0.765625, 0.226562, 0.976562, 1.0)	151	4.667773167039822	0.3346231668353438	0.33672199183547263	-0.6233109363270604
WfIbDeHtNiSoScLa	MDTB	sub-25	NNLS	7	07.VentralAttentionA	(0.765625, 0.226562, 0.976562, 1.0)	151	4.667773167039822	0.33816421867876156	0.33992960452753096	-0.5193386587270358
WfIbDeHtNiSoScLa	MDTB	sub-26	NNLS	7	07.VentralAttentionA	(0.765625, 0.226562, 0.976562, 1.0)	151	4.667773167039822	0.30238350985709367	0.30474446827802437	-0.7747338070716856
WfIbDeHtNiSoScLa	MDTB	sub-27	NNLS	7	07.VentralAttentionA	(0.765625, 0.226562, 0.976562, 1.0)	151	4.667773167039822	0.34654518226316994	0.34747314479360336	-0.2670602158289462
WfIbDeHtNiSoScLa	MDTB	sub-28	NNLS	7	07.VentralAttentionA	(0.765625, 0.226562, 0.976562, 1.0)	151	4.667773167039822	0.2978128450436321	0.3004128842035725	-0.8654885647908817
WfIbDeHtNiSoScLa	MDTB	sub-29	NNLS	7	07.VentralAttentionA	(0.765625, 0.226562, 0.976562, 1.0)	151	4.667773167039822	0.22153623658263494	0.2233660069465584	-0.8191803170664363
WfIbDeHtNiSoScLa	MDTB	sub-30	NNLS	7	07.VentralAttentionA	(0.765625, 0.226562, 0.976562, 1.0)	151	4.667773167039822	0.17685572566463223	0.17793463860022346	-0.606353515020361
WfIbDeHtNiSoScLa	MDTB	sub-31	NNLS	7	07.VentralAttentionA	(0.765625, 0.226562, 0.976562, 1.0)	151	4.667773167039822	0.3380259157348491	0.338815183926058	-0.23294947471455096
WfIbDeHtNiSoScLa	MDTB	sub-02	NNLS	8	08.VentralAttentionB	(0.996094, 0.59375, 0.832031, 1.0)	97	4.047019674515904	0.26554074827601576	0.26405707255865635	0.5618769090268678
WfIbDeHtNiSoScLa	MDTB	sub-03	NNLS	8	08.VentralAttentionB	(0.996094, 0.59375, 0.832031, 1.0)	97	4.047019674515904	0.2719896954831444	0.2739471365879716	-0.714532420089239
WfIbDeHtNiSoScLa	MDTB	sub-04	NNLS	8	08.VentralAttentionB	(0.996094, 0.59375, 0.832031, 1.0)	97	4.047019674515904	0.19607084106732622	0.19574142018638177	0.16829390561833263
WfIbDeHtNiSoScLa	MDTB	sub-06	NNLS	8	08.VentralAttentionB	(0.996094, 0.59375, 0.832031, 1.0)	97	4.047019674515904	0.4781243899238735	0.47792562205650196	0.041589707309739724
WfIbDeHtNiSoScLa	MDTB	sub-08	NNLS	8	08.VentralAttentionB	(0.996094, 0.59375, 0.832031, 1.0)	97	4.047019674515904	0.31626886711387	0.3173966858050445	-0.3553341107875501
WfIbDeHtNiSoScLa	MDTB	sub-09	NNLS	8	08.VentralAttentionB	(0.996094, 0.59375, 0.832031, 1.0)	97	4.047019674515904	0.2778433729948293	0.27831517652233206	-0.16952130796392234
WfIbDeHtNiSoScLa	MDTB	sub-10	NNLS	8	08.VentralAttentionB	(0.996094, 0.59375, 0.832031, 1.0)	97	4.047019674515904	0.44022402336068084	0.44149305351415674	-0.28744057089342423
WfIbDeHtNiSoScLa	MDTB	sub-12	NNLS	8	08.VentralAttentionB	(0.996094, 0.59375, 0.832031, 1.0)	97	4.047019674515904	0.29365404763719755	0.29308409626523757	0.1944668370692406
WfIbDeHtNiSoScLa	MDTB	sub-14	NNLS	8	08.VentralAttentionB	(0.996094, 0.59375, 0.832031, 1.0)	97	4.047019674515904	0.26004887367606044	0.26072367269307856	-0.2588177015335619
WfIbDeHtNiSoScLa	MDTB	sub-15	NNLS	8	08.VentralAttentionB	(0.996094, 0.59375, 0.832031, 1.0)	97	4.047019674515904	0.2627687717487334	0.26244386955396826	0.12379873658978811
WfIbDeHtNiSoScLa	MDTB	sub-17	NNLS	8	08.VentralAttentionB	(0.996094, 0.59375, 0.832031, 1.0)	97	4.047019674515904	0.44247973945832586	0.4407718641554531	0.38747375723383565
WfIbDeHtNiSoScLa	MDTB	sub-18	NNLS	8	08.VentralAttentionB	(0.996094, 0.59375, 0.832031, 1.0)	97	4.047019674515904	0.27096945371913633	0.27015273565672415	0.3023171541930867
WfIbDeHtNiSoScLa	MDTB	sub-19	NNLS	8	08.VentralAttentionB	(0.996094, 0.59375, 0.832031, 1.0)	97	4.047019674515904	0.3706711552385178	0.36930663394649843	0.3694819336002069
WfIbDeHtNiSoScLa	MDTB	sub-20	NNLS	8	08.VentralAttentionB	(0.996094, 0.59375, 0.832031, 1.0)	97	4.047019674515904	0.32422111379856206	0.3247113800007055	-0.1509852232904079
WfIbDeHtNiSoScLa	MDTB	sub-21	NNLS	8	08.VentralAttentionB	(0.996094, 0.59375, 0.832031, 1.0)	97	4.047019674515904	0.23536166631959454	0.23715827289212352	-0.7575559353757816
WfIbDeHtNiSoScLa	MDTB	sub-22	NNLS	8	08.VentralAttentionB	(0.996094, 0.59375, 0.832031, 1.0)	97	4.047019674515904	0.37467937527217215	0.37495961243780707	-0.07473796012667709
WfIbDeHtNiSoScLa	MDTB	sub-24	NNLS	8	08.VentralAttentionB	(0.996094, 0.59375, 0.832031, 1.0)	97	4.047019674515904	0.3357140105388812	0.33672199183547263	-0.29935119209081057
WfIbDeHtNiSoScLa	MDTB	sub-25	NNLS	8	08.VentralAttentionB	(0.996094, 0.59375, 0.832031, 1.0)	97	4.047019674515904	0.3402072041640036	0.33992960452753096	0.08166386003903676
WfIbDeHtNiSoScLa	MDTB	sub-26	NNLS	8	08.VentralAttentionB	(0.996094, 0.59375, 0.832031, 1.0)	97	4.047019674515904	0.3052351057253182	0.30474446827802437	0.16099962373926044
WfIbDeHtNiSoScLa	MDTB	sub-27	NNLS	8	08.VentralAttentionB	(0.996094, 0.59375, 0.832031, 1.0)	97	4.047019674515904	0.3473700500908329	0.34747314479360336	-0.029669833285020132
WfIbDeHtNiSoScLa	MDTB	sub-28	NNLS	8	08.VentralAttentionB	(0.996094, 0.59375, 0.832031, 1.0)	97	4.047019674515904	0.3000642083707669	0.3004128842035725	-0.11606553884329733
WfIbDeHtNiSoScLa	MDTB	sub-29	NNLS	8	08.VentralAttentionB	(0.996094, 0.59375, 0.832031, 1.0)	97	4.047019674515904	0.22344976955967832	0.2233660069465584	0.037500161401001195
WfIbDeHtNiSoScLa	MDTB	sub-30	NNLS	8	08.VentralAttentionB	(0.996094, 0.59375, 0.832031, 1.0)	97	4.047019674515904	0.17815965767585978	0.17793463860022346	0.126461647606393
WfIbDeHtNiSoScLa	MDTB	sub-31	NNLS	8	08.VentralAttentionB	(0.996094, 0.59375, 0.832031, 1.0)	97	4.047019674515904	0.33773735235434743	0.338815183926058	-0.31811784797276504
WfIbDeHtNiSoScLa	MDTB	sub-02	NNLS	9	09.LimbicA	(0.859375, 0.96875, 0.640625, 1.0)	71	1.2362888579754314	0.2651652171490747	0.26405707255865635	0.41966101482557355
WfIbDeHtNiSoScLa	MDTB	sub-03	NNLS	9	09.LimbicA	(0.859375, 0.96875, 0.640625, 1.0)	71	1.2362888579754314	0.2743965227281705	0.2739471365879716	0.1640411890396213
WfIbDeHtNiSoScLa	MDTB	sub-04	NNLS	9	09.LimbicA	(0.859375, 0.96875, 0.640625, 1.0)	71	1.2362888579754314	0.19663542937550116	0.19574142018638177	0.45672969383185585
WfIbDeHtNiSoScLa	MDTB	sub-06	NNLS	9	09.LimbicA	(0.859375, 0.96875, 0.640625, 1.0)	71	1.2362888579754314	0.4777549560404352	0.47792562205650196	-0.03570974398325276
WfIbDeHtNiSoScLa	MDTB	sub-08	NNLS	9	09.LimbicA	(0.859375, 0.96875, 0.640625, 1.0)	71	1.2362888579754314	0.3179406976916161	0.3173966858050445	0.17139809925606936
WfIbDeHtNiSoScLa	MDTB	sub-09	NNLS	9	09.LimbicA	(0.859375, 0.96875, 0.640625, 1.0)	71	1.2362888579754314	0.27915725371880323	0.27831517652233206	0.30256244269295207
WfIbDeHtNiSoScLa	MDTB	sub-10	NNLS	9	09.LimbicA	(0.859375, 0.96875, 0.640625, 1.0)	71	1.2362888579754314	0.4420256375322266	0.44149305351415674	0.1206324796801823
WfIbDeHtNiSoScLa	MDTB	sub-12	NNLS	9	09.LimbicA	(0.859375, 0.96875, 0.640625, 1.0)	71	1.2362888579754314	0.29313108009507965	0.29308409626523757	0.016030835668259726
WfIbDeHtNiSoScLa	MDTB	sub-14	NNLS	9	09.LimbicA	(0.859375, 0.96875, 0.640625, 1.0)	71	1.2362888579754314	0.2613566472708022	0.26072367269307856	0.24277602842331342
WfIbDeHtNiSoScLa	MDTB	sub-15	NNLS	9	09.LimbicA	(0.859375, 0.96875, 0.640625, 1.0)	71	1.2362888579754314	0.262665767399523	0.26244386955396826	0.08455059206827206
WfIbDeHtNiSoScLa	MDTB	sub-17	NNLS	9	09.LimbicA	(0.859375, 0.96875, 0.640625, 1.0)	71	1.2362888579754314	0.44093186606042184	0.4407718641554531	0.03630038983438873
WfIbDeHtNiSoScLa	MDTB	sub-18	NNLS	9	09.LimbicA	(0.859375, 0.96875, 0.640625, 1.0)	71	1.2362888579754314	0.27033044807830675	0.27015273565672415	0.06578220322314748
WfIbDeHtNiSoScLa	MDTB	sub-19	NNLS	9	09.LimbicA	(0.859375, 0.96875, 0.640625, 1.0)	71	1.2362888579754314	0.3696565729305839	0.36930663394649843	0.09475567236524911
WfIbDeHtNiSoScLa	MDTB	sub-20	NNLS	9	09.LimbicA	(0.859375, 0.96875, 0.640625, 1.0)	71	1.2362888579754314	0.3245746425730713	0.3247113800007055	-0.042110451328779
WfIbDeHtNiSoScLa	MDTB	sub-21	NNLS	9	09.LimbicA	(0.859375, 0.96875, 0.640625, 1.0)	71	1.2362888579754314	0.23762739730173027	0.23715827289212352	0.1978106873042307
WfIbDeHtNiSoScLa	MDTB	sub-22	NNLS	9	09.LimbicA	(0.859375, 0.96875, 0.640625, 1.0)	71	1.2362888579754314	0.3762589049030067	0.37495961243780707	0.34651531047630274
WfIbDeHtNiSoScLa	MDTB	sub-24	NNLS	9	09.LimbicA	(0.859375, 0.96875, 0.640625, 1.0)	71	1.2362888579754314	0.3374367597818908	0.33672199183547263	0.2122724276255224
WfIbDeHtNiSoScLa	MDTB	sub-25	NNLS	9	09.LimbicA	(0.859375, 0.96875, 0.640625, 1.0)	71	1.2362888579754314	0.34046785834538296	0.33992960452753096	0.15834273057803167
WfIbDeHtNiSoScLa	MDTB	sub-26	NNLS	9	09.LimbicA	(0.859375, 0.96875, 0.640625, 1.0)	71	1.2362888579754314	0.305833036630699	0.30474446827802437	0.35720692776661045
WfIbDeHtNiSoScLa	MDTB	sub-27	NNLS	9	09.LimbicA	(0.859375, 0.96875, 0.640625, 1.0)	71	1.2362888579754314	0.34861458173951054	0.34747314479360336	0.3284964501602526
WfIbDeHtNiSoScLa	MDTB	sub-28	NNLS	9	09.LimbicA	(0.859375, 0.96875, 0.640625, 1.0)	71	1.2362888579754314	0.3014214315032601	0.3004128842035725	0.33572038774615276
WfIbDeHtNiSoScLa	MDTB	sub-29	NNLS	9	09.LimbicA	(0.859375, 0.96875, 0.640625, 1.0)	71	1.2362888579754314	0.22453038686643723	0.2233660069465584	0.521287878937379
WfIbDeHtNiSoScLa	MDTB	sub-30	NNLS	9	09.LimbicA	(0.859375, 0.96875, 0.640625, 1.0)	71	1.2362888579754314	0.1784055587848526	0.17793463860022346	0.2646590839949809
WfIbDeHtNiSoScLa	MDTB	sub-31	NNLS	9	09.LimbicA	(0.859375, 0.96875, 0.640625, 1.0)	71	1.2362888579754314	0.3388275906521827	0.338815183926058	0.003661797556110668
WfIbDeHtNiSoScLa	MDTB	sub-02	NNLS	10	10.LimbicB	(0.476562, 0.527344, 0.195312, 1.0)	75	11.722731712387118	0.2638330359908345	0.26405707255865635	-0.0848439943876382
WfIbDeHtNiSoScLa	MDTB	sub-03	NNLS	10	10.LimbicB	(0.476562, 0.527344, 0.195312, 1.0)	75	11.722731712387118	0.2821689987022661	0.2739471365879716	3.0012586430719024
WfIbDeHtNiSoScLa	MDTB	sub-04	NNLS	10	10.LimbicB	(0.476562, 0.527344, 0.195312, 1.0)	75	11.722731712387118	0.19907431144027773	0.19574142018638177	1.7027010689523145
WfIbDeHtNiSoScLa	MDTB	sub-06	NNLS	10	10.LimbicB	(0.476562, 0.527344, 0.195312, 1.0)	75	11.722731712387118	0.47659861874399595	0.47792562205650196	-0.2776589601528272
WfIbDeHtNiSoScLa	MDTB	sub-08	NNLS	10	10.LimbicB	(0.476562, 0.527344, 0.195312, 1.0)	75	11.722731712387118	0.3247317148622701	0.3173966858050445	2.3109973686779526
WfIbDeHtNiSoScLa	MDTB	sub-09	NNLS	10	10.LimbicB	(0.476562, 0.527344, 0.195312, 1.0)	75	11.722731712387118	0.28669169601004674	0.27831517652233206	3.009724296167708
WfIbDeHtNiSoScLa	MDTB	sub-10	NNLS	10	10.LimbicB	(0.476562, 0.527344, 0.195312, 1.0)	75	11.722731712387118	0.4529779362142996	0.44149305351415674	2.6013733644791293
WfIbDeHtNiSoScLa	MDTB	sub-12	NNLS	10	10.LimbicB	(0.476562, 0.527344, 0.195312, 1.0)	75	11.722731712387118	0.31247466731080464	0.29308409626523757	6.616043413020554
WfIbDeHtNiSoScLa	MDTB	sub-14	NNLS	10	10.LimbicB	(0.476562, 0.527344, 0.195312, 1.0)	75	11.722731712387118	0.26980455410568915	0.26072367269307856	3.4829523989179627
WfIbDeHtNiSoScLa	MDTB	sub-15	NNLS	10	10.LimbicB	(0.476562, 0.527344, 0.195312, 1.0)	75	11.722731712387118	0.27025670342222174	0.26244386955396826	2.976954227024487
WfIbDeHtNiSoScLa	MDTB	sub-17	NNLS	10	10.LimbicB	(0.476562, 0.527344, 0.195312, 1.0)	75	11.722731712387118	0.4383063561836806	0.4407718641554531	-0.5593614684314298
WfIbDeHtNiSoScLa	MDTB	sub-18	NNLS	10	10.LimbicB	(0.476562, 0.527344, 0.195312, 1.0)	75	11.722731712387118	0.2788201670466449	0.27015273565672415	3.208344853088676
WfIbDeHtNiSoScLa	MDTB	sub-19	NNLS	10	10.LimbicB	(0.476562, 0.527344, 0.195312, 1.0)	75	11.722731712387118	0.38845865898752135	0.36930663394649843	5.185941242473723
WfIbDeHtNiSoScLa	MDTB	sub-20	NNLS	10	10.LimbicB	(0.476562, 0.527344, 0.195312, 1.0)	75	11.722731712387118	0.3299085649715444	0.3247113800007055	1.6005552287165417
WfIbDeHtNiSoScLa	MDTB	sub-21	NNLS	10	10.LimbicB	(0.476562, 0.527344, 0.195312, 1.0)	75	11.722731712387118	0.239546370415528	0.23715827289212352	1.006963617284719
WfIbDeHtNiSoScLa	MDTB	sub-22	NNLS	10	10.LimbicB	(0.476562, 0.527344, 0.195312, 1.0)	75	11.722731712387118	0.38936301948734436	0.37495961243780707	3.841322257587496
WfIbDeHtNiSoScLa	MDTB	sub-24	NNLS	10	10.LimbicB	(0.476562, 0.527344, 0.195312, 1.0)	75	11.722731712387118	0.3321380180386401	0.33672199183547263	-1.3613526612399898
WfIbDeHtNiSoScLa	MDTB	sub-25	NNLS	10	10.LimbicB	(0.476562, 0.527344, 0.195312, 1.0)	75	11.722731712387118	0.3451893452393212	0.33992960452753096	1.5473029244101224
WfIbDeHtNiSoScLa	MDTB	sub-26	NNLS	10	10.LimbicB	(0.476562, 0.527344, 0.195312, 1.0)	75	11.722731712387118	0.32030338665958163	0.30474446827802437	5.105562200841184
WfIbDeHtNiSoScLa	MDTB	sub-27	NNLS	10	10.LimbicB	(0.476562, 0.527344, 0.195312, 1.0)	75	11.722731712387118	0.3644361335213403	0.34747314479360336	4.881812877312528
WfIbDeHtNiSoScLa	MDTB	sub-28	NNLS	10	10.LimbicB	(0.476562, 0.527344, 0.195312, 1.0)	75	11.722731712387118	0.31284714585899315	0.3004128842035725	4.139057380440009
WfIbDeHtNiSoScLa	MDTB	sub-29	NNLS	10	10.LimbicB	(0.476562, 0.527344, 0.195312, 1.0)	75	11.722731712387118	0.23568754084166246	0.2233660069465584	5.516297696118134
WfIbDeHtNiSoScLa	MDTB	sub-30	NNLS	10	10.LimbicB	(0.476562, 0.527344, 0.195312, 1.0)	75	11.722731712387118	0.19511003019905124	0.17793463860022346	9.652640842695485
WfIbDeHtNiSoScLa	MDTB	sub-31	NNLS	10	10.LimbicB	(0.476562, 0.527344, 0.195312, 1.0)	75	11.722731712387118	0.3448539596947165	0.338815183926058	1.7823214705679797
WfIbDeHtNiSoScLa	MDTB	sub-02	NNLS	11	11.ControlC	(0.464844, 0.546875, 0.6875, 1.0)	43	1.0489289603079843	0.26413642171302176	0.26405707255865635	0.030050001538129395
WfIbDeHtNiSoScLa	MDTB	sub-03	NNLS	11	11.ControlC	(0.464844, 0.546875, 0.6875, 1.0)	43	1.0489289603079843	0.2735038842258776	0.2739471365879716	-0.16180215190956415
WfIbDeHtNiSoScLa	MDTB	sub-04	NNLS	11	11.ControlC	(0.464844, 0.546875, 0.6875, 1.0)	43	1.0489289603079843	0.19566194425270433	0.19574142018638177	-0.04060251202926839
WfIbDeHtNiSoScLa	MDTB	sub-06	NNLS	11	11.ControlC	(0.464844, 0.546875, 0.6875, 1.0)	43	1.0489289603079843	0.4778799381819474	0.47792562205650196	-0.009558783301464755
WfIbDeHtNiSoScLa	MDTB	sub-08	NNLS	11	11.ControlC	(0.464844, 0.546875, 0.6875, 1.0)	43	1.0489289603079843	0.31709092121567173	0.3173966858050445	-0.09633515504335469
WfIbDeHtNiSoScLa	MDTB	sub-09	NNLS	11	11.ControlC	(0.464844, 0.546875, 0.6875, 1.0)	43	1.0489289603079843	0.2781545252654157	0.27831517652233206	-0.057722779951778165
WfIbDeHtNiSoScLa	MDTB	sub-10	NNLS	11	11.ControlC	(0.464844, 0.546875, 0.6875, 1.0)	43	1.0489289603079843	0.44156097619265283	0.44149305351415674	0.015384767201985592
WfIbDeHtNiSoScLa	MDTB	sub-12	NNLS	11	11.ControlC	(0.464844, 0.546875, 0.6875, 1.0)	43	1.0489289603079843	0.29245130284878795	0.29308409626523757	-0.21590847968664495
WfIbDeHtNiSoScLa	MDTB	sub-14	NNLS	11	11.ControlC	(0.464844, 0.546875, 0.6875, 1.0)	43	1.0489289603079843	0.2601754143523532	0.26072367269307856	-0.21028329919652713
WfIbDeHtNiSoScLa	MDTB	sub-15	NNLS	11	11.ControlC	(0.464844, 0.546875, 0.6875, 1.0)	43	1.0489289603079843	0.2620947176196587	0.26244386955396826	-0.13303870839237397
WfIbDeHtNiSoScLa	MDTB	sub-17	NNLS	11	11.ControlC	(0.464844, 0.546875, 0.6875, 1.0)	43	1.0489289603079843	0.44096006657224524	0.4407718641554531	0.04269837348913702
WfIbDeHtNiSoScLa	MDTB	sub-18	NNLS	11	11.ControlC	(0.464844, 0.546875, 0.6875, 1.0)	43	1.0489289603079843	0.26987307280558526	0.27015273565672415	-0.10352027361820075
WfIbDeHtNiSoScLa	MDTB	sub-19	NNLS	11	11.ControlC	(0.464844, 0.546875, 0.6875, 1.0)	43	1.0489289603079843	0.3687374225661266	0.36930663394649843	-0.15412974695013612
WfIbDeHtNiSoScLa	MDTB	sub-20	NNLS	11	11.ControlC	(0.464844, 0.546875, 0.6875, 1.0)	43	1.0489289603079843	0.32472189653018924	0.3247113800007055	0.00323873141856862
WfIbDeHtNiSoScLa	MDTB	sub-21	NNLS	11	11.ControlC	(0.464844, 0.546875, 0.6875, 1.0)	43	1.0489289603079843	0.23719902214111335	0.23715827289212352	0.017182301293099316
WfIbDeHtNiSoScLa	MDTB	sub-22	NNLS	11	11.ControlC	(0.464844, 0.546875, 0.6875, 1.0)	43	1.0489289603079843	0.37429313031439887	0.37495961243780707	-0.17774770969999945
WfIbDeHtNiSoScLa	MDTB	sub-24	NNLS	11	11.ControlC	(0.464844, 0.546875, 0.6875, 1.0)	43	1.0489289603079843	0.3367296625432013	0.33672199183547263	0.0022780536806804846
WfIbDeHtNiSoScLa	MDTB	sub-25	NNLS	11	11.ControlC	(0.464844, 0.546875, 0.6875, 1.0)	43	1.0489289603079843	0.33965123235494343	0.33992960452753096	-0.0818911235973215
WfIbDeHtNiSoScLa	MDTB	sub-26	NNLS	11	11.ControlC	(0.464844, 0.546875, 0.6875, 1.0)	43	1.0489289603079843	0.3038598137811294	0.30474446827802437	-0.2902938655109128
WfIbDeHtNiSoScLa	MDTB	sub-27	NNLS	11	11.ControlC	(0.464844, 0.546875, 0.6875, 1.0)	43	1.0489289603079843	0.34698759711579724	0.34747314479360336	-0.1397367494672233
WfIbDeHtNiSoScLa	MDTB	sub-28	NNLS	11	11.ControlC	(0.464844, 0.546875, 0.6875, 1.0)	43	1.0489289603079843	0.29979888349933687	0.3004128842035725	-0.20438560944661244
WfIbDeHtNiSoScLa	MDTB	sub-29	NNLS	11	11.ControlC	(0.464844, 0.546875, 0.6875, 1.0)	43	1.0489289603079843	0.2230786677000768	0.2233660069465584	-0.1286405440154241
WfIbDeHtNiSoScLa	MDTB	sub-30	NNLS	11	11.ControlC	(0.464844, 0.546875, 0.6875, 1.0)	43	1.0489289603079843	0.17763283239844882	0.17793463860022346	-0.1696163288659757
WfIbDeHtNiSoScLa	MDTB	sub-31	NNLS	11	11.ControlC	(0.464844, 0.546875, 0.6875, 1.0)	43	1.0489289603079843	0.33862971389882734	0.338815183926058	-0.05474076606646531
WfIbDeHtNiSoScLa	MDTB	sub-02	NNLS	12	12.ControlA	(0.898438, 0.578125, 0.132812, 1.0)	109	10.254245116754628	0.2639477042614208	0.26405707255865635	-0.04141843131706822
WfIbDeHtNiSoScLa	MDTB	sub-03	NNLS	12	12.ControlA	(0.898438, 0.578125, 0.132812, 1.0)	109	10.254245116754628	0.2697280644618444	0.2739471365879716	-1.540104480987103
WfIbDeHtNiSoScLa	MDTB	sub-04	NNLS	12	12.ControlA	(0.898438, 0.578125, 0.132812, 1.0)	109	10.254245116754628	0.19358605768587958	0.19574142018638177	-1.1011274458159588
WfIbDeHtNiSoScLa	MDTB	sub-06	NNLS	12	12.ControlA	(0.898438, 0.578125, 0.132812, 1.0)	109	10.254245116754628	0.4765608486152321	0.47792562205650196	-0.28556189044589275
WfIbDeHtNiSoScLa	MDTB	sub-08	NNLS	12	12.ControlA	(0.898438, 0.578125, 0.132812, 1.0)	109	10.254245116754628	0.3158299699978376	0.3173966858050445	-0.49361441920324184
WfIbDeHtNiSoScLa	MDTB	sub-09	NNLS	12	12.ControlA	(0.898438, 0.578125, 0.132812, 1.0)	109	10.254245116754628	0.27651860375627163	0.27831517652233206	-0.6455173550035551
WfIbDeHtNiSoScLa	MDTB	sub-10	NNLS	12	12.ControlA	(0.898438, 0.578125, 0.132812, 1.0)	109	10.254245116754628	0.43352201319726397	0.44149305351415674	-1.805473552402604
WfIbDeHtNiSoScLa	MDTB	sub-12	NNLS	12	12.ControlA	(0.898438, 0.578125, 0.132812, 1.0)	109	10.254245116754628	0.2894267460841038	0.29308409626523757	-1.2478842174445113
WfIbDeHtNiSoScLa	MDTB	sub-14	NNLS	12	12.ControlA	(0.898438, 0.578125, 0.132812, 1.0)	109	10.254245116754628	0.25864212760924915	0.26072367269307856	-0.7983721088034001
WfIbDeHtNiSoScLa	MDTB	sub-15	NNLS	12	12.ControlA	(0.898438, 0.578125, 0.132812, 1.0)	109	10.254245116754628	0.2601791869322232	0.26244386955396826	-0.8629207554339001
WfIbDeHtNiSoScLa	MDTB	sub-17	NNLS	12	12.ControlA	(0.898438, 0.578125, 0.132812, 1.0)	109	10.254245116754628	0.43916082748066815	0.4407718641554531	-0.36550351912135065
WfIbDeHtNiSoScLa	MDTB	sub-18	NNLS	12	12.ControlA	(0.898438, 0.578125, 0.132812, 1.0)	109	10.254245116754628	0.2679521483826612	0.27015273565672415	-0.8145715306985445
WfIbDeHtNiSoScLa	MDTB	sub-19	NNLS	12	12.ControlA	(0.898438, 0.578125, 0.132812, 1.0)	109	10.254245116754628	0.36967042491762925	0.36930663394649843	0.0985064815227554
WfIbDeHtNiSoScLa	MDTB	sub-20	NNLS	12	12.ControlA	(0.898438, 0.578125, 0.132812, 1.0)	109	10.254245116754628	0.32354023600293397	0.3247113800007055	-0.3606722985098253
WfIbDeHtNiSoScLa	MDTB	sub-21	NNLS	12	12.ControlA	(0.898438, 0.578125, 0.132812, 1.0)	109	10.254245116754628	0.23689231266093144	0.23715827289212352	-0.11214461462748662
WfIbDeHtNiSoScLa	MDTB	sub-22	NNLS	12	12.ControlA	(0.898438, 0.578125, 0.132812, 1.0)	109	10.254245116754628	0.37127181564613776	0.37495961243780707	-0.9835184028735856
WfIbDeHtNiSoScLa	MDTB	sub-24	NNLS	12	12.ControlA	(0.898438, 0.578125, 0.132812, 1.0)	109	10.254245116754628	0.334881616285825	0.33672199183547263	-0.5465563860607137
WfIbDeHtNiSoScLa	MDTB	sub-25	NNLS	12	12.ControlA	(0.898438, 0.578125, 0.132812, 1.0)	109	10.254245116754628	0.3407844253188049	0.33992960452753096	0.2514699455088742
WfIbDeHtNiSoScLa	MDTB	sub-26	NNLS	12	12.ControlA	(0.898438, 0.578125, 0.132812, 1.0)	109	10.254245116754628	0.3029654444500958	0.30474446827802437	-0.5837755933622104
WfIbDeHtNiSoScLa	MDTB	sub-27	NNLS	12	12.ControlA	(0.898438, 0.578125, 0.132812, 1.0)	109	10.254245116754628	0.34556334693217344	0.34747314479360336	-0.5496245940285039
WfIbDeHtNiSoScLa	MDTB	sub-28	NNLS	12	12.ControlA	(0.898438, 0.578125, 0.132812, 1.0)	109	10.254245116754628	0.29688132019202573	0.3004128842035725	-1.1755700894484984
WfIbDeHtNiSoScLa	MDTB	sub-29	NNLS	12	12.ControlA	(0.898438, 0.578125, 0.132812, 1.0)	109	10.254245116754628	0.21751561735223468	0.2233660069465584	-2.6191942428032267
WfIbDeHtNiSoScLa	MDTB	sub-30	NNLS	12	12.ControlA	(0.898438, 0.578125, 0.132812, 1.0)	109	10.254245116754628	0.1743693679956541	0.17793463860022346	-2.003696769002722
WfIbDeHtNiSoScLa	MDTB	sub-31	NNLS	12	12.ControlA	(0.898438, 0.578125, 0.132812, 1.0)	109	10.254245116754628	0.33630961920935487	0.338815183926058	-0.7395078011763216
WfIbDeHtNiSoScLa	MDTB	sub-02	NNLS	13	13.ControlB	(0.527344, 0.195312, 0.289062, 1.0)	100	6.306813330616179	0.2670101833690567	0.26405707255865635	1.1183608080576404
WfIbDeHtNiSoScLa	MDTB	sub-03	NNLS	13	13.ControlB	(0.527344, 0.195312, 0.289062, 1.0)	100	6.306813330616179	0.27322330288285046	0.2739471365879716	-0.2642238623613769
WfIbDeHtNiSoScLa	MDTB	sub-04	NNLS	13	13.ControlB	(0.527344, 0.195312, 0.289062, 1.0)	100	6.306813330616179	0.1958258064536122	0.19574142018638177	0.04311109378386693
WfIbDeHtNiSoScLa	MDTB	sub-06	NNLS	13	13.ControlB	(0.527344, 0.195312, 0.289062, 1.0)	100	6.306813330616179	0.47619211345940515	0.47792562205650196	-0.362715141665259
WfIbDeHtNiSoScLa	MDTB	sub-08	NNLS	13	13.ControlB	(0.527344, 0.195312, 0.289062, 1.0)	100	6.306813330616179	0.31780095133001707	0.3173966858050445	0.12736917020642535
WfIbDeHtNiSoScLa	MDTB	sub-09	NNLS	13	13.ControlB	(0.527344, 0.195312, 0.289062, 1.0)	100	6.306813330616179	0.2766542637871616	0.27831517652233206	-0.5967740444212416
WfIbDeHtNiSoScLa	MDTB	sub-10	NNLS	13	13.ControlB	(0.527344, 0.195312, 0.289062, 1.0)	100	6.306813330616179	0.4398435479655081	0.44149305351415674	-0.3736198192743999
WfIbDeHtNiSoScLa	MDTB	sub-12	NNLS	13	13.ControlB	(0.527344, 0.195312, 0.289062, 1.0)	100	6.306813330616179	0.2933992235493137	0.29308409626523757	0.10752111359564721
WfIbDeHtNiSoScLa	MDTB	sub-14	NNLS	13	13.ControlB	(0.527344, 0.195312, 0.289062, 1.0)	100	6.306813330616179	0.2602152268800776	0.26072367269307856	-0.19501329041168655
WfIbDeHtNiSoScLa	MDTB	sub-15	NNLS	13	13.ControlB	(0.527344, 0.195312, 0.289062, 1.0)	100	6.306813330616179	0.2599871421568329	0.26244386955396826	-0.9360963170184385
WfIbDeHtNiSoScLa	MDTB	sub-17	NNLS	13	13.ControlB	(0.527344, 0.195312, 0.289062, 1.0)	100	6.306813330616179	0.4401091081589134	0.4407718641554531	-0.1503625912714691
WfIbDeHtNiSoScLa	MDTB	sub-18	NNLS	13	13.ControlB	(0.527344, 0.195312, 0.289062, 1.0)	100	6.306813330616179	0.26931461112756105	0.27015273565672415	-0.310240992794565
WfIbDeHtNiSoScLa	MDTB	sub-19	NNLS	13	13.ControlB	(0.527344, 0.195312, 0.289062, 1.0)	100	6.306813330616179	0.36736170888670094	0.36930663394649843	-0.5266423294414063
WfIbDeHtNiSoScLa	MDTB	sub-20	NNLS	13	13.ControlB	(0.527344, 0.195312, 0.289062, 1.0)	100	6.306813330616179	0.32266148186127586	0.3247113800007055	-0.6312985209896786
WfIbDeHtNiSoScLa	MDTB	sub-21	NNLS	13	13.ControlB	(0.527344, 0.195312, 0.289062, 1.0)	100	6.306813330616179	0.2365155942508825	0.23715827289212352	-0.27099144946689185
WfIbDeHtNiSoScLa	MDTB	sub-22	NNLS	13	13.ControlB	(0.527344, 0.195312, 0.289062, 1.0)	100	6.306813330616179	0.37501991741355745	0.37495961243780707	0.016083059014891352
WfIbDeHtNiSoScLa	MDTB	sub-24	NNLS	13	13.ControlB	(0.527344, 0.195312, 0.289062, 1.0)	100	6.306813330616179	0.33636266032690176	0.33672199183547263	-0.10671459461621534
WfIbDeHtNiSoScLa	MDTB	sub-25	NNLS	13	13.ControlB	(0.527344, 0.195312, 0.289062, 1.0)	100	6.306813330616179	0.33977180477895724	0.33992960452753096	-0.0464213020790123
WfIbDeHtNiSoScLa	MDTB	sub-26	NNLS	13	13.ControlB	(0.527344, 0.195312, 0.289062, 1.0)	100	6.306813330616179	0.30294834588890757	0.30474446827802437	-0.5893863797646256
WfIbDeHtNiSoScLa	MDTB	sub-27	NNLS	13	13.ControlB	(0.527344, 0.195312, 0.289062, 1.0)	100	6.306813330616179	0.3469634684741896	0.34747314479360336	-0.14668078009784954
WfIbDeHtNiSoScLa	MDTB	sub-28	NNLS	13	13.ControlB	(0.527344, 0.195312, 0.289062, 1.0)	100	6.306813330616179	0.30077184663814344	0.3004128842035725	0.11948969350053071
WfIbDeHtNiSoScLa	MDTB	sub-29	NNLS	13	13.ControlB	(0.527344, 0.195312, 0.289062, 1.0)	100	6.306813330616179	0.22353777774864653	0.2233660069465584	0.07690104883740471
WfIbDeHtNiSoScLa	MDTB	sub-30	NNLS	13	13.ControlB	(0.527344, 0.195312, 0.289062, 1.0)	100	6.306813330616179	0.17825924283174474	0.17793463860022346	0.1824289155135153
WfIbDeHtNiSoScLa	MDTB	sub-31	NNLS	13	13.ControlB	(0.527344, 0.195312, 0.289062, 1.0)	100	6.306813330616179	0.33746543199753015	0.338815183926058	-0.398374096723595
WfIbDeHtNiSoScLa	MDTB	sub-02	NNLS	14	14.TemporalParietal	(0.046875, 0.1875, 0.996094, 1.0)	66	4.286690982407685	0.26540647081543456	0.26405707255865635	0.5110252278807881
WfIbDeHtNiSoScLa	MDTB	sub-03	NNLS	14	14.TemporalParietal	(0.046875, 0.1875, 0.996094, 1.0)	66	4.286690982407685	0.2722467886606985	0.2739471365879716	-0.6206846869987475
WfIbDeHtNiSoScLa	MDTB	sub-04	NNLS	14	14.TemporalParietal	(0.046875, 0.1875, 0.996094, 1.0)	66	4.286690982407685	0.19605816755592068	0.19574142018638177	0.1618192865042585
WfIbDeHtNiSoScLa	MDTB	sub-06	NNLS	14	14.TemporalParietal	(0.046875, 0.1875, 0.996094, 1.0)	66	4.286690982407685	0.4768033330924532	0.47792562205650196	-0.2348250255384039
WfIbDeHtNiSoScLa	MDTB	sub-08	NNLS	14	14.TemporalParietal	(0.046875, 0.1875, 0.996094, 1.0)	66	4.286690982407685	0.3177169328262984	0.3173966858050445	0.10089803566841433
WfIbDeHtNiSoScLa	MDTB	sub-09	NNLS	14	14.TemporalParietal	(0.046875, 0.1875, 0.996094, 1.0)	66	4.286690982407685	0.27812127640747797	0.27831517652233206	-0.06966925673150876
WfIbDeHtNiSoScLa	MDTB	sub-10	NNLS	14	14.TemporalParietal	(0.046875, 0.1875, 0.996094, 1.0)	66	4.286690982407685	0.43886496243148726	0.44149305351415674	-0.5952734843166021
WfIbDeHtNiSoScLa	MDTB	sub-12	NNLS	14	14.TemporalParietal	(0.046875, 0.1875, 0.996094, 1.0)	66	4.286690982407685	0.29316494303449026	0.29308409626523757	0.02758483666732961
WfIbDeHtNiSoScLa	MDTB	sub-14	NNLS	14	14.TemporalParietal	(0.046875, 0.1875, 0.996094, 1.0)	66	4.286690982407685	0.2598909817142633	0.26072367269307856	-0.31937682152687064
WfIbDeHtNiSoScLa	MDTB	sub-15	NNLS	14	14.TemporalParietal	(0.046875, 0.1875, 0.996094, 1.0)	66	4.286690982407685	0.2609902705700995	0.26244386955396826	-0.5538704281182878
WfIbDeHtNiSoScLa	MDTB	sub-17	NNLS	14	14.TemporalParietal	(0.046875, 0.1875, 0.996094, 1.0)	66	4.286690982407685	0.44137066621662013	0.4407718641554531	0.13585305911355483
WfIbDeHtNiSoScLa	MDTB	sub-18	NNLS	14	14.TemporalParietal	(0.046875, 0.1875, 0.996094, 1.0)	66	4.286690982407685	0.2671890526105207	0.27015273565672415	-1.097039805648793
WfIbDeHtNiSoScLa	MDTB	sub-19	NNLS	14	14.TemporalParietal	(0.046875, 0.1875, 0.996094, 1.0)	66	4.286690982407685	0.3670151630817309	0.36930663394649843	-0.620479204578686
WfIbDeHtNiSoScLa	MDTB	sub-20	NNLS	14	14.TemporalParietal	(0.046875, 0.1875, 0.996094, 1.0)	66	4.286690982407685	0.32483675099885967	0.3247113800007055	0.03860997977770646
WfIbDeHtNiSoScLa	MDTB	sub-21	NNLS	14	14.TemporalParietal	(0.046875, 0.1875, 0.996094, 1.0)	66	4.286690982407685	0.2385531713311321	0.23715827289212352	0.5881719503173664
WfIbDeHtNiSoScLa	MDTB	sub-22	NNLS	14	14.TemporalParietal	(0.046875, 0.1875, 0.996094, 1.0)	66	4.286690982407685	0.3732087972152732	0.37495961243780707	-0.4669343482491041
WfIbDeHtNiSoScLa	MDTB	sub-24	NNLS	14	14.TemporalParietal	(0.046875, 0.1875, 0.996094, 1.0)	66	4.286690982407685	0.33602355089933167	0.33672199183547263	-0.20742361742806317
WfIbDeHtNiSoScLa	MDTB	sub-25	NNLS	14	14.TemporalParietal	(0.046875, 0.1875, 0.996094, 1.0)	66	4.286690982407685	0.33922543259660476	0.33992960452753096	-0.20715228139806507
WfIbDeHtNiSoScLa	MDTB	sub-26	NNLS	14	14.TemporalParietal	(0.046875, 0.1875, 0.996094, 1.0)	66	4.286690982407685	0.30326450854942116	0.30474446827802437	-0.48563957106942857
WfIbDeHtNiSoScLa	MDTB	sub-27	NNLS	14	14.TemporalParietal	(0.046875, 0.1875, 0.996094, 1.0)	66	4.286690982407685	0.3438139233331799	0.34747314479360336	-1.0530947543002265
WfIbDeHtNiSoScLa	MDTB	sub-28	NNLS	14	14.TemporalParietal	(0.046875, 0.1875, 0.996094, 1.0)	66	4.286690982407685	0.3000883114281147	0.3004128842035725	-0.10804222872073366
WfIbDeHtNiSoScLa	MDTB	sub-29	NNLS	14	14.TemporalParietal	(0.046875, 0.1875, 0.996094, 1.0)	66	4.286690982407685	0.22156943386740502	0.2233660069465584	-0.8043180355474655
WfIbDeHtNiSoScLa	MDTB	sub-30	NNLS	14	14.TemporalParietal	(0.046875, 0.1875, 0.996094, 1.0)	66	4.286690982407685	0.17620000571002156	0.17793463860022346	-0.9748708311365968
WfIbDeHtNiSoScLa	MDTB	sub-31	NNLS	14	14.TemporalParietal	(0.046875, 0.1875, 0.996094, 1.0)	66	4.286690982407685	0.339086385405086	0.338815183926058	0.08004407473285624
WfIbDeHtNiSoScLa	MDTB	sub-02	NNLS	15	15.DefaultC	(0.0, 0.0, 0.507812, 1.0)	46	0.7352775368809111	0.26440300156800894	0.26405707255865635	0.13100539440228548
WfIbDeHtNiSoScLa	MDTB	sub-03	NNLS	15	15.DefaultC	(0.0, 0.0, 0.507812, 1.0)	46	0.7352775368809111	0.27446766021543767	0.2739471365879716	0.1900087856179947
WfIbDeHtNiSoScLa	MDTB	sub-04	NNLS	15	15.DefaultC	(0.0, 0.0, 0.507812, 1.0)	46	0.7352775368809111	0.1960943336252255	0.19574142018638177	0.18029573838162777
WfIbDeHtNiSoScLa	MDTB	sub-06	NNLS	15	15.DefaultC	(0.0, 0.0, 0.507812, 1.0)	46	0.7352775368809111	0.47800439273176054	0.47792562205650196	0.016481785370624998
WfIbDeHtNiSoScLa	MDTB	sub-08	NNLS	15	15.DefaultC	(0.0, 0.0, 0.507812, 1.0)	46	0.7352775368809111	0.3177652606744751	0.3173966858050445	0.11612435980411727
WfIbDeHtNiSoScLa	MDTB	sub-09	NNLS	15	15.DefaultC	(0.0, 0.0, 0.507812, 1.0)	46	0.7352775368809111	0.2787291160432103	0.27831517652233206	0.14873048823661425
WfIbDeHtNiSoScLa	MDTB	sub-10	NNLS	15	15.DefaultC	(0.0, 0.0, 0.507812, 1.0)	46	0.7352775368809111	0.44168672389003405	0.44149305351415674	0.0438671400004481
WfIbDeHtNiSoScLa	MDTB	sub-12	NNLS	15	15.DefaultC	(0.0, 0.0, 0.507812, 1.0)	46	0.7352775368809111	0.29332860286758183	0.29308409626523757	0.08342540774474085
WfIbDeHtNiSoScLa	MDTB	sub-14	NNLS	15	15.DefaultC	(0.0, 0.0, 0.507812, 1.0)	46	0.7352775368809111	0.26100923145834326	0.26072367269307856	0.10952544596932749
WfIbDeHtNiSoScLa	MDTB	sub-15	NNLS	15	15.DefaultC	(0.0, 0.0, 0.507812, 1.0)	46	0.7352775368809111	0.2630438613126326	0.26244386955396826	0.22861717428722003
WfIbDeHtNiSoScLa	MDTB	sub-17	NNLS	15	15.DefaultC	(0.0, 0.0, 0.507812, 1.0)	46	0.7352775368809111	0.44075035052367795	0.4407718641554531	-0.0048808995139429405
WfIbDeHtNiSoScLa	MDTB	sub-18	NNLS	15	15.DefaultC	(0.0, 0.0, 0.507812, 1.0)	46	0.7352775368809111	0.2705626406433817	0.27015273565672415	0.15173082947359276
WfIbDeHtNiSoScLa	MDTB	sub-19	NNLS	15	15.DefaultC	(0.0, 0.0, 0.507812, 1.0)	46	0.7352775368809111	0.36991852851219365	0.36930663394649843	0.16568740159264508
WfIbDeHtNiSoScLa	MDTB	sub-20	NNLS	15	15.DefaultC	(0.0, 0.0, 0.507812, 1.0)	46	0.7352775368809111	0.3247921913477471	0.3247113800007055	0.02488713116289797
WfIbDeHtNiSoScLa	MDTB	sub-21	NNLS	15	15.DefaultC	(0.0, 0.0, 0.507812, 1.0)	46	0.7352775368809111	0.23750524332689046	0.23715827289212352	0.146303323318927
WfIbDeHtNiSoScLa	MDTB	sub-22	NNLS	15	15.DefaultC	(0.0, 0.0, 0.507812, 1.0)	46	0.7352775368809111	0.3754818815890544	0.37495961243780707	0.1392867748747043
WfIbDeHtNiSoScLa	MDTB	sub-24	NNLS	15	15.DefaultC	(0.0, 0.0, 0.507812, 1.0)	46	0.7352775368809111	0.3369927734193152	0.33672199183547263	0.08041695832415098
WfIbDeHtNiSoScLa	MDTB	sub-25	NNLS	15	15.DefaultC	(0.0, 0.0, 0.507812, 1.0)	46	0.7352775368809111	0.34017316868714603	0.33992960452753096	0.07165135262449508
WfIbDeHtNiSoScLa	MDTB	sub-26	NNLS	15	15.DefaultC	(0.0, 0.0, 0.507812, 1.0)	46	0.7352775368809111	0.3051084377470509	0.30474446827802437	0.11943431527506754
WfIbDeHtNiSoScLa	MDTB	sub-27	NNLS	15	15.DefaultC	(0.0, 0.0, 0.507812, 1.0)	46	0.7352775368809111	0.3477294425620871	0.34747314479360336	0.07376045381463267
WfIbDeHtNiSoScLa	MDTB	sub-28	NNLS	15	15.DefaultC	(0.0, 0.0, 0.507812, 1.0)	46	0.7352775368809111	0.30113156047833123	0.3004128842035725	0.23922951129876957
WfIbDeHtNiSoScLa	MDTB	sub-29	NNLS	15	15.DefaultC	(0.0, 0.0, 0.507812, 1.0)	46	0.7352775368809111	0.2235541649809919	0.2233660069465584	0.08423754223198489
WfIbDeHtNiSoScLa	MDTB	sub-30	NNLS	15	15.DefaultC	(0.0, 0.0, 0.507812, 1.0)	46	0.7352775368809111	0.17817368181816828	0.17793463860022346	0.1343432733644943
WfIbDeHtNiSoScLa	MDTB	sub-31	NNLS	15	15.DefaultC	(0.0, 0.0, 0.507812, 1.0)	46	0.7352775368809111	0.3390950028947219	0.338815183926058	0.0825874936953773
WfIbDeHtNiSoScLa	MDTB	sub-02	NNLS	16	16.DefaultA	(0.996094, 0.996094, 0.0, 1.0)	154	3.2085640902922603	0.26390675881723313	0.26405707255865635	-0.05692471705707624
WfIbDeHtNiSoScLa	MDTB	sub-03	NNLS	16	16.DefaultA	(0.996094, 0.996094, 0.0, 1.0)	154	3.2085640902922603	0.27422475634102744	0.2739471365879716	0.1013406296242471
WfIbDeHtNiSoScLa	MDTB	sub-04	NNLS	16	16.DefaultA	(0.996094, 0.996094, 0.0, 1.0)	154	3.2085640902922603	0.19521941269317017	0.19574142018638177	-0.2666821834206345
WfIbDeHtNiSoScLa	MDTB	sub-06	NNLS	16	16.DefaultA	(0.996094, 0.996094, 0.0, 1.0)	154	3.2085640902922603	0.47858733633411077	0.47792562205650196	0.13845549329652276
WfIbDeHtNiSoScLa	MDTB	sub-08	NNLS	16	16.DefaultA	(0.996094, 0.996094, 0.0, 1.0)	154	3.2085640902922603	0.31772795572254603	0.3173966858050445	0.10437094409518158
WfIbDeHtNiSoScLa	MDTB	sub-09	NNLS	16	16.DefaultA	(0.996094, 0.996094, 0.0, 1.0)	154	3.2085640902922603	0.27667814590081535	0.27831517652233206	-0.5881930845353506
WfIbDeHtNiSoScLa	MDTB	sub-10	NNLS	16	16.DefaultA	(0.996094, 0.996094, 0.0, 1.0)	154	3.2085640902922603	0.4436173287252062	0.44149305351415674	0.4811571086205886
WfIbDeHtNiSoScLa	MDTB	sub-12	NNLS	16	16.DefaultA	(0.996094, 0.996094, 0.0, 1.0)	154	3.2085640902922603	0.29337457998118743	0.29308409626523757	0.09911275284175733
WfIbDeHtNiSoScLa	MDTB	sub-14	NNLS	16	16.DefaultA	(0.996094, 0.996094, 0.0, 1.0)	154	3.2085640902922603	0.26147729198697944	0.26072367269307856	0.28904904802719633
WfIbDeHtNiSoScLa	MDTB	sub-15	NNLS	16	16.DefaultA	(0.996094, 0.996094, 0.0, 1.0)	154	3.2085640902922603	0.26265753249153023	0.26244386955396826	0.08141281330941463
WfIbDeHtNiSoScLa	MDTB	sub-17	NNLS	16	16.DefaultA	(0.996094, 0.996094, 0.0, 1.0)	154	3.2085640902922603	0.44080146624937416	0.4407718641554531	0.006715967222130785
WfIbDeHtNiSoScLa	MDTB	sub-18	NNLS	16	16.DefaultA	(0.996094, 0.996094, 0.0, 1.0)	154	3.2085640902922603	0.26983988633220535	0.27015273565672415	-0.11580461095768207
WfIbDeHtNiSoScLa	MDTB	sub-19	NNLS	16	16.DefaultA	(0.996094, 0.996094, 0.0, 1.0)	154	3.2085640902922603	0.36760461125884203	0.36930663394649843	-0.4608697844033244
WfIbDeHtNiSoScLa	MDTB	sub-20	NNLS	16	16.DefaultA	(0.996094, 0.996094, 0.0, 1.0)	154	3.2085640902922603	0.32467464631178333	0.3247113800007055	-0.011312719905927766
WfIbDeHtNiSoScLa	MDTB	sub-21	NNLS	16	16.DefaultA	(0.996094, 0.996094, 0.0, 1.0)	154	3.2085640902922603	0.23571628794495686	0.23715827289212352	-0.6080264161067556
WfIbDeHtNiSoScLa	MDTB	sub-22	NNLS	16	16.DefaultA	(0.996094, 0.996094, 0.0, 1.0)	154	3.2085640902922603	0.37420826396001877	0.37495961243780707	-0.2003811751626762
WfIbDeHtNiSoScLa	MDTB	sub-24	NNLS	16	16.DefaultA	(0.996094, 0.996094, 0.0, 1.0)	154	3.2085640902922603	0.3364131217007495	0.33672199183547263	-0.09172853042341728
WfIbDeHtNiSoScLa	MDTB	sub-25	NNLS	16	16.DefaultA	(0.996094, 0.996094, 0.0, 1.0)	154	3.2085640902922603	0.34049432353632936	0.33992960452753096	0.1661282222192157
WfIbDeHtNiSoScLa	MDTB	sub-26	NNLS	16	16.DefaultA	(0.996094, 0.996094, 0.0, 1.0)	154	3.2085640902922603	0.3056216955729788	0.30474446827802437	0.2878566754340947
WfIbDeHtNiSoScLa	MDTB	sub-27	NNLS	16	16.DefaultA	(0.996094, 0.996094, 0.0, 1.0)	154	3.2085640902922603	0.3488847665206965	0.34747314479360336	0.4062534754827258
WfIbDeHtNiSoScLa	MDTB	sub-28	NNLS	16	16.DefaultA	(0.996094, 0.996094, 0.0, 1.0)	154	3.2085640902922603	0.2977737589256216	0.3004128842035725	-0.8784993642824325
WfIbDeHtNiSoScLa	MDTB	sub-29	NNLS	16	16.DefaultA	(0.996094, 0.996094, 0.0, 1.0)	154	3.2085640902922603	0.22293275554445133	0.2233660069465584	-0.1939647881204786
WfIbDeHtNiSoScLa	MDTB	sub-30	NNLS	16	16.DefaultA	(0.996094, 0.996094, 0.0, 1.0)	154	3.2085640902922603	0.17868078965576514	0.17793463860022346	0.41933996742371543
WfIbDeHtNiSoScLa	MDTB	sub-31	NNLS	16	16.DefaultA	(0.996094, 0.996094, 0.0, 1.0)	154	3.2085640902922603	0.33888606212532124	0.338815183926058	0.02091942823871118
WfIbDeHtNiSoScLa	MDTB	sub-02	NNLS	17	17.DefaultB	(0.800781, 0.242188, 0.304688, 1.0)	148	5.750455577873517	0.25937218540636997	0.26405707255865635	-1.7741949143383382
WfIbDeHtNiSoScLa	MDTB	sub-03	NNLS	17	17.DefaultB	(0.800781, 0.242188, 0.304688, 1.0)	148	5.750455577873517	0.2737299106756829	0.2739471365879716	-0.0792948285549682
WfIbDeHtNiSoScLa	MDTB	sub-04	NNLS	17	17.DefaultB	(0.800781, 0.242188, 0.304688, 1.0)	148	5.750455577873517	0.19416233128664911	0.19574142018638177	-0.8067218978124677
WfIbDeHtNiSoScLa	MDTB	sub-06	NNLS	17	17.DefaultB	(0.800781, 0.242188, 0.304688, 1.0)	148	5.750455577873517	0.4770046700596697	0.47792562205650196	-0.19269776599744814
WfIbDeHtNiSoScLa	MDTB	sub-08	NNLS	17	17.DefaultB	(0.800781, 0.242188, 0.304688, 1.0)	148	5.750455577873517	0.3157495502526633	0.3173966858050445	-0.5189517175339655
WfIbDeHtNiSoScLa	MDTB	sub-09	NNLS	17	17.DefaultB	(0.800781, 0.242188, 0.304688, 1.0)	148	5.750455577873517	0.2726333031372662	0.27831517652233206	-2.0415248122877547
WfIbDeHtNiSoScLa	MDTB	sub-10	NNLS	17	17.DefaultB	(0.800781, 0.242188, 0.304688, 1.0)	148	5.750455577873517	0.4398962556001128	0.44149305351415674	-0.36168132235238726
WfIbDeHtNiSoScLa	MDTB	sub-12	NNLS	17	17.DefaultB	(0.800781, 0.242188, 0.304688, 1.0)	148	5.750455577873517	0.2918405493578996	0.29308409626523757	-0.42429695885394336
WfIbDeHtNiSoScLa	MDTB	sub-14	NNLS	17	17.DefaultB	(0.800781, 0.242188, 0.304688, 1.0)	148	5.750455577873517	0.25994960227449754	0.26072367269307856	-0.29689303260630545
WfIbDeHtNiSoScLa	MDTB	sub-15	NNLS	17	17.DefaultB	(0.800781, 0.242188, 0.304688, 1.0)	148	5.750455577873517	0.2619023929761167	0.26244386955396826	-0.20632090921833546
WfIbDeHtNiSoScLa	MDTB	sub-17	NNLS	17	17.DefaultB	(0.800781, 0.242188, 0.304688, 1.0)	148	5.750455577873517	0.43376617461822037	0.4407718641554531	-1.5894139592272039
WfIbDeHtNiSoScLa	MDTB	sub-18	NNLS	17	17.DefaultB	(0.800781, 0.242188, 0.304688, 1.0)	148	5.750455577873517	0.2690097536716047	0.27015273565672415	-0.4230873258939824
WfIbDeHtNiSoScLa	MDTB	sub-19	NNLS	17	17.DefaultB	(0.800781, 0.242188, 0.304688, 1.0)	148	5.750455577873517	0.3662385195929951	0.36930663394649843	-0.8307769402127303
WfIbDeHtNiSoScLa	MDTB	sub-20	NNLS	17	17.DefaultB	(0.800781, 0.242188, 0.304688, 1.0)	148	5.750455577873517	0.3198540387117235	0.3247113800007055	-1.4958949972653903
WfIbDeHtNiSoScLa	MDTB	sub-21	NNLS	17	17.DefaultB	(0.800781, 0.242188, 0.304688, 1.0)	148	5.750455577873517	0.23662154975414806	0.23715827289212352	-0.22631432225836512
WfIbDeHtNiSoScLa	MDTB	sub-22	NNLS	17	17.DefaultB	(0.800781, 0.242188, 0.304688, 1.0)	148	5.750455577873517	0.37098790390964337	0.37495961243780707	-1.0592363541079957
WfIbDeHtNiSoScLa	MDTB	sub-24	NNLS	17	17.DefaultB	(0.800781, 0.242188, 0.304688, 1.0)	148	5.750455577873517	0.334505023076817	0.33672199183547263	-0.6583973759987937
WfIbDeHtNiSoScLa	MDTB	sub-25	NNLS	17	17.DefaultB	(0.800781, 0.242188, 0.304688, 1.0)	148	5.750455577873517	0.3369386532309062	0.33992960452753096	-0.8798737317339205
WfIbDeHtNiSoScLa	MDTB	sub-26	NNLS	17	17.DefaultB	(0.800781, 0.242188, 0.304688, 1.0)	148	5.750455577873517	0.30199232152277755	0.30474446827802437	-0.9030998235334604
WfIbDeHtNiSoScLa	MDTB	sub-27	NNLS	17	17.DefaultB	(0.800781, 0.242188, 0.304688, 1.0)	148	5.750455577873517	0.34590905008383094	0.34747314479360336	-0.4501339839375169
WfIbDeHtNiSoScLa	MDTB	sub-28	NNLS	17	17.DefaultB	(0.800781, 0.242188, 0.304688, 1.0)	148	5.750455577873517	0.3008677755159401	0.3004128842035725	0.15142203823033618
WfIbDeHtNiSoScLa	MDTB	sub-29	NNLS	17	17.DefaultB	(0.800781, 0.242188, 0.304688, 1.0)	148	5.750455577873517	0.21908161580860935	0.2233660069465584	-1.9181034735397784
WfIbDeHtNiSoScLa	MDTB	sub-30	NNLS	17	17.DefaultB	(0.800781, 0.242188, 0.304688, 1.0)	148	5.750455577873517	0.17881843371590875	0.17793463860022346	0.4966964963302977
WfIbDeHtNiSoScLa	MDTB	sub-31	NNLS	17	17.DefaultB	(0.800781, 0.242188, 0.304688, 1.0)	148	5.750455577873517	0.3376332580926604	0.338815183926058	-0.3488408694385685
MdIbDeHtNiSoScLa	WMFS	sub-01	NNLS	1	01.VisualA	(0.46875, 0.070312, 0.523438, 1.0)	125	3.4142211689623783	0.38609599491429986	0.3828185973145195	0.8561228798107942
MdIbDeHtNiSoScLa	WMFS	sub-02	NNLS	1	01.VisualA	(0.46875, 0.070312, 0.523438, 1.0)	125	3.4142211689623783	0.21883449678667488	0.21245794934737403	3.0013221246313746
MdIbDeHtNiSoScLa	WMFS	sub-03	NNLS	1	01.VisualA	(0.46875, 0.070312, 0.523438, 1.0)	125	3.4142211689623783	0.28997829151992316	0.29178570233696266	-0.619430905134704
MdIbDeHtNiSoScLa	WMFS	sub-04	NNLS	1	01.VisualA	(0.46875, 0.070312, 0.523438, 1.0)	125	3.4142211689623783	0.4349746084588027	0.4364936726288913	-0.34801516387160525
MdIbDeHtNiSoScLa	WMFS	sub-05	NNLS	1	01.VisualA	(0.46875, 0.070312, 0.523438, 1.0)	125	3.4142211689623783	0.3976260041589527	0.39716550076678103	0.11594748065545012
MdIbDeHtNiSoScLa	WMFS	sub-06	NNLS	1	01.VisualA	(0.46875, 0.070312, 0.523438, 1.0)	125	3.4142211689623783	0.38751686007384073	0.38855131894894285	-0.2662348124053208
MdIbDeHtNiSoScLa	WMFS	sub-07	NNLS	1	01.VisualA	(0.46875, 0.070312, 0.523438, 1.0)	125	3.4142211689623783	0.4590714362903392	0.46172949741091923	-0.5756749645592766
MdIbDeHtNiSoScLa	WMFS	sub-08	NNLS	1	01.VisualA	(0.46875, 0.070312, 0.523438, 1.0)	125	3.4142211689623783	0.2599323291379829	0.2550472617784378	1.91535769703297
MdIbDeHtNiSoScLa	WMFS	sub-09	NNLS	1	01.VisualA	(0.46875, 0.070312, 0.523438, 1.0)	125	3.4142211689623783	0.30945297726561	0.3093165500951599	0.044106004159209
MdIbDeHtNiSoScLa	WMFS	sub-10	NNLS	1	01.VisualA	(0.46875, 0.070312, 0.523438, 1.0)	125	3.4142211689623783	0.4839840440801961	0.48425458208406147	-0.05586689602421404
MdIbDeHtNiSoScLa	WMFS	sub-11	NNLS	1	01.VisualA	(0.46875, 0.070312, 0.523438, 1.0)	125	3.4142211689623783	0.44947822901440926	0.4553720472175219	-1.2942863399556181
MdIbDeHtNiSoScLa	WMFS	sub-12	NNLS	1	01.VisualA	(0.46875, 0.070312, 0.523438, 1.0)	125	3.4142211689623783	0.0863188524162485	0.08095021672973678	6.63202138721337
MdIbDeHtNiSoScLa	WMFS	sub-13	NNLS	1	01.VisualA	(0.46875, 0.070312, 0.523438, 1.0)	125	3.4142211689623783	0.459117360329248	0.4563110789202601	0.6149930472054701
MdIbDeHtNiSoScLa	WMFS	sub-14	NNLS	1	01.VisualA	(0.46875, 0.070312, 0.523438, 1.0)	125	3.4142211689623783	0.28603816078855926	0.28040797119283156	2.007856471332591
MdIbDeHtNiSoScLa	WMFS	sub-15	NNLS	1	01.VisualA	(0.46875, 0.070312, 0.523438, 1.0)	125	3.4142211689623783	0.5705238648926493	0.5748722431786383	-0.7564077649575721
MdIbDeHtNiSoScLa	WMFS	sub-16	NNLS	1	01.VisualA	(0.46875, 0.070312, 0.523438, 1.0)	125	3.4142211689623783	0.41237304892337434	0.4152062079778089	-0.682349878204606
MdIbDeHtNiSoScLa	WMFS	sub-01	NNLS	2	02.VisualB	(0.996094, 0.0, 0.0, 1.0)	102	2.2034127663759793	0.38317006916424323	0.3828185973145195	0.0918115922761617
MdIbDeHtNiSoScLa	WMFS	sub-02	NNLS	2	02.VisualB	(0.996094, 0.0, 0.0, 1.0)	102	2.2034127663759793	0.21377262234431832	0.21245794934737403	0.6187920955571169
MdIbDeHtNiSoScLa	WMFS	sub-03	NNLS	2	02.VisualB	(0.996094, 0.0, 0.0, 1.0)	102	2.2034127663759793	0.2930449387609897	0.29178570233696266	0.4315620724187608
MdIbDeHtNiSoScLa	WMFS	sub-04	NNLS	2	02.VisualB	(0.996094, 0.0, 0.0, 1.0)	102	2.2034127663759793	0.4384748321380659	0.4364936726288913	0.4538804645763871
MdIbDeHtNiSoScLa	WMFS	sub-05	NNLS	2	02.VisualB	(0.996094, 0.0, 0.0, 1.0)	102	2.2034127663759793	0.398182644731954	0.39716550076678103	0.25610078498995076
MdIbDeHtNiSoScLa	WMFS	sub-06	NNLS	2	02.VisualB	(0.996094, 0.0, 0.0, 1.0)	102	2.2034127663759793	0.38773279891310747	0.38855131894894285	-0.21065944082998625
MdIbDeHtNiSoScLa	WMFS	sub-07	NNLS	2	02.VisualB	(0.996094, 0.0, 0.0, 1.0)	102	2.2034127663759793	0.46362840650582654	0.46172949741091923	0.4112600788026678
MdIbDeHtNiSoScLa	WMFS	sub-08	NNLS	2	02.VisualB	(0.996094, 0.0, 0.0, 1.0)	102	2.2034127663759793	0.25234781493890807	0.2550472617784378	-1.0584104376210692
MdIbDeHtNiSoScLa	WMFS	sub-09	NNLS	2	02.VisualB	(0.996094, 0.0, 0.0, 1.0)	102	2.2034127663759793	0.3090926094061115	0.3093165500951599	-0.07239854737145913
MdIbDeHtNiSoScLa	WMFS	sub-10	NNLS	2	02.VisualB	(0.996094, 0.0, 0.0, 1.0)	102	2.2034127663759793	0.4834114332218797	0.48425458208406147	-0.1741127277625686
MdIbDeHtNiSoScLa	WMFS	sub-11	NNLS	2	02.VisualB	(0.996094, 0.0, 0.0, 1.0)	102	2.2034127663759793	0.458932158656019	0.4553720472175219	0.7818028050361449
MdIbDeHtNiSoScLa	WMFS	sub-12	NNLS	2	02.VisualB	(0.996094, 0.0, 0.0, 1.0)	102	2.2034127663759793	0.07960526464053712	0.08095021672973678	-1.6614558225210958
MdIbDeHtNiSoScLa	WMFS	sub-13	NNLS	2	02.VisualB	(0.996094, 0.0, 0.0, 1.0)	102	2.2034127663759793	0.45650554546178274	0.4563110789202601	0.04261709840198546
MdIbDeHtNiSoScLa	WMFS	sub-14	NNLS	2	02.VisualB	(0.996094, 0.0, 0.0, 1.0)	102	2.2034127663759793	0.27909209048083794	0.28040797119283156	-0.4692736466784372
MdIbDeHtNiSoScLa	WMFS	sub-15	NNLS	2	02.VisualB	(0.996094, 0.0, 0.0, 1.0)	102	2.2034127663759793	0.5777136663607184	0.5748722431786383	0.4942703732518153
MdIbDeHtNiSoScLa	WMFS	sub-16	NNLS	2	02.VisualB	(0.996094, 0.0, 0.0, 1.0)	102	2.2034127663759793	0.41795638185712725	0.4152062079778089	0.662363381490035
MdIbDeHtNiSoScLa	WMFS	sub-01	NNLS	3	03.SomatomotorA	(0.273438, 0.507812, 0.703125, 1.0)	182	10.569309466952062	0.3806432629095842	0.3828185973145195	-0.5682415692955611
MdIbDeHtNiSoScLa	WMFS	sub-02	NNLS	3	03.SomatomotorA	(0.273438, 0.507812, 0.703125, 1.0)	182	10.569309466952062	0.21736667591373665	0.21245794934737403	2.310446176027396
MdIbDeHtNiSoScLa	WMFS	sub-03	NNLS	3	03.SomatomotorA	(0.273438, 0.507812, 0.703125, 1.0)	182	10.569309466952062	0.2909230362582715	0.29178570233696266	-0.2956505653916327
MdIbDeHtNiSoScLa	WMFS	sub-04	NNLS	3	03.SomatomotorA	(0.273438, 0.507812, 0.703125, 1.0)	182	10.569309466952062	0.43138649351313146	0.4364936726288913	-1.1700465404230516
MdIbDeHtNiSoScLa	WMFS	sub-05	NNLS	3	03.SomatomotorA	(0.273438, 0.507812, 0.703125, 1.0)	182	10.569309466952062	0.39851235545013947	0.39716550076678103	0.3391167361611598
MdIbDeHtNiSoScLa	WMFS	sub-06	NNLS	3	03.SomatomotorA	(0.273438, 0.507812, 0.703125, 1.0)	182	10.569309466952062	0.3812080434581112	0.38855131894894285	-1.8899113534592247
MdIbDeHtNiSoScLa	WMFS	sub-07	NNLS	3	03.SomatomotorA	(0.273438, 0.507812, 0.703125, 1.0)	182	10.569309466952062	0.45085542904197007	0.46172949741091923	-2.3550733557037
MdIbDeHtNiSoScLa	WMFS	sub-08	NNLS	3	03.SomatomotorA	(0.273438, 0.507812, 0.703125, 1.0)	182	10.569309466952062	0.25599349081383227	0.2550472617784378	0.371001448436049
MdIbDeHtNiSoScLa	WMFS	sub-09	NNLS	3	03.SomatomotorA	(0.273438, 0.507812, 0.703125, 1.0)	182	10.569309466952062	0.30106673208212686	0.3093165500951599	-2.667111737310861
MdIbDeHtNiSoScLa	WMFS	sub-10	NNLS	3	03.SomatomotorA	(0.273438, 0.507812, 0.703125, 1.0)	182	10.569309466952062	0.48181984327854216	0.48425458208406147	-0.5027807470692481
MdIbDeHtNiSoScLa	WMFS	sub-11	NNLS	3	03.SomatomotorA	(0.273438, 0.507812, 0.703125, 1.0)	182	10.569309466952062	0.44973047316838677	0.4553720472175219	-1.2388933584323103
MdIbDeHtNiSoScLa	WMFS	sub-12	NNLS	3	03.SomatomotorA	(0.273438, 0.507812, 0.703125, 1.0)	182	10.569309466952062	0.07884881029867367	0.08095021672973678	-2.5959244038579055
MdIbDeHtNiSoScLa	WMFS	sub-13	NNLS	3	03.SomatomotorA	(0.273438, 0.507812, 0.703125, 1.0)	182	10.569309466952062	0.4576062090987809	0.4563110789202601	0.2838261524540169
MdIbDeHtNiSoScLa	WMFS	sub-14	NNLS	3	03.SomatomotorA	(0.273438, 0.507812, 0.703125, 1.0)	182	10.569309466952062	0.2841405684488254	0.28040797119283156	1.3311309375820135
MdIbDeHtNiSoScLa	WMFS	sub-15	NNLS	3	03.SomatomotorA	(0.273438, 0.507812, 0.703125, 1.0)	182	10.569309466952062	0.5685580233065245	0.5748722431786383	-1.098369237171827
MdIbDeHtNiSoScLa	WMFS	sub-16	NNLS	3	03.SomatomotorA	(0.273438, 0.507812, 0.703125, 1.0)	182	10.569309466952062	0.406377351930005	0.4152062079778089	-2.126378622998752
MdIbDeHtNiSoScLa	WMFS	sub-01	NNLS	4	04.SomatomotorB	(0.164062, 0.796875, 0.640625, 1.0)	146	4.301729930856613	0.3790401178305457	0.3828185973145195	-0.9870156545371409
MdIbDeHtNiSoScLa	WMFS	sub-02	NNLS	4	04.SomatomotorB	(0.164062, 0.796875, 0.640625, 1.0)	146	4.301729930856613	0.2054240133399245	0.21245794934737403	-3.310742680636944
MdIbDeHtNiSoScLa	WMFS	sub-03	NNLS	4	04.SomatomotorB	(0.164062, 0.796875, 0.640625, 1.0)	146	4.301729930856613	0.2923583250615258	0.29178570233696266	0.19624769821719124
MdIbDeHtNiSoScLa	WMFS	sub-04	NNLS	4	04.SomatomotorB	(0.164062, 0.796875, 0.640625, 1.0)	146	4.301729930856613	0.43686165820272577	0.4364936726288913	0.08430490449452685
MdIbDeHtNiSoScLa	WMFS	sub-05	NNLS	4	04.SomatomotorB	(0.164062, 0.796875, 0.640625, 1.0)	146	4.301729930856613	0.3967614179654815	0.39716550076678103	-0.10174166701775929
MdIbDeHtNiSoScLa	WMFS	sub-06	NNLS	4	04.SomatomotorB	(0.164062, 0.796875, 0.640625, 1.0)	146	4.301729930856613	0.3864835624329445	0.38855131894894285	-0.5321707623054144
MdIbDeHtNiSoScLa	WMFS	sub-07	NNLS	4	04.SomatomotorB	(0.164062, 0.796875, 0.640625, 1.0)	146	4.301729930856613	0.4611361228968402	0.46172949741091923	-0.12851128580831372
MdIbDeHtNiSoScLa	WMFS	sub-08	NNLS	4	04.SomatomotorB	(0.164062, 0.796875, 0.640625, 1.0)	146	4.301729930856613	0.25445872781213136	0.2550472617784378	-0.23075486566787434
MdIbDeHtNiSoScLa	WMFS	sub-09	NNLS	4	04.SomatomotorB	(0.164062, 0.796875, 0.640625, 1.0)	146	4.301729930856613	0.309711216269161	0.3093165500951599	0.12759297033400313
MdIbDeHtNiSoScLa	WMFS	sub-10	NNLS	4	04.SomatomotorB	(0.164062, 0.796875, 0.640625, 1.0)	146	4.301729930856613	0.4831786153539538	0.48425458208406147	-0.22219030442150858
MdIbDeHtNiSoScLa	WMFS	sub-11	NNLS	4	04.SomatomotorB	(0.164062, 0.796875, 0.640625, 1.0)	146	4.301729930856613	0.4557162433562866	0.4553720472175219	0.07558569764390255
MdIbDeHtNiSoScLa	WMFS	sub-12	NNLS	4	04.SomatomotorB	(0.164062, 0.796875, 0.640625, 1.0)	146	4.301729930856613	0.08174287619751576	0.08095021672973678	0.9791937561148032
MdIbDeHtNiSoScLa	WMFS	sub-13	NNLS	4	04.SomatomotorB	(0.164062, 0.796875, 0.640625, 1.0)	146	4.301729930856613	0.4537488440903362	0.4563110789202601	-0.561510545829121
MdIbDeHtNiSoScLa	WMFS	sub-14	NNLS	4	04.SomatomotorB	(0.164062, 0.796875, 0.640625, 1.0)	146	4.301729930856613	0.27495008771601714	0.28040797119283156	-1.9464081044476187
MdIbDeHtNiSoScLa	WMFS	sub-15	NNLS	4	04.SomatomotorB	(0.164062, 0.796875, 0.640625, 1.0)	146	4.301729930856613	0.5747727859698406	0.5748722431786383	-0.017300749858393333
MdIbDeHtNiSoScLa	WMFS	sub-16	NNLS	4	04.SomatomotorB	(0.164062, 0.796875, 0.640625, 1.0)	146	4.301729930856613	0.4166314455185019	0.4152062079778089	0.3432601712855862
MdIbDeHtNiSoScLa	WMFS	sub-01	NNLS	5	05.DorsalAttentionA	(0.289062, 0.605469, 0.234375, 1.0)	111	5.809066315568495	0.3813421676327065	0.3828185973145195	-0.3856734474683784
MdIbDeHtNiSoScLa	WMFS	sub-02	NNLS	5	05.DorsalAttentionA	(0.289062, 0.605469, 0.234375, 1.0)	111	5.809066315568495	0.20797420449538417	0.21245794934737403	-2.110415197813482
MdIbDeHtNiSoScLa	WMFS	sub-03	NNLS	5	05.DorsalAttentionA	(0.289062, 0.605469, 0.234375, 1.0)	111	5.809066315568495	0.29235770374826947	0.29178570233696266	0.19603476343273551
MdIbDeHtNiSoScLa	WMFS	sub-04	NNLS	5	05.DorsalAttentionA	(0.289062, 0.605469, 0.234375, 1.0)	111	5.809066315568495	0.4371758711642933	0.4364936726288913	0.1562905898024267
MdIbDeHtNiSoScLa	WMFS	sub-05	NNLS	5	05.DorsalAttentionA	(0.289062, 0.605469, 0.234375, 1.0)	111	5.809066315568495	0.39855624071225854	0.39716550076678103	0.3501663520100549
MdIbDeHtNiSoScLa	WMFS	sub-06	NNLS	5	05.DorsalAttentionA	(0.289062, 0.605469, 0.234375, 1.0)	111	5.809066315568495	0.39138557656991096	0.38855131894894285	0.7294422854193295
MdIbDeHtNiSoScLa	WMFS	sub-07	NNLS	5	05.DorsalAttentionA	(0.289062, 0.605469, 0.234375, 1.0)	111	5.809066315568495	0.4629872853201093	0.46172949741091923	0.2724079609907812
MdIbDeHtNiSoScLa	WMFS	sub-08	NNLS	5	05.DorsalAttentionA	(0.289062, 0.605469, 0.234375, 1.0)	111	5.809066315568495	0.2535091003972778	0.2550472617784378	-0.6030887649741528
MdIbDeHtNiSoScLa	WMFS	sub-09	NNLS	5	05.DorsalAttentionA	(0.289062, 0.605469, 0.234375, 1.0)	111	5.809066315568495	0.3105816558076728	0.3093165500951599	0.40900033060748486
MdIbDeHtNiSoScLa	WMFS	sub-10	NNLS	5	05.DorsalAttentionA	(0.289062, 0.605469, 0.234375, 1.0)	111	5.809066315568495	0.48498756297362194	0.48425458208406147	0.15136271636418658
MdIbDeHtNiSoScLa	WMFS	sub-11	NNLS	5	05.DorsalAttentionA	(0.289062, 0.605469, 0.234375, 1.0)	111	5.809066315568495	0.4569217939344133	0.4553720472175219	0.34032539466593914
MdIbDeHtNiSoScLa	WMFS	sub-12	NNLS	5	05.DorsalAttentionA	(0.289062, 0.605469, 0.234375, 1.0)	111	5.809066315568495	0.0833420195973894	0.08095021672973678	2.954659004358179
MdIbDeHtNiSoScLa	WMFS	sub-13	NNLS	5	05.DorsalAttentionA	(0.289062, 0.605469, 0.234375, 1.0)	111	5.809066315568495	0.45494844892279096	0.4563110789202601	-0.2986186530236065
MdIbDeHtNiSoScLa	WMFS	sub-14	NNLS	5	05.DorsalAttentionA	(0.289062, 0.605469, 0.234375, 1.0)	111	5.809066315568495	0.2799984673452861	0.28040797119283156	-0.14603859005985514
MdIbDeHtNiSoScLa	WMFS	sub-15	NNLS	5	05.DorsalAttentionA	(0.289062, 0.605469, 0.234375, 1.0)	111	5.809066315568495	0.5755979717765578	0.5748722431786383	0.1262417183175797
MdIbDeHtNiSoScLa	WMFS	sub-16	NNLS	5	05.DorsalAttentionA	(0.289062, 0.605469, 0.234375, 1.0)	111	5.809066315568495	0.4161726847881235	0.4152062079778089	0.23277031791545297
MdIbDeHtNiSoScLa	WMFS	sub-01	NNLS	6	06.DorsalAttentionB	(0.0, 0.460938, 0.054688, 1.0)	109	7.703392272279301	0.38341639224164	0.3828185973145195	0.15615618763404399
MdIbDeHtNiSoScLa	WMFS	sub-02	NNLS	6	06.DorsalAttentionB	(0.0, 0.460938, 0.054688, 1.0)	109	7.703392272279301	0.2150315677692909	0.21245794934737403	1.2113542608419572
MdIbDeHtNiSoScLa	WMFS	sub-03	NNLS	6	06.DorsalAttentionB	(0.0, 0.460938, 0.054688, 1.0)	109	7.703392272279301	0.29096350918933955	0.29178570233696266	-0.2817797928541455
MdIbDeHtNiSoScLa	WMFS	sub-04	NNLS	6	06.DorsalAttentionB	(0.0, 0.460938, 0.054688, 1.0)	109	7.703392272279301	0.4353629021396265	0.4364936726288913	-0.2590577046522825
MdIbDeHtNiSoScLa	WMFS	sub-05	NNLS	6	06.DorsalAttentionB	(0.0, 0.460938, 0.054688, 1.0)	109	7.703392272279301	0.39667737245316914	0.39716550076678103	-0.12290299954791993
MdIbDeHtNiSoScLa	WMFS	sub-06	NNLS	6	06.DorsalAttentionB	(0.0, 0.460938, 0.054688, 1.0)	109	7.703392272279301	0.387159415088735	0.38855131894894285	-0.35822909158383864
MdIbDeHtNiSoScLa	WMFS	sub-07	NNLS	6	06.DorsalAttentionB	(0.0, 0.460938, 0.054688, 1.0)	109	7.703392272279301	0.4605391836949525	0.46172949741091923	-0.2577946010903005
MdIbDeHtNiSoScLa	WMFS	sub-08	NNLS	6	06.DorsalAttentionB	(0.0, 0.460938, 0.054688, 1.0)	109	7.703392272279301	0.25655353957828836	0.2550472617784378	0.5905877167029122
MdIbDeHtNiSoScLa	WMFS	sub-09	NNLS	6	06.DorsalAttentionB	(0.0, 0.460938, 0.054688, 1.0)	109	7.703392272279301	0.3087408206122222	0.3093165500951599	-0.1861295435891141
MdIbDeHtNiSoScLa	WMFS	sub-10	NNLS	6	06.DorsalAttentionB	(0.0, 0.460938, 0.054688, 1.0)	109	7.703392272279301	0.48337052800445934	0.48425458208406147	-0.18255977585126149
MdIbDeHtNiSoScLa	WMFS	sub-11	NNLS	6	06.DorsalAttentionB	(0.0, 0.460938, 0.054688, 1.0)	109	7.703392272279301	0.4541569416775614	0.4553720472175219	-0.2668379729026459
MdIbDeHtNiSoScLa	WMFS	sub-12	NNLS	6	06.DorsalAttentionB	(0.0, 0.460938, 0.054688, 1.0)	109	7.703392272279301	0.08128034906678468	0.08095021672973678	0.40782143690867645
MdIbDeHtNiSoScLa	WMFS	sub-13	NNLS	6	06.DorsalAttentionB	(0.0, 0.460938, 0.054688, 1.0)	109	7.703392272279301	0.4574804718935022	0.4563110789202601	0.2562710017931516
MdIbDeHtNiSoScLa	WMFS	sub-14	NNLS	6	06.DorsalAttentionB	(0.0, 0.460938, 0.054688, 1.0)	109	7.703392272279301	0.2813824219027081	0.28040797119283156	0.34751177212663814
MdIbDeHtNiSoScLa	WMFS	sub-15	NNLS	6	06.DorsalAttentionB	(0.0, 0.460938, 0.054688, 1.0)	109	7.703392272279301	0.5731135655100565	0.5748722431786383	-0.30592495801458147
MdIbDeHtNiSoScLa	WMFS	sub-16	NNLS	6	06.DorsalAttentionB	(0.0, 0.460938, 0.054688, 1.0)	109	7.703392272279301	0.4146775592558516	0.4152062079778089	-0.127321969614083
MdIbDeHtNiSoScLa	WMFS	sub-01	NNLS	7	07.VentralAttentionA	(0.765625, 0.226562, 0.976562, 1.0)	151	5.721398112592283	0.38226506221267603	0.3828185973145195	-0.1445946215065131
MdIbDeHtNiSoScLa	WMFS	sub-02	NNLS	7	07.VentralAttentionA	(0.765625, 0.226562, 0.976562, 1.0)	151	5.721398112592283	0.21205858668173824	0.21245794934737403	-0.18797256909545665
MdIbDeHtNiSoScLa	WMFS	sub-03	NNLS	7	07.VentralAttentionA	(0.765625, 0.226562, 0.976562, 1.0)	151	5.721398112592283	0.29078383747210873	0.29178570233696266	-0.34335639369229504
MdIbDeHtNiSoScLa	WMFS	sub-04	NNLS	7	07.VentralAttentionA	(0.765625, 0.226562, 0.976562, 1.0)	151	5.721398112592283	0.43512754963998496	0.4364936726288913	-0.31297658467270706
MdIbDeHtNiSoScLa	WMFS	sub-05	NNLS	7	07.VentralAttentionA	(0.765625, 0.226562, 0.976562, 1.0)	151	5.721398112592283	0.3976875696179757	0.39716550076678103	0.13144869083209226
MdIbDeHtNiSoScLa	WMFS	sub-06	NNLS	7	07.VentralAttentionA	(0.765625, 0.226562, 0.976562, 1.0)	151	5.721398112592283	0.39091611856593855	0.38855131894894285	0.6086196344391895
MdIbDeHtNiSoScLa	WMFS	sub-07	NNLS	7	07.VentralAttentionA	(0.765625, 0.226562, 0.976562, 1.0)	151	5.721398112592283	0.46200414191437056	0.46172949741091923	0.059481688952374864
MdIbDeHtNiSoScLa	WMFS	sub-08	NNLS	7	07.VentralAttentionA	(0.765625, 0.226562, 0.976562, 1.0)	151	5.721398112592283	0.25670925576823383	0.2550472617784378	0.6516415734899529
MdIbDeHtNiSoScLa	WMFS	sub-09	NNLS	7	07.VentralAttentionA	(0.765625, 0.226562, 0.976562, 1.0)	151	5.721398112592283	0.30936765953262957	0.3093165500951599	0.01652334395102416
MdIbDeHtNiSoScLa	WMFS	sub-10	NNLS	7	07.VentralAttentionA	(0.765625, 0.226562, 0.976562, 1.0)	151	5.721398112592283	0.48354793194869755	0.48425458208406147	-0.14592533793335397
MdIbDeHtNiSoScLa	WMFS	sub-11	NNLS	7	07.VentralAttentionA	(0.765625, 0.226562, 0.976562, 1.0)	151	5.721398112592283	0.453822284667774	0.4553720472175219	-0.3403288715715962
MdIbDeHtNiSoScLa	WMFS	sub-12	NNLS	7	07.VentralAttentionA	(0.765625, 0.226562, 0.976562, 1.0)	151	5.721398112592283	0.08322535526172886	0.08095021672973678	2.8105403838360834
MdIbDeHtNiSoScLa	WMFS	sub-13	NNLS	7	07.VentralAttentionA	(0.765625, 0.226562, 0.976562, 1.0)	151	5.721398112592283	0.4549733453962952	0.4563110789202601	-0.29316262211523075
MdIbDeHtNiSoScLa	WMFS	sub-14	NNLS	7	07.VentralAttentionA	(0.765625, 0.226562, 0.976562, 1.0)	151	5.721398112592283	0.28054811781792227	0.28040797119283156	0.04997954391044494
MdIbDeHtNiSoScLa	WMFS	sub-15	NNLS	7	07.VentralAttentionA	(0.765625, 0.226562, 0.976562, 1.0)	151	5.721398112592283	0.5742031397049379	0.5748722431786383	-0.11639168208935362
MdIbDeHtNiSoScLa	WMFS	sub-16	NNLS	7	07.VentralAttentionA	(0.765625, 0.226562, 0.976562, 1.0)	151	5.721398112592283	0.415527466501562	0.4152062079778089	0.07737324673390068
MdIbDeHtNiSoScLa	WMFS	sub-01	NNLS	8	08.VentralAttentionB	(0.996094, 0.59375, 0.832031, 1.0)	97	4.241422663859465	0.38527368578516696	0.3828185973145195	0.6413190184254257
MdIbDeHtNiSoScLa	WMFS	sub-02	NNLS	8	08.VentralAttentionB	(0.996094, 0.59375, 0.832031, 1.0)	97	4.241422663859465	0.21853980220442917	0.21245794934737403	2.862614873078327
MdIbDeHtNiSoScLa	WMFS	sub-03	NNLS	8	08.VentralAttentionB	(0.996094, 0.59375, 0.832031, 1.0)	97	4.241422663859465	0.2902751468021997	0.29178570233696266	-0.5176934725261305
MdIbDeHtNiSoScLa	WMFS	sub-04	NNLS	8	08.VentralAttentionB	(0.996094, 0.59375, 0.832031, 1.0)	97	4.241422663859465	0.43517699873037297	0.4364936726288913	-0.3016478774109981
MdIbDeHtNiSoScLa	WMFS	sub-05	NNLS	8	08.VentralAttentionB	(0.996094, 0.59375, 0.832031, 1.0)	97	4.241422663859465	0.39763691625683956	0.39716550076678103	0.11869497455050698
MdIbDeHtNiSoScLa	WMFS	sub-06	NNLS	8	08.VentralAttentionB	(0.996094, 0.59375, 0.832031, 1.0)	97	4.241422663859465	0.3875765196775175	0.38855131894894285	-0.2508804432995491
MdIbDeHtNiSoScLa	WMFS	sub-07	NNLS	8	08.VentralAttentionB	(0.996094, 0.59375, 0.832031, 1.0)	97	4.241422663859465	0.46057917736222836	0.46172949741091923	-0.2491328916911566
MdIbDeHtNiSoScLa	WMFS	sub-08	NNLS	8	08.VentralAttentionB	(0.996094, 0.59375, 0.832031, 1.0)	97	4.241422663859465	0.2580729208641872	0.2550472617784378	1.1863131031682446
MdIbDeHtNiSoScLa	WMFS	sub-09	NNLS	8	08.VentralAttentionB	(0.996094, 0.59375, 0.832031, 1.0)	97	4.241422663859465	0.3098191469331557	0.3093165500951599	0.1624862419554285
MdIbDeHtNiSoScLa	WMFS	sub-10	NNLS	8	08.VentralAttentionB	(0.996094, 0.59375, 0.832031, 1.0)	97	4.241422663859465	0.48188248431207953	0.48425458208406147	-0.48984518882057143
MdIbDeHtNiSoScLa	WMFS	sub-11	NNLS	8	08.VentralAttentionB	(0.996094, 0.59375, 0.832031, 1.0)	97	4.241422663859465	0.4515026448514674	0.4553720472175219	-0.8497232954235665
MdIbDeHtNiSoScLa	WMFS	sub-12	NNLS	8	08.VentralAttentionB	(0.996094, 0.59375, 0.832031, 1.0)	97	4.241422663859465	0.08345711384837437	0.08095021672973678	3.0968380566629095
MdIbDeHtNiSoScLa	WMFS	sub-13	NNLS	8	08.VentralAttentionB	(0.996094, 0.59375, 0.832031, 1.0)	97	4.241422663859465	0.4569299383695092	0.4563110789202601	0.13562227126139953
MdIbDeHtNiSoScLa	WMFS	sub-14	NNLS	8	08.VentralAttentionB	(0.996094, 0.59375, 0.832031, 1.0)	97	4.241422663859465	0.2840390335719677	0.28040797119283156	1.294921240537457
MdIbDeHtNiSoScLa	WMFS	sub-15	NNLS	8	08.VentralAttentionB	(0.996094, 0.59375, 0.832031, 1.0)	97	4.241422663859465	0.5716896798853588	0.5748722431786383	-0.5536122731691048
MdIbDeHtNiSoScLa	WMFS	sub-16	NNLS	8	08.VentralAttentionB	(0.996094, 0.59375, 0.832031, 1.0)	97	4.241422663859465	0.41388855680470843	0.4152062079778089	-0.31734862046447937
MdIbDeHtNiSoScLa	WMFS	sub-01	NNLS	9	09.LimbicA	(0.859375, 0.96875, 0.640625, 1.0)	71	1.0276808757314433	0.3824024731042641	0.3828185973145195	-0.10870010317536986
MdIbDeHtNiSoScLa	WMFS	sub-02	NNLS	9	09.LimbicA	(0.859375, 0.96875, 0.640625, 1.0)	71	1.0276808757314433	0.21078372215454713	0.21245794934737403	-0.7880275593216288
MdIbDeHtNiSoScLa	WMFS	sub-03	NNLS	9	09.LimbicA	(0.859375, 0.96875, 0.640625, 1.0)	71	1.0276808757314433	0.2922121821569523	0.29178570233696266	0.1461620005962991
MdIbDeHtNiSoScLa	WMFS	sub-04	NNLS	9	09.LimbicA	(0.859375, 0.96875, 0.640625, 1.0)	71	1.0276808757314433	0.43641378658892144	0.4364936726288913	-0.01830176357168164
MdIbDeHtNiSoScLa	WMFS	sub-05	NNLS	9	09.LimbicA	(0.859375, 0.96875, 0.640625, 1.0)	71	1.0276808757314433	0.39639467488601576	0.39716550076678103	-0.19408178184587702
MdIbDeHtNiSoScLa	WMFS	sub-06	NNLS	9	09.LimbicA	(0.859375, 0.96875, 0.640625, 1.0)	71	1.0276808757314433	0.38841813250665785	0.38855131894894285	-0.03427769661039163
MdIbDeHtNiSoScLa	WMFS	sub-07	NNLS	9	09.LimbicA	(0.859375, 0.96875, 0.640625, 1.0)	71	1.0276808757314433	0.4623231164792578	0.46172949741091923	0.12856425064181062
MdIbDeHtNiSoScLa	WMFS	sub-08	NNLS	9	09.LimbicA	(0.859375, 0.96875, 0.640625, 1.0)	71	1.0276808757314433	0.2541353309681096	0.2550472617784378	-0.3575536565142199
MdIbDeHtNiSoScLa	WMFS	sub-09	NNLS	9	09.LimbicA	(0.859375, 0.96875, 0.640625, 1.0)	71	1.0276808757314433	0.3096946555862786	0.3093165500951599	0.12223901081348419
MdIbDeHtNiSoScLa	WMFS	sub-10	NNLS	9	09.LimbicA	(0.859375, 0.96875, 0.640625, 1.0)	71	1.0276808757314433	0.48444287514217077	0.48425458208406147	0.03888307206076483
MdIbDeHtNiSoScLa	WMFS	sub-11	NNLS	9	09.LimbicA	(0.859375, 0.96875, 0.640625, 1.0)	71	1.0276808757314433	0.45641030863458093	0.4553720472175219	0.22800288761753587
MdIbDeHtNiSoScLa	WMFS	sub-12	NNLS	9	09.LimbicA	(0.859375, 0.96875, 0.640625, 1.0)	71	1.0276808757314433	0.08027648416623095	0.08095021672973678	-0.8322801231714657
MdIbDeHtNiSoScLa	WMFS	sub-13	NNLS	9	09.LimbicA	(0.859375, 0.96875, 0.640625, 1.0)	71	1.0276808757314433	0.45633796615546457	0.4563110789202601	0.0058923038353712615
MdIbDeHtNiSoScLa	WMFS	sub-14	NNLS	9	09.LimbicA	(0.859375, 0.96875, 0.640625, 1.0)	71	1.0276808757314433	0.27895352415269986	0.28040797119283156	-0.518689619965013
MdIbDeHtNiSoScLa	WMFS	sub-15	NNLS	9	09.LimbicA	(0.859375, 0.96875, 0.640625, 1.0)	71	1.0276808757314433	0.575506241840914	0.5748722431786383	0.11028514070712356
MdIbDeHtNiSoScLa	WMFS	sub-16	NNLS	9	09.LimbicA	(0.859375, 0.96875, 0.640625, 1.0)	71	1.0276808757314433	0.4154844395355455	0.4152062079778089	0.06701045225014246
MdIbDeHtNiSoScLa	WMFS	sub-01	NNLS	10	10.LimbicB	(0.476562, 0.527344, 0.195312, 1.0)	75	10.41952531442147	0.3753613441663382	0.3828185973145195	-1.9479861220155146
MdIbDeHtNiSoScLa	WMFS	sub-02	NNLS	10	10.LimbicB	(0.476562, 0.527344, 0.195312, 1.0)	75	10.41952531442147	0.18205905617917703	0.21245794934737403	-14.308192873731473
MdIbDeHtNiSoScLa	WMFS	sub-03	NNLS	10	10.LimbicB	(0.476562, 0.527344, 0.195312, 1.0)	75	10.41952531442147	0.29681949197272617	0.29178570233696266	1.7251666532825314
MdIbDeHtNiSoScLa	WMFS	sub-04	NNLS	10	10.LimbicB	(0.476562, 0.527344, 0.195312, 1.0)	75	10.41952531442147	0.44151525942560854	0.4364936726288913	1.1504374774721162
MdIbDeHtNiSoScLa	WMFS	sub-05	NNLS	10	10.LimbicB	(0.476562, 0.527344, 0.195312, 1.0)	75	10.41952531442147	0.3927538880766558	0.39716550076678103	-1.1107743954618507
MdIbDeHtNiSoScLa	WMFS	sub-06	NNLS	10	10.LimbicB	(0.476562, 0.527344, 0.195312, 1.0)	75	10.41952531442147	0.39624758655498504	0.38855131894894285	1.9807596141639954
MdIbDeHtNiSoScLa	WMFS	sub-07	NNLS	10	10.LimbicB	(0.476562, 0.527344, 0.195312, 1.0)	75	10.41952531442147	0.46858232639259234	0.46172949741091923	1.4841653002676563
MdIbDeHtNiSoScLa	WMFS	sub-08	NNLS	10	10.LimbicB	(0.476562, 0.527344, 0.195312, 1.0)	75	10.41952531442147	0.245071640000932	0.2550472617784378	-3.9112836216887907
MdIbDeHtNiSoScLa	WMFS	sub-09	NNLS	10	10.LimbicB	(0.476562, 0.527344, 0.195312, 1.0)	75	10.41952531442147	0.31705860361369936	0.3093165500951599	2.502954826102144
MdIbDeHtNiSoScLa	WMFS	sub-10	NNLS	10	10.LimbicB	(0.476562, 0.527344, 0.195312, 1.0)	75	10.41952531442147	0.48339345179837506	0.48425458208406147	-0.17782594477070401
MdIbDeHtNiSoScLa	WMFS	sub-11	NNLS	10	10.LimbicB	(0.476562, 0.527344, 0.195312, 1.0)	75	10.41952531442147	0.4691594211551447	0.4553720472175219	3.02771635234713
MdIbDeHtNiSoScLa	WMFS	sub-12	NNLS	10	10.LimbicB	(0.476562, 0.527344, 0.195312, 1.0)	75	10.41952531442147	0.08789810669712683	0.08095021672973678	8.582917066901159
MdIbDeHtNiSoScLa	WMFS	sub-13	NNLS	10	10.LimbicB	(0.476562, 0.527344, 0.195312, 1.0)	75	10.41952531442147	0.4462756598853132	0.4563110789202601	-2.1992494810104324
MdIbDeHtNiSoScLa	WMFS	sub-14	NNLS	10	10.LimbicB	(0.476562, 0.527344, 0.195312, 1.0)	75	10.41952531442147	0.26794423456436767	0.28040797119283156	-4.444858174125444
MdIbDeHtNiSoScLa	WMFS	sub-15	NNLS	10	10.LimbicB	(0.476562, 0.527344, 0.195312, 1.0)	75	10.41952531442147	0.5716710409788748	0.5748722431786383	-0.5568545425089766
MdIbDeHtNiSoScLa	WMFS	sub-16	NNLS	10	10.LimbicB	(0.476562, 0.527344, 0.195312, 1.0)	75	10.41952531442147	0.42119166579473244	0.4152062079778089	1.441562698706917
MdIbDeHtNiSoScLa	WMFS	sub-01	NNLS	11	11.ControlC	(0.464844, 0.546875, 0.6875, 1.0)	43	1.5427937557808242	0.3819492399124766	0.3828185973145195	-0.22709382672144834
MdIbDeHtNiSoScLa	WMFS	sub-02	NNLS	11	11.ControlC	(0.464844, 0.546875, 0.6875, 1.0)	43	1.5427937557808242	0.21130388984208334	0.21245794934737403	-0.5431943162567984
MdIbDeHtNiSoScLa	WMFS	sub-03	NNLS	11	11.ControlC	(0.464844, 0.546875, 0.6875, 1.0)	43	1.5427937557808242	0.292372170705224	0.29178570233696266	0.20099283945861274
MdIbDeHtNiSoScLa	WMFS	sub-04	NNLS	11	11.ControlC	(0.464844, 0.546875, 0.6875, 1.0)	43	1.5427937557808242	0.4379374358870568	0.4364936726288913	0.33076384577811946
MdIbDeHtNiSoScLa	WMFS	sub-05	NNLS	11	11.ControlC	(0.464844, 0.546875, 0.6875, 1.0)	43	1.5427937557808242	0.3971322250406055	0.39716550076678103	-0.008378302272293203
MdIbDeHtNiSoScLa	WMFS	sub-06	NNLS	11	11.ControlC	(0.464844, 0.546875, 0.6875, 1.0)	43	1.5427937557808242	0.38920879662519486	0.38855131894894285	0.16921257094958192
MdIbDeHtNiSoScLa	WMFS	sub-07	NNLS	11	11.ControlC	(0.464844, 0.546875, 0.6875, 1.0)	43	1.5427937557808242	0.46230212798130643	0.46172949741091923	0.124018624237382
MdIbDeHtNiSoScLa	WMFS	sub-08	NNLS	11	11.ControlC	(0.464844, 0.546875, 0.6875, 1.0)	43	1.5427937557808242	0.2541423095515925	0.2550472617784378	-0.35481746423587196
MdIbDeHtNiSoScLa	WMFS	sub-09	NNLS	11	11.ControlC	(0.464844, 0.546875, 0.6875, 1.0)	43	1.5427937557808242	0.30977166581779114	0.3093165500951599	0.1471359106039506
MdIbDeHtNiSoScLa	WMFS	sub-10	NNLS	11	11.ControlC	(0.464844, 0.546875, 0.6875, 1.0)	43	1.5427937557808242	0.4846189948963938	0.48425458208406147	0.07525232095152183
MdIbDeHtNiSoScLa	WMFS	sub-11	NNLS	11	11.ControlC	(0.464844, 0.546875, 0.6875, 1.0)	43	1.5427937557808242	0.45662575293587876	0.4553720472175219	0.2753145973753629
MdIbDeHtNiSoScLa	WMFS	sub-12	NNLS	11	11.ControlC	(0.464844, 0.546875, 0.6875, 1.0)	43	1.5427937557808242	0.0809374111538698	0.08095021672973678	-0.01581907545686133
MdIbDeHtNiSoScLa	WMFS	sub-13	NNLS	11	11.ControlC	(0.464844, 0.546875, 0.6875, 1.0)	43	1.5427937557808242	0.45641662693470947	0.4563110789202601	0.023130714840212303
MdIbDeHtNiSoScLa	WMFS	sub-14	NNLS	11	11.ControlC	(0.464844, 0.546875, 0.6875, 1.0)	43	1.5427937557808242	0.2802349036684513	0.28040797119283156	-0.06171990177171986
MdIbDeHtNiSoScLa	WMFS	sub-15	NNLS	11	11.ControlC	(0.464844, 0.546875, 0.6875, 1.0)	43	1.5427937557808242	0.5757752087978307	0.5748722431786383	0.15707239824272773
MdIbDeHtNiSoScLa	WMFS	sub-16	NNLS	11	11.ControlC	(0.464844, 0.546875, 0.6875, 1.0)	43	1.5427937557808242	0.4161140112974505	0.4152062079778089	0.2186391489816428
MdIbDeHtNiSoScLa	WMFS	sub-01	NNLS	12	12.ControlA	(0.898438, 0.578125, 0.132812, 1.0)	109	11.98684665217007	0.38525867034336697	0.3828185973145195	0.6373966797759123
MdIbDeHtNiSoScLa	WMFS	sub-02	NNLS	12	12.ControlA	(0.898438, 0.578125, 0.132812, 1.0)	109	11.98684665217007	0.2169817426730382	0.21245794934737403	2.129265268520348
MdIbDeHtNiSoScLa	WMFS	sub-03	NNLS	12	12.ControlA	(0.898438, 0.578125, 0.132812, 1.0)	109	11.98684665217007	0.29237595417992873	0.29178570233696266	0.2022895015892286
MdIbDeHtNiSoScLa	WMFS	sub-04	NNLS	12	12.ControlA	(0.898438, 0.578125, 0.132812, 1.0)	109	11.98684665217007	0.4363279826365257	0.4364936726288913	-0.0379593113842164
MdIbDeHtNiSoScLa	WMFS	sub-05	NNLS	12	12.ControlA	(0.898438, 0.578125, 0.132812, 1.0)	109	11.98684665217007	0.3972982922634683	0.39716550076678103	0.03343480146963826
MdIbDeHtNiSoScLa	WMFS	sub-06	NNLS	12	12.ControlA	(0.898438, 0.578125, 0.132812, 1.0)	109	11.98684665217007	0.38575122166464937	0.38855131894894285	-0.7206505673093399
MdIbDeHtNiSoScLa	WMFS	sub-07	NNLS	12	12.ControlA	(0.898438, 0.578125, 0.132812, 1.0)	109	11.98684665217007	0.4592042412236566	0.46172949741091923	-0.5469124674560821
MdIbDeHtNiSoScLa	WMFS	sub-08	NNLS	12	12.ControlA	(0.898438, 0.578125, 0.132812, 1.0)	109	11.98684665217007	0.2580394815386036	0.2550472617784378	1.1732020721575949
MdIbDeHtNiSoScLa	WMFS	sub-09	NNLS	12	12.ControlA	(0.898438, 0.578125, 0.132812, 1.0)	109	11.98684665217007	0.3056909515143461	0.3093165500951599	-1.1721321021129951
MdIbDeHtNiSoScLa	WMFS	sub-10	NNLS	12	12.ControlA	(0.898438, 0.578125, 0.132812, 1.0)	109	11.98684665217007	0.4821779222178348	0.48425458208406147	-0.42883638958860615
MdIbDeHtNiSoScLa	WMFS	sub-11	NNLS	12	12.ControlA	(0.898438, 0.578125, 0.132812, 1.0)	109	11.98684665217007	0.4512687984044008	0.4553720472175219	-0.9010761284521789
MdIbDeHtNiSoScLa	WMFS	sub-12	NNLS	12	12.ControlA	(0.898438, 0.578125, 0.132812, 1.0)	109	11.98684665217007	0.07860097021742443	0.08095021672973678	-2.902087983477081
MdIbDeHtNiSoScLa	WMFS	sub-13	NNLS	12	12.ControlA	(0.898438, 0.578125, 0.132812, 1.0)	109	11.98684665217007	0.45576349133556354	0.4563110789202601	-0.12000313163386404
MdIbDeHtNiSoScLa	WMFS	sub-14	NNLS	12	12.ControlA	(0.898438, 0.578125, 0.132812, 1.0)	109	11.98684665217007	0.28067501130165823	0.28040797119283156	0.09523270957337633
MdIbDeHtNiSoScLa	WMFS	sub-15	NNLS	12	12.ControlA	(0.898438, 0.578125, 0.132812, 1.0)	109	11.98684665217007	0.5746010675386576	0.5748722431786383	-0.047171461694042106
MdIbDeHtNiSoScLa	WMFS	sub-16	NNLS	12	12.ControlA	(0.898438, 0.578125, 0.132812, 1.0)	109	11.98684665217007	0.4141470520576196	0.4152062079778089	-0.2550915424284551
MdIbDeHtNiSoScLa	WMFS	sub-01	NNLS	13	13.ControlB	(0.527344, 0.195312, 0.289062, 1.0)	100	6.858114976360884	0.3768697797129197	0.3828185973145195	-1.5539520920171854
MdIbDeHtNiSoScLa	WMFS	sub-02	NNLS	13	13.ControlB	(0.527344, 0.195312, 0.289062, 1.0)	100	6.858114976360884	0.20013266276610098	0.21245794934737403	-5.801282851092994
MdIbDeHtNiSoScLa	WMFS	sub-03	NNLS	13	13.ControlB	(0.527344, 0.195312, 0.289062, 1.0)	100	6.858114976360884	0.29208775758773853	0.29178570233696266	0.10351955162869687
MdIbDeHtNiSoScLa	WMFS	sub-04	NNLS	13	13.ControlB	(0.527344, 0.195312, 0.289062, 1.0)	100	6.858114976360884	0.43457967126161673	0.4364936726288913	-0.4384946420292992
MdIbDeHtNiSoScLa	WMFS	sub-05	NNLS	13	13.ControlB	(0.527344, 0.195312, 0.289062, 1.0)	100	6.858114976360884	0.39277722334182275	0.39716550076678103	-1.1048989442653332
MdIbDeHtNiSoScLa	WMFS	sub-06	NNLS	13	13.ControlB	(0.527344, 0.195312, 0.289062, 1.0)	100	6.858114976360884	0.38526093269682615	0.38855131894894285	-0.8468344055599678
MdIbDeHtNiSoScLa	WMFS	sub-07	NNLS	13	13.ControlB	(0.527344, 0.195312, 0.289062, 1.0)	100	6.858114976360884	0.46237951804113775	0.46172949741091923	0.1407795330087017
MdIbDeHtNiSoScLa	WMFS	sub-08	NNLS	13	13.ControlB	(0.527344, 0.195312, 0.289062, 1.0)	100	6.858114976360884	0.2460833994456799	0.2550472617784378	-3.514588735535963
MdIbDeHtNiSoScLa	WMFS	sub-09	NNLS	13	13.ControlB	(0.527344, 0.195312, 0.289062, 1.0)	100	6.858114976360884	0.30948516570771856	0.3093165500951599	0.054512315136962336
MdIbDeHtNiSoScLa	WMFS	sub-10	NNLS	13	13.ControlB	(0.527344, 0.195312, 0.289062, 1.0)	100	6.858114976360884	0.48426811033180883	0.48425458208406147	0.002793623075106947
MdIbDeHtNiSoScLa	WMFS	sub-11	NNLS	13	13.ControlB	(0.527344, 0.195312, 0.289062, 1.0)	100	6.858114976360884	0.46116675031345916	0.4553720472175219	1.2725205974641784
MdIbDeHtNiSoScLa	WMFS	sub-12	NNLS	13	13.ControlB	(0.527344, 0.195312, 0.289062, 1.0)	100	6.858114976360884	0.07308103434819642	0.08095021672973678	-9.721014593219293
MdIbDeHtNiSoScLa	WMFS	sub-13	NNLS	13	13.ControlB	(0.527344, 0.195312, 0.289062, 1.0)	100	6.858114976360884	0.452350382605848	0.4563110789202601	-0.8679816242428504
MdIbDeHtNiSoScLa	WMFS	sub-14	NNLS	13	13.ControlB	(0.527344, 0.195312, 0.289062, 1.0)	100	6.858114976360884	0.2726526996274201	0.28040797119283156	-2.765710094624338
MdIbDeHtNiSoScLa	WMFS	sub-15	NNLS	13	13.ControlB	(0.527344, 0.195312, 0.289062, 1.0)	100	6.858114976360884	0.5774517862691216	0.5748722431786383	0.44871588793717115
MdIbDeHtNiSoScLa	WMFS	sub-16	NNLS	13	13.ControlB	(0.527344, 0.195312, 0.289062, 1.0)	100	6.858114976360884	0.4154699361576163	0.4152062079778089	0.06351739803984459
MdIbDeHtNiSoScLa	WMFS	sub-01	NNLS	14	14.TemporalParietal	(0.046875, 0.1875, 0.996094, 1.0)	66	4.6249731117357005	0.37946349052792	0.3828185973145195	-0.8764220991706382
MdIbDeHtNiSoScLa	WMFS	sub-02	NNLS	14	14.TemporalParietal	(0.046875, 0.1875, 0.996094, 1.0)	66	4.6249731117357005	0.20666296101313703	0.21245794934737403	-2.7275930846729817
MdIbDeHtNiSoScLa	WMFS	sub-03	NNLS	14	14.TemporalParietal	(0.046875, 0.1875, 0.996094, 1.0)	66	4.6249731117357005	0.2925050557164589	0.29178570233696266	0.24653482803811805
MdIbDeHtNiSoScLa	WMFS	sub-04	NNLS	14	14.TemporalParietal	(0.046875, 0.1875, 0.996094, 1.0)	66	4.6249731117357005	0.4360442810998213	0.4364936726288913	-0.10295487821471944
MdIbDeHtNiSoScLa	WMFS	sub-05	NNLS	14	14.TemporalParietal	(0.046875, 0.1875, 0.996094, 1.0)	66	4.6249731117357005	0.3955306518213459	0.39716550076678103	-0.41162914258132866
MdIbDeHtNiSoScLa	WMFS	sub-06	NNLS	14	14.TemporalParietal	(0.046875, 0.1875, 0.996094, 1.0)	66	4.6249731117357005	0.38863755154156104	0.38855131894894285	0.02219335990197152
MdIbDeHtNiSoScLa	WMFS	sub-07	NNLS	14	14.TemporalParietal	(0.046875, 0.1875, 0.996094, 1.0)	66	4.6249731117357005	0.4614185336644892	0.46172949741091923	-0.06734760247584574
MdIbDeHtNiSoScLa	WMFS	sub-08	NNLS	14	14.TemporalParietal	(0.046875, 0.1875, 0.996094, 1.0)	66	4.6249731117357005	0.2526547561812146	0.2550472617784378	-0.9380636281057583
MdIbDeHtNiSoScLa	WMFS	sub-09	NNLS	14	14.TemporalParietal	(0.046875, 0.1875, 0.996094, 1.0)	66	4.6249731117357005	0.3109476200888151	0.3093165500951599	0.5273141683344803
MdIbDeHtNiSoScLa	WMFS	sub-10	NNLS	14	14.TemporalParietal	(0.046875, 0.1875, 0.996094, 1.0)	66	4.6249731117357005	0.48194268541533114	0.48425458208406147	-0.4774134833749509
MdIbDeHtNiSoScLa	WMFS	sub-11	NNLS	14	14.TemporalParietal	(0.046875, 0.1875, 0.996094, 1.0)	66	4.6249731117357005	0.45775826801246355	0.4553720472175219	0.5240156503945035
MdIbDeHtNiSoScLa	WMFS	sub-12	NNLS	14	14.TemporalParietal	(0.046875, 0.1875, 0.996094, 1.0)	66	4.6249731117357005	0.08717936812585507	0.08095021672973678	7.695039800714995
MdIbDeHtNiSoScLa	WMFS	sub-13	NNLS	14	14.TemporalParietal	(0.046875, 0.1875, 0.996094, 1.0)	66	4.6249731117357005	0.45421694680254204	0.4563110789202601	-0.4589264242001959
MdIbDeHtNiSoScLa	WMFS	sub-14	NNLS	14	14.TemporalParietal	(0.046875, 0.1875, 0.996094, 1.0)	66	4.6249731117357005	0.2807807113019418	0.28040797119283156	0.1329277864408256
MdIbDeHtNiSoScLa	WMFS	sub-15	NNLS	14	14.TemporalParietal	(0.046875, 0.1875, 0.996094, 1.0)	66	4.6249731117357005	0.5713383968508209	0.5748722431786383	-0.6147185517738188
MdIbDeHtNiSoScLa	WMFS	sub-16	NNLS	14	14.TemporalParietal	(0.046875, 0.1875, 0.996094, 1.0)	66	4.6249731117357005	0.417066535943515	0.4152062079778089	0.44804916929506705
MdIbDeHtNiSoScLa	WMFS	sub-01	NNLS	15	15.DefaultC	(0.0, 0.0, 0.507812, 1.0)	46	0.575517389033944	0.3826960111891433	0.3828185973145195	-0.03202198802151561
MdIbDeHtNiSoScLa	WMFS	sub-02	NNLS	15	15.DefaultC	(0.0, 0.0, 0.507812, 1.0)	46	0.575517389033944	0.21235026080079222	0.21245794934737403	-0.05068699331448823
MdIbDeHtNiSoScLa	WMFS	sub-03	NNLS	15	15.DefaultC	(0.0, 0.0, 0.507812, 1.0)	46	0.575517389033944	0.29164288573118335	0.29178570233696266	-0.04894571757130747
MdIbDeHtNiSoScLa	WMFS	sub-04	NNLS	15	15.DefaultC	(0.0, 0.0, 0.507812, 1.0)	46	0.575517389033944	0.43651622189053757	0.4364936726288913	0.005165999660529906
MdIbDeHtNiSoScLa	WMFS	sub-05	NNLS	15	15.DefaultC	(0.0, 0.0, 0.507812, 1.0)	46	0.575517389033944	0.3969729918652272	0.39716550076678103	-0.04847070079907434
MdIbDeHtNiSoScLa	WMFS	sub-06	NNLS	15	15.DefaultC	(0.0, 0.0, 0.507812, 1.0)	46	0.575517389033944	0.3884221887394448	0.38855131894894285	-0.03323375914599098
MdIbDeHtNiSoScLa	WMFS	sub-07	NNLS	15	15.DefaultC	(0.0, 0.0, 0.507812, 1.0)	46	0.575517389033944	0.461735494848869	0.46172949741091923	0.0012989072570405676
MdIbDeHtNiSoScLa	WMFS	sub-08	NNLS	15	15.DefaultC	(0.0, 0.0, 0.507812, 1.0)	46	0.575517389033944	0.2549240158513349	0.2550472617784378	-0.04832277995987799
MdIbDeHtNiSoScLa	WMFS	sub-09	NNLS	15	15.DefaultC	(0.0, 0.0, 0.507812, 1.0)	46	0.575517389033944	0.3092053502879876	0.3093165500951599	-0.03595016404329791
MdIbDeHtNiSoScLa	WMFS	sub-10	NNLS	15	15.DefaultC	(0.0, 0.0, 0.507812, 1.0)	46	0.575517389033944	0.48433634696352745	0.48425458208406147	0.01688468885809958
MdIbDeHtNiSoScLa	WMFS	sub-11	NNLS	15	15.DefaultC	(0.0, 0.0, 0.507812, 1.0)	46	0.575517389033944	0.4556321305793634	0.4553720472175219	0.05711447670772088
MdIbDeHtNiSoScLa	WMFS	sub-12	NNLS	15	15.DefaultC	(0.0, 0.0, 0.507812, 1.0)	46	0.575517389033944	0.08078840162704125	0.08095021672973678	-0.19989458859112127
MdIbDeHtNiSoScLa	WMFS	sub-13	NNLS	15	15.DefaultC	(0.0, 0.0, 0.507812, 1.0)	46	0.575517389033944	0.45626942115518365	0.4563110789202601	-0.009129246910911524
MdIbDeHtNiSoScLa	WMFS	sub-14	NNLS	15	15.DefaultC	(0.0, 0.0, 0.507812, 1.0)	46	0.575517389033944	0.28011910694551834	0.28040797119283156	-0.10301570461225529
MdIbDeHtNiSoScLa	WMFS	sub-15	NNLS	15	15.DefaultC	(0.0, 0.0, 0.507812, 1.0)	46	0.575517389033944	0.5751284951430506	0.5748722431786383	0.044575463062101535
MdIbDeHtNiSoScLa	WMFS	sub-16	NNLS	15	15.DefaultC	(0.0, 0.0, 0.507812, 1.0)	46	0.575517389033944	0.4153273694066128	0.4152062079778089	0.029181025349792732
MdIbDeHtNiSoScLa	WMFS	sub-01	NNLS	16	16.DefaultA	(0.996094, 0.996094, 0.0, 1.0)	154	3.545233651051354	0.38328021763076575	0.3828185973145195	0.12058461095791154
MdIbDeHtNiSoScLa	WMFS	sub-02	NNLS	16	16.DefaultA	(0.996094, 0.996094, 0.0, 1.0)	154	3.545233651051354	0.21512200458836914	0.21245794934737403	1.2539211873119018
MdIbDeHtNiSoScLa	WMFS	sub-03	NNLS	16	16.DefaultA	(0.996094, 0.996094, 0.0, 1.0)	154	3.545233651051354	0.292158141958057	0.29178570233696266	0.12764149103654182
MdIbDeHtNiSoScLa	WMFS	sub-04	NNLS	16	16.DefaultA	(0.996094, 0.996094, 0.0, 1.0)	154	3.545233651051354	0.4363253367488547	0.4364936726288913	-0.03856548000404543
MdIbDeHtNiSoScLa	WMFS	sub-05	NNLS	16	16.DefaultA	(0.996094, 0.996094, 0.0, 1.0)	154	3.545233651051354	0.3983893729621965	0.39716550076678103	0.3081516881634048
MdIbDeHtNiSoScLa	WMFS	sub-06	NNLS	16	16.DefaultA	(0.996094, 0.996094, 0.0, 1.0)	154	3.545233651051354	0.3899584969881096	0.38855131894894285	0.362160149905872
MdIbDeHtNiSoScLa	WMFS	sub-07	NNLS	16	16.DefaultA	(0.996094, 0.996094, 0.0, 1.0)	154	3.545233651051354	0.46168322470236245	0.46172949741091923	-0.010021605467324512
MdIbDeHtNiSoScLa	WMFS	sub-08	NNLS	16	16.DefaultA	(0.996094, 0.996094, 0.0, 1.0)	154	3.545233651051354	0.2565716093159722	0.2550472617784378	0.5976725752337853
MdIbDeHtNiSoScLa	WMFS	sub-09	NNLS	16	16.DefaultA	(0.996094, 0.996094, 0.0, 1.0)	154	3.545233651051354	0.3083742844766289	0.3093165500951599	-0.30462825808742466
MdIbDeHtNiSoScLa	WMFS	sub-10	NNLS	16	16.DefaultA	(0.996094, 0.996094, 0.0, 1.0)	154	3.545233651051354	0.4847521997701704	0.48425458208406147	0.10275952040915785
MdIbDeHtNiSoScLa	WMFS	sub-11	NNLS	16	16.DefaultA	(0.996094, 0.996094, 0.0, 1.0)	154	3.545233651051354	0.4550374223662175	0.4553720472175219	-0.07348383664501096
MdIbDeHtNiSoScLa	WMFS	sub-12	NNLS	16	16.DefaultA	(0.996094, 0.996094, 0.0, 1.0)	154	3.545233651051354	0.08100721323983529	0.08095021672973678	0.07040933601054984
MdIbDeHtNiSoScLa	WMFS	sub-13	NNLS	16	16.DefaultA	(0.996094, 0.996094, 0.0, 1.0)	154	3.545233651051354	0.4571782693775373	0.4563110789202601	0.19004369986570474
MdIbDeHtNiSoScLa	WMFS	sub-14	NNLS	16	16.DefaultA	(0.996094, 0.996094, 0.0, 1.0)	154	3.545233651051354	0.28070431479036534	0.28040797119283156	0.10568301474211184
MdIbDeHtNiSoScLa	WMFS	sub-15	NNLS	16	16.DefaultA	(0.996094, 0.996094, 0.0, 1.0)	154	3.545233651051354	0.5752959187795929	0.5748722431786383	0.07369908809859191
MdIbDeHtNiSoScLa	WMFS	sub-16	NNLS	16	16.DefaultA	(0.996094, 0.996094, 0.0, 1.0)	154	3.545233651051354	0.4159480135131107	0.4152062079778089	0.17865954820730648
MdIbDeHtNiSoScLa	WMFS	sub-01	NNLS	17	17.DefaultB	(0.800781, 0.242188, 0.304688, 1.0)	148	7.044080516662596	0.3867969244917723	0.3828185973145195	1.0392199347578255
MdIbDeHtNiSoScLa	WMFS	sub-02	NNLS	17	17.DefaultB	(0.800781, 0.242188, 0.304688, 1.0)	148	7.044080516662596	0.2225499725475007	0.21245794934737403	4.750127369264005
MdIbDeHtNiSoScLa	WMFS	sub-03	NNLS	17	17.DefaultB	(0.800781, 0.242188, 0.304688, 1.0)	148	7.044080516662596	0.2923255713427725	0.29178570233696266	0.18502243306848762
MdIbDeHtNiSoScLa	WMFS	sub-04	NNLS	17	17.DefaultB	(0.800781, 0.242188, 0.304688, 1.0)	148	7.044080516662596	0.43944808661360124	0.4364936726288913	0.6768515032339927
MdIbDeHtNiSoScLa	WMFS	sub-05	NNLS	17	17.DefaultB	(0.800781, 0.242188, 0.304688, 1.0)	148	7.044080516662596	0.40379149459634245	0.39716550076678103	1.6683205909800953
MdIbDeHtNiSoScLa	WMFS	sub-06	NNLS	17	17.DefaultB	(0.800781, 0.242188, 0.304688, 1.0)	148	7.044080516662596	0.3920873323813058	0.38855131894894285	0.9100505544359183
MdIbDeHtNiSoScLa	WMFS	sub-07	NNLS	17	17.DefaultB	(0.800781, 0.242188, 0.304688, 1.0)	148	7.044080516662596	0.46407794486623866	0.46172949741091923	0.5086197586439681
MdIbDeHtNiSoScLa	WMFS	sub-08	NNLS	17	17.DefaultB	(0.800781, 0.242188, 0.304688, 1.0)	148	7.044080516662596	0.2608384722299189	0.2550472617784378	2.2706420806477845
MdIbDeHtNiSoScLa	WMFS	sub-09	NNLS	17	17.DefaultB	(0.800781, 0.242188, 0.304688, 1.0)	148	7.044080516662596	0.30936143252209014	0.3093165500951599	0.014510192524916423
MdIbDeHtNiSoScLa	WMFS	sub-10	NNLS	17	17.DefaultB	(0.800781, 0.242188, 0.304688, 1.0)	148	7.044080516662596	0.4887043324733345	0.48425458208406147	0.9188865844331037
MdIbDeHtNiSoScLa	WMFS	sub-11	NNLS	17	17.DefaultB	(0.800781, 0.242188, 0.304688, 1.0)	148	7.044080516662596	0.45385574703330933	0.4553720472175219	-0.33298051417026364
MdIbDeHtNiSoScLa	WMFS	sub-12	NNLS	17	17.DefaultB	(0.800781, 0.242188, 0.304688, 1.0)	148	7.044080516662596	0.07774830328706808	0.08095021672973678	-3.9554105869274125
MdIbDeHtNiSoScLa	WMFS	sub-13	NNLS	17	17.DefaultB	(0.800781, 0.242188, 0.304688, 1.0)	148	7.044080516662596	0.46081357032513354	0.4563110789202601	0.986715338038114
MdIbDeHtNiSoScLa	WMFS	sub-14	NNLS	17	17.DefaultB	(0.800781, 0.242188, 0.304688, 1.0)	148	7.044080516662596	0.28532386929704584	0.28040797119283156	1.753123523308723
MdIbDeHtNiSoScLa	WMFS	sub-15	NNLS	17	17.DefaultB	(0.800781, 0.242188, 0.304688, 1.0)	148	7.044080516662596	0.5786535422891788	0.5748722431786383	0.6577633822834379
MdIbDeHtNiSoScLa	WMFS	sub-16	NNLS	17	17.DefaultB	(0.800781, 0.242188, 0.304688, 1.0)	148	7.044080516662596	0.41515645948371444	0.4152062079778089	-0.011981635423212893
MdWfDeHtNiSoScLa	IBC	sub-01	NNLS	1	01.VisualA	(0.46875, 0.070312, 0.523438, 1.0)	125	3.1078526148694343	0.17081506096809107	0.1699514847078776	0.5081310479269018
MdWfDeHtNiSoScLa	IBC	sub-04	NNLS	1	01.VisualA	(0.46875, 0.070312, 0.523438, 1.0)	125	3.1078526148694343	0.27094697569347126	0.27204972546457074	-0.4053486064785932
MdWfDeHtNiSoScLa	IBC	sub-05	NNLS	1	01.VisualA	(0.46875, 0.070312, 0.523438, 1.0)	125	3.1078526148694343	0.19677920666765158	0.1975567184532044	-0.3935638289805853
MdWfDeHtNiSoScLa	IBC	sub-06	NNLS	1	01.VisualA	(0.46875, 0.070312, 0.523438, 1.0)	125	3.1078526148694343	0.21074107559179675	0.21160940487495217	-0.4103453169619492
MdWfDeHtNiSoScLa	IBC	sub-07	NNLS	1	01.VisualA	(0.46875, 0.070312, 0.523438, 1.0)	125	3.1078526148694343	0.11784175184792321	0.11826639868780699	-0.3590595846287104
MdWfDeHtNiSoScLa	IBC	sub-08	NNLS	1	01.VisualA	(0.46875, 0.070312, 0.523438, 1.0)	125	3.1078526148694343	0.07952654161719716	0.07932089152238812	0.2592634687558864
MdWfDeHtNiSoScLa	IBC	sub-09	NNLS	1	01.VisualA	(0.46875, 0.070312, 0.523438, 1.0)	125	3.1078526148694343	0.20880150457168878	0.20935955771931022	-0.2665525059857221
MdWfDeHtNiSoScLa	IBC	sub-11	NNLS	1	01.VisualA	(0.46875, 0.070312, 0.523438, 1.0)	125	3.1078526148694343	0.29333973227657584	0.2931155794056072	0.07647252030179041
MdWfDeHtNiSoScLa	IBC	sub-12	NNLS	1	01.VisualA	(0.46875, 0.070312, 0.523438, 1.0)	125	3.1078526148694343	0.22422317977085862	0.22687165056899455	-1.1673872832914833
MdWfDeHtNiSoScLa	IBC	sub-13	NNLS	1	01.VisualA	(0.46875, 0.070312, 0.523438, 1.0)	125	3.1078526148694343	0.16055272471306364	0.16201614481513973	-0.9032557241414746
MdWfDeHtNiSoScLa	IBC	sub-14	NNLS	1	01.VisualA	(0.46875, 0.070312, 0.523438, 1.0)	125	3.1078526148694343	0.1565725341522675	0.15745446313258774	-0.5601168507859948
MdWfDeHtNiSoScLa	IBC	sub-15	NNLS	1	01.VisualA	(0.46875, 0.070312, 0.523438, 1.0)	125	3.1078526148694343	0.11436304173960142	0.11489723379063085	-0.4649302976282737
MdWfDeHtNiSoScLa	IBC	sub-01	NNLS	2	02.VisualB	(0.996094, 0.0, 0.0, 1.0)	102	1.9096381164767278	0.1685770092416785	0.1699514847078776	-0.8087457832813999
MdWfDeHtNiSoScLa	IBC	sub-04	NNLS	2	02.VisualB	(0.996094, 0.0, 0.0, 1.0)	102	1.9096381164767278	0.2711470352369414	0.27204972546457074	-0.3318107474976672
MdWfDeHtNiSoScLa	IBC	sub-05	NNLS	2	02.VisualB	(0.996094, 0.0, 0.0, 1.0)	102	1.9096381164767278	0.1956999841719669	0.1975567184532044	-0.9398487157384687
MdWfDeHtNiSoScLa	IBC	sub-06	NNLS	2	02.VisualB	(0.996094, 0.0, 0.0, 1.0)	102	1.9096381164767278	0.2102725797397976	0.21160940487495217	-0.6317418339437925
MdWfDeHtNiSoScLa	IBC	sub-07	NNLS	2	02.VisualB	(0.996094, 0.0, 0.0, 1.0)	102	1.9096381164767278	0.11921560005333957	0.11826639868780699	0.8025959833597669
MdWfDeHtNiSoScLa	IBC	sub-08	NNLS	2	02.VisualB	(0.996094, 0.0, 0.0, 1.0)	102	1.9096381164767278	0.07933748915064644	0.07932089152238812	0.02092466176282062
MdWfDeHtNiSoScLa	IBC	sub-09	NNLS	2	02.VisualB	(0.996094, 0.0, 0.0, 1.0)	102	1.9096381164767278	0.20845450862828407	0.20935955771931022	-0.4322941359283704
MdWfDeHtNiSoScLa	IBC	sub-11	NNLS	2	02.VisualB	(0.996094, 0.0, 0.0, 1.0)	102	1.9096381164767278	0.29125437103842755	0.2931155794056072	-0.634974221074794
MdWfDeHtNiSoScLa	IBC	sub-12	NNLS	2	02.VisualB	(0.996094, 0.0, 0.0, 1.0)	102	1.9096381164767278	0.22735721677250834	0.22687165056899455	0.2140268307194755
MdWfDeHtNiSoScLa	IBC	sub-13	NNLS	2	02.VisualB	(0.996094, 0.0, 0.0, 1.0)	102	1.9096381164767278	0.1619589254156188	0.16201614481513973	-0.035317097309177814
MdWfDeHtNiSoScLa	IBC	sub-14	NNLS	2	02.VisualB	(0.996094, 0.0, 0.0, 1.0)	102	1.9096381164767278	0.1562600541704741	0.15745446313258774	-0.7585742178091646
MdWfDeHtNiSoScLa	IBC	sub-15	NNLS	2	02.VisualB	(0.996094, 0.0, 0.0, 1.0)	102	1.9096381164767278	0.11427741790263535	0.11489723379063085	-0.5394524024181062
MdWfDeHtNiSoScLa	IBC	sub-01	NNLS	3	03.SomatomotorA	(0.273438, 0.507812, 0.703125, 1.0)	182	10.860512886181326	0.1686260956962951	0.1699514847078776	-0.7798631555709267
MdWfDeHtNiSoScLa	IBC	sub-04	NNLS	3	03.SomatomotorA	(0.273438, 0.507812, 0.703125, 1.0)	182	10.860512886181326	0.2708443061007866	0.27204972546457074	-0.44308788098414664
MdWfDeHtNiSoScLa	IBC	sub-05	NNLS	3	03.SomatomotorA	(0.273438, 0.507812, 0.703125, 1.0)	182	10.860512886181326	0.19613797346882123	0.1975567184532044	-0.71814565229238
MdWfDeHtNiSoScLa	IBC	sub-06	NNLS	3	03.SomatomotorA	(0.273438, 0.507812, 0.703125, 1.0)	182	10.860512886181326	0.2115725141654257	0.21160940487495217	-0.017433397890928848
MdWfDeHtNiSoScLa	IBC	sub-07	NNLS	3	03.SomatomotorA	(0.273438, 0.507812, 0.703125, 1.0)	182	10.860512886181326	0.11437180558509649	0.11826639868780699	-3.2930681460853672
MdWfDeHtNiSoScLa	IBC	sub-08	NNLS	3	03.SomatomotorA	(0.273438, 0.507812, 0.703125, 1.0)	182	10.860512886181326	0.07813537456760808	0.07932089152238812	-1.4945834975208707
MdWfDeHtNiSoScLa	IBC	sub-09	NNLS	3	03.SomatomotorA	(0.273438, 0.507812, 0.703125, 1.0)	182	10.860512886181326	0.2049510856806533	0.20935955771931022	-2.1056941878752933
MdWfDeHtNiSoScLa	IBC	sub-11	NNLS	3	03.SomatomotorA	(0.273438, 0.507812, 0.703125, 1.0)	182	10.860512886181326	0.29042803090062624	0.2931155794056072	-0.9168903646919283
MdWfDeHtNiSoScLa	IBC	sub-12	NNLS	3	03.SomatomotorA	(0.273438, 0.507812, 0.703125, 1.0)	182	10.860512886181326	0.22825748639905613	0.22687165056899455	0.6108457476224544
MdWfDeHtNiSoScLa	IBC	sub-13	NNLS	3	03.SomatomotorA	(0.273438, 0.507812, 0.703125, 1.0)	182	10.860512886181326	0.16308867383754444	0.16201614481513973	0.661988978708548
MdWfDeHtNiSoScLa	IBC	sub-14	NNLS	3	03.SomatomotorA	(0.273438, 0.507812, 0.703125, 1.0)	182	10.860512886181326	0.15886614031771965	0.15745446313258774	0.8965621914084317
MdWfDeHtNiSoScLa	IBC	sub-15	NNLS	3	03.SomatomotorA	(0.273438, 0.507812, 0.703125, 1.0)	182	10.860512886181326	0.11276325772819724	0.11489723379063085	-1.8572910696198344
MdWfDeHtNiSoScLa	IBC	sub-01	NNLS	4	04.SomatomotorB	(0.164062, 0.796875, 0.640625, 1.0)	146	5.066460667750603	0.1704322966141615	0.1699514847078776	0.28291127147865397
MdWfDeHtNiSoScLa	IBC	sub-04	NNLS	4	04.SomatomotorB	(0.164062, 0.796875, 0.640625, 1.0)	146	5.066460667750603	0.2729981683549588	0.27204972546457074	0.3486285048692713
MdWfDeHtNiSoScLa	IBC	sub-05	NNLS	4	04.SomatomotorB	(0.164062, 0.796875, 0.640625, 1.0)	146	5.066460667750603	0.19771894072316637	0.1975567184532044	0.08211427646303254
MdWfDeHtNiSoScLa	IBC	sub-06	NNLS	4	04.SomatomotorB	(0.164062, 0.796875, 0.640625, 1.0)	146	5.066460667750603	0.21148742324572392	0.21160940487495217	-0.05764471068775489
MdWfDeHtNiSoScLa	IBC	sub-07	NNLS	4	04.SomatomotorB	(0.164062, 0.796875, 0.640625, 1.0)	146	5.066460667750603	0.11878255834744492	0.11826639868780699	0.4364381306650413
MdWfDeHtNiSoScLa	IBC	sub-08	NNLS	4	04.SomatomotorB	(0.164062, 0.796875, 0.640625, 1.0)	146	5.066460667750603	0.07953968513362883	0.07932089152238812	0.2758335251173416
MdWfDeHtNiSoScLa	IBC	sub-09	NNLS	4	04.SomatomotorB	(0.164062, 0.796875, 0.640625, 1.0)	146	5.066460667750603	0.2108240726966107	0.20935955771931022	0.6995214325318493
MdWfDeHtNiSoScLa	IBC	sub-11	NNLS	4	04.SomatomotorB	(0.164062, 0.796875, 0.640625, 1.0)	146	5.066460667750603	0.2946649006714247	0.2931155794056072	0.5285700845241013
MdWfDeHtNiSoScLa	IBC	sub-12	NNLS	4	04.SomatomotorB	(0.164062, 0.796875, 0.640625, 1.0)	146	5.066460667750603	0.22731417718833968	0.22687165056899455	0.195055935034312
MdWfDeHtNiSoScLa	IBC	sub-13	NNLS	4	04.SomatomotorB	(0.164062, 0.796875, 0.640625, 1.0)	146	5.066460667750603	0.16162173750597777	0.16201614481513973	-0.24343704117387663
MdWfDeHtNiSoScLa	IBC	sub-14	NNLS	4	04.SomatomotorB	(0.164062, 0.796875, 0.640625, 1.0)	146	5.066460667750603	0.15907694972579628	0.15745446313258774	1.0304481441356772
MdWfDeHtNiSoScLa	IBC	sub-15	NNLS	4	04.SomatomotorB	(0.164062, 0.796875, 0.640625, 1.0)	146	5.066460667750603	0.11598662592729388	0.11489723379063085	0.9481447905422556
MdWfDeHtNiSoScLa	IBC	sub-01	NNLS	5	05.DorsalAttentionA	(0.289062, 0.605469, 0.234375, 1.0)	111	5.782769742421266	0.17026090137254538	0.1699514847078776	0.18206176027212428
MdWfDeHtNiSoScLa	IBC	sub-04	NNLS	5	05.DorsalAttentionA	(0.289062, 0.605469, 0.234375, 1.0)	111	5.782769742421266	0.2724045114426163	0.27204972546457074	0.13041218014085504
MdWfDeHtNiSoScLa	IBC	sub-05	NNLS	5	05.DorsalAttentionA	(0.289062, 0.605469, 0.234375, 1.0)	111	5.782769742421266	0.1974460852514864	0.1975567184532044	-0.05600072859289174
MdWfDeHtNiSoScLa	IBC	sub-06	NNLS	5	05.DorsalAttentionA	(0.289062, 0.605469, 0.234375, 1.0)	111	5.782769742421266	0.21198340072121896	0.21160940487495217	0.17673876380296175
MdWfDeHtNiSoScLa	IBC	sub-07	NNLS	5	05.DorsalAttentionA	(0.289062, 0.605469, 0.234375, 1.0)	111	5.782769742421266	0.11911302530524387	0.11826639868780699	0.7158640381633332
MdWfDeHtNiSoScLa	IBC	sub-08	NNLS	5	05.DorsalAttentionA	(0.289062, 0.605469, 0.234375, 1.0)	111	5.782769742421266	0.07958461779428669	0.07932089152238812	0.33248021654437526
MdWfDeHtNiSoScLa	IBC	sub-09	NNLS	5	05.DorsalAttentionA	(0.289062, 0.605469, 0.234375, 1.0)	111	5.782769742421266	0.21024793729041596	0.20935955771931022	0.42433198693359736
MdWfDeHtNiSoScLa	IBC	sub-11	NNLS	5	05.DorsalAttentionA	(0.289062, 0.605469, 0.234375, 1.0)	111	5.782769742421266	0.29424479570792117	0.2931155794056072	0.38524608777325
MdWfDeHtNiSoScLa	IBC	sub-12	NNLS	5	05.DorsalAttentionA	(0.289062, 0.605469, 0.234375, 1.0)	111	5.782769742421266	0.22659272274080558	0.22687165056899455	-0.12294521042599303
MdWfDeHtNiSoScLa	IBC	sub-13	NNLS	5	05.DorsalAttentionA	(0.289062, 0.605469, 0.234375, 1.0)	111	5.782769742421266	0.16123568206798675	0.16201614481513973	-0.48171912005651973
MdWfDeHtNiSoScLa	IBC	sub-14	NNLS	5	05.DorsalAttentionA	(0.289062, 0.605469, 0.234375, 1.0)	111	5.782769742421266	0.15667865907645448	0.15745446313258774	-0.4927164595391457
MdWfDeHtNiSoScLa	IBC	sub-15	NNLS	5	05.DorsalAttentionA	(0.289062, 0.605469, 0.234375, 1.0)	111	5.782769742421266	0.11422708405177873	0.11489723379063085	-0.5832601157946882
MdWfDeHtNiSoScLa	IBC	sub-01	NNLS	6	06.DorsalAttentionB	(0.0, 0.460938, 0.054688, 1.0)	109	7.748388846339376	0.1689377049448927	0.1699514847078776	-0.5965112718652814
MdWfDeHtNiSoScLa	IBC	sub-04	NNLS	6	06.DorsalAttentionB	(0.0, 0.460938, 0.054688, 1.0)	109	7.748388846339376	0.2734438861374342	0.27204972546457074	0.512465384952218
MdWfDeHtNiSoScLa	IBC	sub-05	NNLS	6	06.DorsalAttentionB	(0.0, 0.460938, 0.054688, 1.0)	109	7.748388846339376	0.196787257160553	0.1975567184532044	-0.3894888003182062
MdWfDeHtNiSoScLa	IBC	sub-06	NNLS	6	06.DorsalAttentionB	(0.0, 0.460938, 0.054688, 1.0)	109	7.748388846339376	0.21153798247667924	0.21160940487495217	-0.0337519961908764
MdWfDeHtNiSoScLa	IBC	sub-07	NNLS	6	06.DorsalAttentionB	(0.0, 0.460938, 0.054688, 1.0)	109	7.748388846339376	0.11728959174462233	0.11826639868780699	-0.8259378437346118
MdWfDeHtNiSoScLa	IBC	sub-08	NNLS	6	06.DorsalAttentionB	(0.0, 0.460938, 0.054688, 1.0)	109	7.748388846339376	0.0790366067512249	0.07932089152238812	-0.35839835597786696
MdWfDeHtNiSoScLa	IBC	sub-09	NNLS	6	06.DorsalAttentionB	(0.0, 0.460938, 0.054688, 1.0)	109	7.748388846339376	0.2110294900586682	0.20935955771931022	0.7976384539352442
MdWfDeHtNiSoScLa	IBC	sub-11	NNLS	6	06.DorsalAttentionB	(0.0, 0.460938, 0.054688, 1.0)	109	7.748388846339376	0.2950768248557132	0.2931155794056072	0.6691031074100904
MdWfDeHtNiSoScLa	IBC	sub-12	NNLS	6	06.DorsalAttentionB	(0.0, 0.460938, 0.054688, 1.0)	109	7.748388846339376	0.22728480795335346	0.22687165056899455	0.18211062656912116
MdWfDeHtNiSoScLa	IBC	sub-13	NNLS	6	06.DorsalAttentionB	(0.0, 0.460938, 0.054688, 1.0)	109	7.748388846339376	0.161799483446894	0.16201614481513973	-0.13372825806524205
MdWfDeHtNiSoScLa	IBC	sub-14	NNLS	6	06.DorsalAttentionB	(0.0, 0.460938, 0.054688, 1.0)	109	7.748388846339376	0.15786038894232385	0.15745446313258774	0.25780521025580255
MdWfDeHtNiSoScLa	IBC	sub-15	NNLS	6	06.DorsalAttentionB	(0.0, 0.460938, 0.054688, 1.0)	109	7.748388846339376	0.11559873003906622	0.11489723379063085	0.610542330125765
MdWfDeHtNiSoScLa	IBC	sub-01	NNLS	7	07.VentralAttentionA	(0.765625, 0.226562, 0.976562, 1.0)	151	5.5851933448120015	0.16969440230870092	0.1699514847078776	-0.15126811020131511
MdWfDeHtNiSoScLa	IBC	sub-04	NNLS	7	07.VentralAttentionA	(0.765625, 0.226562, 0.976562, 1.0)	151	5.5851933448120015	0.27235547112605685	0.27204972546457074	0.11238594744545315
MdWfDeHtNiSoScLa	IBC	sub-05	NNLS	7	07.VentralAttentionA	(0.765625, 0.226562, 0.976562, 1.0)	151	5.5851933448120015	0.19894646476985464	0.1975567184532044	0.7034669980000819
MdWfDeHtNiSoScLa	IBC	sub-06	NNLS	7	07.VentralAttentionA	(0.765625, 0.226562, 0.976562, 1.0)	151	5.5851933448120015	0.21164957000340107	0.21160940487495217	0.018980786072638946
MdWfDeHtNiSoScLa	IBC	sub-07	NNLS	7	07.VentralAttentionA	(0.765625, 0.226562, 0.976562, 1.0)	151	5.5851933448120015	0.11735790887590895	0.11826639868780699	-0.7681723819934806
MdWfDeHtNiSoScLa	IBC	sub-08	NNLS	7	07.VentralAttentionA	(0.765625, 0.226562, 0.976562, 1.0)	151	5.5851933448120015	0.07930468652381173	0.07932089152238812	-0.020429672770155633
MdWfDeHtNiSoScLa	IBC	sub-09	NNLS	7	07.VentralAttentionA	(0.765625, 0.226562, 0.976562, 1.0)	151	5.5851933448120015	0.20942764480546536	0.20935955771931022	0.032521603931938876
MdWfDeHtNiSoScLa	IBC	sub-11	NNLS	7	07.VentralAttentionA	(0.765625, 0.226562, 0.976562, 1.0)	151	5.5851933448120015	0.2919931765969003	0.2931155794056072	-0.38292158028002465
MdWfDeHtNiSoScLa	IBC	sub-12	NNLS	7	07.VentralAttentionA	(0.765625, 0.226562, 0.976562, 1.0)	151	5.5851933448120015	0.22706188949837808	0.22687165056899455	0.08385310765201567
MdWfDeHtNiSoScLa	IBC	sub-13	NNLS	7	07.VentralAttentionA	(0.765625, 0.226562, 0.976562, 1.0)	151	5.5851933448120015	0.1617743721088491	0.16201614481513973	-0.14922753937053665
MdWfDeHtNiSoScLa	IBC	sub-14	NNLS	7	07.VentralAttentionA	(0.765625, 0.226562, 0.976562, 1.0)	151	5.5851933448120015	0.1571804192957513	0.15745446313258774	-0.17404640769418578
MdWfDeHtNiSoScLa	IBC	sub-15	NNLS	7	07.VentralAttentionA	(0.765625, 0.226562, 0.976562, 1.0)	151	5.5851933448120015	0.11534316697970774	0.11489723379063085	0.3881148173588594
MdWfDeHtNiSoScLa	IBC	sub-01	NNLS	8	08.VentralAttentionB	(0.996094, 0.59375, 0.832031, 1.0)	97	3.6830860709283093	0.16959578256642413	0.1699514847078776	-0.20929628362169042
MdWfDeHtNiSoScLa	IBC	sub-04	NNLS	8	08.VentralAttentionB	(0.996094, 0.59375, 0.832031, 1.0)	97	3.6830860709283093	0.27170377003532575	0.27204972546457074	-0.12716624824899367
MdWfDeHtNiSoScLa	IBC	sub-05	NNLS	8	08.VentralAttentionB	(0.996094, 0.59375, 0.832031, 1.0)	97	3.6830860709283093	0.19699843111639645	0.1975567184532044	-0.2825959760716533
MdWfDeHtNiSoScLa	IBC	sub-06	NNLS	8	08.VentralAttentionB	(0.996094, 0.59375, 0.832031, 1.0)	97	3.6830860709283093	0.21125698766129916	0.21160940487495217	-0.1665413755410645
MdWfDeHtNiSoScLa	IBC	sub-07	NNLS	8	08.VentralAttentionB	(0.996094, 0.59375, 0.832031, 1.0)	97	3.6830860709283093	0.11746055846420166	0.11826639868780699	-0.6813771557655549
MdWfDeHtNiSoScLa	IBC	sub-08	NNLS	8	08.VentralAttentionB	(0.996094, 0.59375, 0.832031, 1.0)	97	3.6830860709283093	0.07947633573987972	0.07932089152238812	0.19596882297739307
MdWfDeHtNiSoScLa	IBC	sub-09	NNLS	8	08.VentralAttentionB	(0.996094, 0.59375, 0.832031, 1.0)	97	3.6830860709283093	0.2084094242683383	0.20935955771931022	-0.4538285528123673
MdWfDeHtNiSoScLa	IBC	sub-11	NNLS	8	08.VentralAttentionB	(0.996094, 0.59375, 0.832031, 1.0)	97	3.6830860709283093	0.2912964317130857	0.2931155794056072	-0.6206247024502753
MdWfDeHtNiSoScLa	IBC	sub-12	NNLS	8	08.VentralAttentionB	(0.996094, 0.59375, 0.832031, 1.0)	97	3.6830860709283093	0.22684401763439557	0.22687165056899455	-0.012179985701024233
MdWfDeHtNiSoScLa	IBC	sub-13	NNLS	8	08.VentralAttentionB	(0.996094, 0.59375, 0.832031, 1.0)	97	3.6830860709283093	0.16164888766030713	0.16201614481513973	-0.22667935670956804
MdWfDeHtNiSoScLa	IBC	sub-14	NNLS	8	08.VentralAttentionB	(0.996094, 0.59375, 0.832031, 1.0)	97	3.6830860709283093	0.15630777848449373	0.15745446313258774	-0.7282643027580711
MdWfDeHtNiSoScLa	IBC	sub-15	NNLS	8	08.VentralAttentionB	(0.996094, 0.59375, 0.832031, 1.0)	97	3.6830860709283093	0.11414077247918974	0.11489723379063085	-0.6583807864509211
MdWfDeHtNiSoScLa	IBC	sub-01	NNLS	9	09.LimbicA	(0.859375, 0.96875, 0.640625, 1.0)	71	1.0953322241977685	0.17007338934958607	0.1699514847078776	0.07172908310745674
MdWfDeHtNiSoScLa	IBC	sub-04	NNLS	9	09.LimbicA	(0.859375, 0.96875, 0.640625, 1.0)	71	1.0953322241977685	0.27224103908080277	0.27204972546457074	0.07032303227115408
MdWfDeHtNiSoScLa	IBC	sub-05	NNLS	9	09.LimbicA	(0.859375, 0.96875, 0.640625, 1.0)	71	1.0953322241977685	0.19798812396240598	0.1975567184532044	0.21837045714228814
MdWfDeHtNiSoScLa	IBC	sub-06	NNLS	9	09.LimbicA	(0.859375, 0.96875, 0.640625, 1.0)	71	1.0953322241977685	0.21150813669252022	0.21160940487495217	-0.04785618223905939
MdWfDeHtNiSoScLa	IBC	sub-07	NNLS	9	09.LimbicA	(0.859375, 0.96875, 0.640625, 1.0)	71	1.0953322241977685	0.11869045839563142	0.11826639868780699	0.35856313587753486
MdWfDeHtNiSoScLa	IBC	sub-08	NNLS	9	09.LimbicA	(0.859375, 0.96875, 0.640625, 1.0)	71	1.0953322241977685	0.07936917012155542	0.07932089152238812	0.06086492252002919
MdWfDeHtNiSoScLa	IBC	sub-09	NNLS	9	09.LimbicA	(0.859375, 0.96875, 0.640625, 1.0)	71	1.0953322241977685	0.20946265109956144	0.20935955771931022	0.04924226119613605
MdWfDeHtNiSoScLa	IBC	sub-11	NNLS	9	09.LimbicA	(0.859375, 0.96875, 0.640625, 1.0)	71	1.0953322241977685	0.29271461358710477	0.2931155794056072	-0.13679444105820107
MdWfDeHtNiSoScLa	IBC	sub-12	NNLS	9	09.LimbicA	(0.859375, 0.96875, 0.640625, 1.0)	71	1.0953322241977685	0.22685537229857727	0.22687165056899455	-0.00717510115364984
MdWfDeHtNiSoScLa	IBC	sub-13	NNLS	9	09.LimbicA	(0.859375, 0.96875, 0.640625, 1.0)	71	1.0953322241977685	0.16190057143045142	0.16201614481513973	-0.07133448633788059
MdWfDeHtNiSoScLa	IBC	sub-14	NNLS	9	09.LimbicA	(0.859375, 0.96875, 0.640625, 1.0)	71	1.0953322241977685	0.15783602855267737	0.15745446313258774	0.24233382306116355
MdWfDeHtNiSoScLa	IBC	sub-15	NNLS	9	09.LimbicA	(0.859375, 0.96875, 0.640625, 1.0)	71	1.0953322241977685	0.11548936853730321	0.11489723379063085	0.5153603155941617
MdWfDeHtNiSoScLa	IBC	sub-01	NNLS	10	10.LimbicB	(0.476562, 0.527344, 0.195312, 1.0)	75	9.505623251860023	0.16916053579670653	0.1699514847078776	-0.4653968822517775
MdWfDeHtNiSoScLa	IBC	sub-04	NNLS	10	10.LimbicB	(0.476562, 0.527344, 0.195312, 1.0)	75	9.505623251860023	0.2684102083960611	0.27204972546457074	-1.3378131745196709
MdWfDeHtNiSoScLa	IBC	sub-05	NNLS	10	10.LimbicB	(0.476562, 0.527344, 0.195312, 1.0)	75	9.505623251860023	0.1898349665702347	0.1975567184532044	-3.908625301851624
MdWfDeHtNiSoScLa	IBC	sub-06	NNLS	10	10.LimbicB	(0.476562, 0.527344, 0.195312, 1.0)	75	9.505623251860023	0.2086727518289004	0.21160940487495217	-1.3877705708719015
MdWfDeHtNiSoScLa	IBC	sub-07	NNLS	10	10.LimbicB	(0.476562, 0.527344, 0.195312, 1.0)	75	9.505623251860023	0.11954846180048723	0.11826639868780699	1.084046801885427
MdWfDeHtNiSoScLa	IBC	sub-08	NNLS	10	10.LimbicB	(0.476562, 0.527344, 0.195312, 1.0)	75	9.505623251860023	0.0792483739551276	0.07932089152238812	-0.09142303606113213
MdWfDeHtNiSoScLa	IBC	sub-09	NNLS	10	10.LimbicB	(0.476562, 0.527344, 0.195312, 1.0)	75	9.505623251860023	0.20623771133685015	0.20935955771931022	-1.4911410859233643
MdWfDeHtNiSoScLa	IBC	sub-11	NNLS	10	10.LimbicB	(0.476562, 0.527344, 0.195312, 1.0)	75	9.505623251860023	0.2931793331577955	0.2931155794056072	0.021750379941453152
MdWfDeHtNiSoScLa	IBC	sub-12	NNLS	10	10.LimbicB	(0.476562, 0.527344, 0.195312, 1.0)	75	9.505623251860023	0.22386787091292473	0.22687165056899455	-1.3239995603401025
MdWfDeHtNiSoScLa	IBC	sub-13	NNLS	10	10.LimbicB	(0.476562, 0.527344, 0.195312, 1.0)	75	9.505623251860023	0.16021865349982375	0.16201614481513973	-1.109451973053004
MdWfDeHtNiSoScLa	IBC	sub-14	NNLS	10	10.LimbicB	(0.476562, 0.527344, 0.195312, 1.0)	75	9.505623251860023	0.15439408542042235	0.15745446313258774	-1.943658916539147
MdWfDeHtNiSoScLa	IBC	sub-15	NNLS	10	10.LimbicB	(0.476562, 0.527344, 0.195312, 1.0)	75	9.505623251860023	0.11333993846841037	0.11489723379063085	-1.355381039945867
MdWfDeHtNiSoScLa	IBC	sub-01	NNLS	11	11.ControlC	(0.464844, 0.546875, 0.6875, 1.0)	43	1.5291438201942378	0.17004457719787042	0.1699514847078776	0.054775920406241754
MdWfDeHtNiSoScLa	IBC	sub-04	NNLS	11	11.ControlC	(0.464844, 0.546875, 0.6875, 1.0)	43	1.5291438201942378	0.27248055434601615	0.27204972546457074	0.1583640199267608
MdWfDeHtNiSoScLa	IBC	sub-05	NNLS	11	11.ControlC	(0.464844, 0.546875, 0.6875, 1.0)	43	1.5291438201942378	0.19726428225689246	0.1975567184532044	-0.14802644961994335
MdWfDeHtNiSoScLa	IBC	sub-06	NNLS	11	11.ControlC	(0.464844, 0.546875, 0.6875, 1.0)	43	1.5291438201942378	0.21169725237161746	0.21160940487495217	0.04151398503162304
MdWfDeHtNiSoScLa	IBC	sub-07	NNLS	11	11.ControlC	(0.464844, 0.546875, 0.6875, 1.0)	43	1.5291438201942378	0.11799091256794655	0.11826639868780699	-0.23293693129833545
MdWfDeHtNiSoScLa	IBC	sub-08	NNLS	11	11.ControlC	(0.464844, 0.546875, 0.6875, 1.0)	43	1.5291438201942378	0.07922354644358982	0.07932089152238812	-0.12272312745101269
MdWfDeHtNiSoScLa	IBC	sub-09	NNLS	11	11.ControlC	(0.464844, 0.546875, 0.6875, 1.0)	43	1.5291438201942378	0.20958840090177935	0.20935955771931022	0.1093062981991685
MdWfDeHtNiSoScLa	IBC	sub-11	NNLS	11	11.ControlC	(0.464844, 0.546875, 0.6875, 1.0)	43	1.5291438201942378	0.29315720471747897	0.2931155794056072	0.014200989233054554
MdWfDeHtNiSoScLa	IBC	sub-12	NNLS	11	11.ControlC	(0.464844, 0.546875, 0.6875, 1.0)	43	1.5291438201942378	0.22719058489277333	0.22687165056899455	0.14057918782663525
MdWfDeHtNiSoScLa	IBC	sub-13	NNLS	11	11.ControlC	(0.464844, 0.546875, 0.6875, 1.0)	43	1.5291438201942378	0.16182267623655036	0.16201614481513973	-0.11941314787493587
MdWfDeHtNiSoScLa	IBC	sub-14	NNLS	11	11.ControlC	(0.464844, 0.546875, 0.6875, 1.0)	43	1.5291438201942378	0.1571943715531873	0.15745446313258774	-0.165185269585797
MdWfDeHtNiSoScLa	IBC	sub-15	NNLS	11	11.ControlC	(0.464844, 0.546875, 0.6875, 1.0)	43	1.5291438201942378	0.11483031109264634	0.11489723379063085	-0.05824569989775644
MdWfDeHtNiSoScLa	IBC	sub-01	NNLS	12	12.ControlA	(0.898438, 0.578125, 0.132812, 1.0)	109	12.464801676509227	0.17159987483229622	0.1699514847078776	0.9699180488196157
MdWfDeHtNiSoScLa	IBC	sub-04	NNLS	12	12.ControlA	(0.898438, 0.578125, 0.132812, 1.0)	109	12.464801676509227	0.2714996492274605	0.27204972546457074	-0.20219694622771
MdWfDeHtNiSoScLa	IBC	sub-05	NNLS	12	12.ControlA	(0.898438, 0.578125, 0.132812, 1.0)	109	12.464801676509227	0.19653751072626105	0.1975567184532044	-0.5159063862385335
MdWfDeHtNiSoScLa	IBC	sub-06	NNLS	12	12.ControlA	(0.898438, 0.578125, 0.132812, 1.0)	109	12.464801676509227	0.211999631501046	0.21160940487495217	0.18440892375480017
MdWfDeHtNiSoScLa	IBC	sub-07	NNLS	12	12.ControlA	(0.898438, 0.578125, 0.132812, 1.0)	109	12.464801676509227	0.1191222608589045	0.11826639868780699	0.7236731485810834
MdWfDeHtNiSoScLa	IBC	sub-08	NNLS	12	12.ControlA	(0.898438, 0.578125, 0.132812, 1.0)	109	12.464801676509227	0.0793560321656675	0.07932089152238812	0.04430187634673622
MdWfDeHtNiSoScLa	IBC	sub-09	NNLS	12	12.ControlA	(0.898438, 0.578125, 0.132812, 1.0)	109	12.464801676509227	0.20912862352427178	0.20935955771931022	-0.11030506443276923
MdWfDeHtNiSoScLa	IBC	sub-11	NNLS	12	12.ControlA	(0.898438, 0.578125, 0.132812, 1.0)	109	12.464801676509227	0.2938451810318421	0.2931155794056072	0.24891260563987766
MdWfDeHtNiSoScLa	IBC	sub-12	NNLS	12	12.ControlA	(0.898438, 0.578125, 0.132812, 1.0)	109	12.464801676509227	0.22555779396685283	0.22687165056899455	-0.5791188977761534
MdWfDeHtNiSoScLa	IBC	sub-13	NNLS	12	12.ControlA	(0.898438, 0.578125, 0.132812, 1.0)	109	12.464801676509227	0.16320242793918668	0.16201614481513973	0.7322005627281759
MdWfDeHtNiSoScLa	IBC	sub-14	NNLS	12	12.ControlA	(0.898438, 0.578125, 0.132812, 1.0)	109	12.464801676509227	0.15900693580550904	0.15745446313258774	0.9859820052315761
MdWfDeHtNiSoScLa	IBC	sub-15	NNLS	12	12.ControlA	(0.898438, 0.578125, 0.132812, 1.0)	109	12.464801676509227	0.11732580063768856	0.11489723379063085	2.1136860888079476
MdWfDeHtNiSoScLa	IBC	sub-01	NNLS	13	13.ControlB	(0.527344, 0.195312, 0.289062, 1.0)	100	6.7647678986643465	0.16787540418514058	0.1699514847078776	-1.2215724542245188
MdWfDeHtNiSoScLa	IBC	sub-04	NNLS	13	13.ControlB	(0.527344, 0.195312, 0.289062, 1.0)	100	6.7647678986643465	0.27067610463389774	0.27204972546457074	-0.5049153526353706
MdWfDeHtNiSoScLa	IBC	sub-05	NNLS	13	13.ControlB	(0.527344, 0.195312, 0.289062, 1.0)	100	6.7647678986643465	0.19866815170394136	0.1975567184532044	0.5625894474453021
MdWfDeHtNiSoScLa	IBC	sub-06	NNLS	13	13.ControlB	(0.527344, 0.195312, 0.289062, 1.0)	100	6.7647678986643465	0.21127050555468044	0.21160940487495217	-0.16015324104899667
MdWfDeHtNiSoScLa	IBC	sub-07	NNLS	13	13.ControlB	(0.527344, 0.195312, 0.289062, 1.0)	100	6.7647678986643465	0.11844294146552624	0.11826639868780699	0.1492755166962339
MdWfDeHtNiSoScLa	IBC	sub-08	NNLS	13	13.ControlB	(0.527344, 0.195312, 0.289062, 1.0)	100	6.7647678986643465	0.0795748289188643	0.07932089152238812	0.3201393625341538
MdWfDeHtNiSoScLa	IBC	sub-09	NNLS	13	13.ControlB	(0.527344, 0.195312, 0.289062, 1.0)	100	6.7647678986643465	0.21022251996430832	0.20935955771931022	0.4121914730805265
MdWfDeHtNiSoScLa	IBC	sub-11	NNLS	13	13.ControlB	(0.527344, 0.195312, 0.289062, 1.0)	100	6.7647678986643465	0.292253251306038	0.2931155794056072	-0.29419388123886875
MdWfDeHtNiSoScLa	IBC	sub-12	NNLS	13	13.ControlB	(0.527344, 0.195312, 0.289062, 1.0)	100	6.7647678986643465	0.22710712320099144	0.22687165056899455	0.10379112216370799
MdWfDeHtNiSoScLa	IBC	sub-13	NNLS	13	13.ControlB	(0.527344, 0.195312, 0.289062, 1.0)	100	6.7647678986643465	0.1629838105541142	0.16201614481513973	0.5972650071871399
MdWfDeHtNiSoScLa	IBC	sub-14	NNLS	13	13.ControlB	(0.527344, 0.195312, 0.289062, 1.0)	100	6.7647678986643465	0.1586959503615537	0.15745446313258774	0.7884738255533291
MdWfDeHtNiSoScLa	IBC	sub-15	NNLS	13	13.ControlB	(0.527344, 0.195312, 0.289062, 1.0)	100	6.7647678986643465	0.11449350970084522	0.11489723379063085	-0.3513784244112521
MdWfDeHtNiSoScLa	IBC	sub-01	NNLS	14	14.TemporalParietal	(0.046875, 0.1875, 0.996094, 1.0)	66	4.938042856004972	0.1697906772327938	0.1699514847078776	-0.09461963533898854
MdWfDeHtNiSoScLa	IBC	sub-04	NNLS	14	14.TemporalParietal	(0.046875, 0.1875, 0.996094, 1.0)	66	4.938042856004972	0.27221944680559024	0.27204972546457074	0.06238614677139417
MdWfDeHtNiSoScLa	IBC	sub-05	NNLS	14	14.TemporalParietal	(0.046875, 0.1875, 0.996094, 1.0)	66	4.938042856004972	0.1960260134839723	0.1975567184532044	-0.7748179769419918
MdWfDeHtNiSoScLa	IBC	sub-06	NNLS	14	14.TemporalParietal	(0.046875, 0.1875, 0.996094, 1.0)	66	4.938042856004972	0.2106512309722291	0.21160940487495217	-0.45280307994311025
MdWfDeHtNiSoScLa	IBC	sub-07	NNLS	14	14.TemporalParietal	(0.046875, 0.1875, 0.996094, 1.0)	66	4.938042856004972	0.11833977427559211	0.11826639868780699	0.062042633071815616
MdWfDeHtNiSoScLa	IBC	sub-08	NNLS	14	14.TemporalParietal	(0.046875, 0.1875, 0.996094, 1.0)	66	4.938042856004972	0.07982736909793171	0.07932089152238812	0.6385172504026106
MdWfDeHtNiSoScLa	IBC	sub-09	NNLS	14	14.TemporalParietal	(0.046875, 0.1875, 0.996094, 1.0)	66	4.938042856004972	0.20840447293331021	0.20935955771931022	-0.4561935439701772
MdWfDeHtNiSoScLa	IBC	sub-11	NNLS	14	14.TemporalParietal	(0.046875, 0.1875, 0.996094, 1.0)	66	4.938042856004972	0.29471879631711845	0.2931155794056072	0.5469572496836738
MdWfDeHtNiSoScLa	IBC	sub-12	NNLS	14	14.TemporalParietal	(0.046875, 0.1875, 0.996094, 1.0)	66	4.938042856004972	0.22565167809510475	0.22687165056899455	-0.5377368528990328
MdWfDeHtNiSoScLa	IBC	sub-13	NNLS	14	14.TemporalParietal	(0.046875, 0.1875, 0.996094, 1.0)	66	4.938042856004972	0.16178341959205958	0.16201614481513973	-0.14364322971991086
MdWfDeHtNiSoScLa	IBC	sub-14	NNLS	14	14.TemporalParietal	(0.046875, 0.1875, 0.996094, 1.0)	66	4.938042856004972	0.15459261000959967	0.15745446313258774	-1.8175751046054376
MdWfDeHtNiSoScLa	IBC	sub-15	NNLS	14	14.TemporalParietal	(0.046875, 0.1875, 0.996094, 1.0)	66	4.938042856004972	0.11370429258507292	0.11489723379063085	-1.0382679949734452
MdWfDeHtNiSoScLa	IBC	sub-01	NNLS	15	15.DefaultC	(0.0, 0.0, 0.507812, 1.0)	46	0.5970032400088605	0.16990196377189484	0.1699514847078776	-0.029138277943190845
MdWfDeHtNiSoScLa	IBC	sub-04	NNLS	15	15.DefaultC	(0.0, 0.0, 0.507812, 1.0)	46	0.5970032400088605	0.27214997500269883	0.27204972546457074	0.036849711190445555
MdWfDeHtNiSoScLa	IBC	sub-05	NNLS	15	15.DefaultC	(0.0, 0.0, 0.507812, 1.0)	46	0.5970032400088605	0.1976331965641058	0.1975567184532044	0.03871197674277305
MdWfDeHtNiSoScLa	IBC	sub-06	NNLS	15	15.DefaultC	(0.0, 0.0, 0.507812, 1.0)	46	0.5970032400088605	0.21177418906096543	0.21160940487495217	0.07787186307273941
MdWfDeHtNiSoScLa	IBC	sub-07	NNLS	15	15.DefaultC	(0.0, 0.0, 0.507812, 1.0)	46	0.5970032400088605	0.11821539893701546	0.11826639868780699	-0.043122773126920415
MdWfDeHtNiSoScLa	IBC	sub-08	NNLS	15	15.DefaultC	(0.0, 0.0, 0.507812, 1.0)	46	0.5970032400088605	0.0793188731425976	0.07932089152238812	-0.0025445752711379947
MdWfDeHtNiSoScLa	IBC	sub-09	NNLS	15	15.DefaultC	(0.0, 0.0, 0.507812, 1.0)	46	0.5970032400088605	0.20957283116293873	0.20935955771931022	0.1018694565234256
MdWfDeHtNiSoScLa	IBC	sub-11	NNLS	15	15.DefaultC	(0.0, 0.0, 0.507812, 1.0)	46	0.5970032400088605	0.29299615886465075	0.2931155794056072	-0.04074179243511853
MdWfDeHtNiSoScLa	IBC	sub-12	NNLS	15	15.DefaultC	(0.0, 0.0, 0.507812, 1.0)	46	0.5970032400088605	0.22706468868774354	0.22687165056899455	0.08508692834245679
MdWfDeHtNiSoScLa	IBC	sub-13	NNLS	15	15.DefaultC	(0.0, 0.0, 0.507812, 1.0)	46	0.5970032400088605	0.16216258988218277	0.16201614481513973	0.09038918140542508
MdWfDeHtNiSoScLa	IBC	sub-14	NNLS	15	15.DefaultC	(0.0, 0.0, 0.507812, 1.0)	46	0.5970032400088605	0.1574756236134862	0.15745446313258774	0.013439111523078025
MdWfDeHtNiSoScLa	IBC	sub-15	NNLS	15	15.DefaultC	(0.0, 0.0, 0.507812, 1.0)	46	0.5970032400088605	0.11499996821308814	0.11489723379063085	0.08941418262905294
MdWfDeHtNiSoScLa	IBC	sub-01	NNLS	16	16.DefaultA	(0.996094, 0.996094, 0.0, 1.0)	154	3.6655344478598075	0.17077546487142437	0.1699514847078776	0.484832577345862
MdWfDeHtNiSoScLa	IBC	sub-04	NNLS	16	16.DefaultA	(0.996094, 0.996094, 0.0, 1.0)	154	3.6655344478598075	0.2726084917631407	0.27204972546457074	0.20539123780250204
MdWfDeHtNiSoScLa	IBC	sub-05	NNLS	16	16.DefaultA	(0.996094, 0.996094, 0.0, 1.0)	154	3.6655344478598075	0.19615650317761213	0.1975567184532044	-0.7087662148649998
MdWfDeHtNiSoScLa	IBC	sub-06	NNLS	16	16.DefaultA	(0.996094, 0.996094, 0.0, 1.0)	154	3.6655344478598075	0.21163865879829033	0.21160940487495217	0.013824491097382943
MdWfDeHtNiSoScLa	IBC	sub-07	NNLS	16	16.DefaultA	(0.996094, 0.996094, 0.0, 1.0)	154	3.6655344478598075	0.11816692538966905	0.11826639868780699	-0.08410951820771828
MdWfDeHtNiSoScLa	IBC	sub-08	NNLS	16	16.DefaultA	(0.996094, 0.996094, 0.0, 1.0)	154	3.6655344478598075	0.07896478093977498	0.07932089152238812	-0.4489492941624763
MdWfDeHtNiSoScLa	IBC	sub-09	NNLS	16	16.DefaultA	(0.996094, 0.996094, 0.0, 1.0)	154	3.6655344478598075	0.20965391065828168	0.20935955771931022	0.140596847919451
MdWfDeHtNiSoScLa	IBC	sub-11	NNLS	16	16.DefaultA	(0.996094, 0.996094, 0.0, 1.0)	154	3.6655344478598075	0.2950070543037157	0.2931155794056072	0.6453000219040397
MdWfDeHtNiSoScLa	IBC	sub-12	NNLS	16	16.DefaultA	(0.996094, 0.996094, 0.0, 1.0)	154	3.6655344478598075	0.22691280105106967	0.22687165056899455	0.018138221312320922
MdWfDeHtNiSoScLa	IBC	sub-13	NNLS	16	16.DefaultA	(0.996094, 0.996094, 0.0, 1.0)	154	3.6655344478598075	0.15980991906764191	0.16201614481513973	-1.3617320360357428
MdWfDeHtNiSoScLa	IBC	sub-14	NNLS	16	16.DefaultA	(0.996094, 0.996094, 0.0, 1.0)	154	3.6655344478598075	0.15732252381074485	0.15745446313258774	-0.08379522511964686
MdWfDeHtNiSoScLa	IBC	sub-15	NNLS	16	16.DefaultA	(0.996094, 0.996094, 0.0, 1.0)	154	3.6655344478598075	0.11432648658318607	0.11489723379063085	-0.49674582112639243
MdWfDeHtNiSoScLa	IBC	sub-01	NNLS	17	17.DefaultB	(0.800781, 0.242188, 0.304688, 1.0)	148	6.65602374667986	0.16787537129404867	0.1699514847078776	-1.2215918074487417
MdWfDeHtNiSoScLa	IBC	sub-04	NNLS	17	17.DefaultB	(0.800781, 0.242188, 0.304688, 1.0)	148	6.65602374667986	0.2707281889027346	0.27204972546457074	-0.485770224387986
MdWfDeHtNiSoScLa	IBC	sub-05	NNLS	17	17.DefaultB	(0.800781, 0.242188, 0.304688, 1.0)	148	6.65602374667986	0.20006273014446305	0.1975567184532044	1.268502388012807
MdWfDeHtNiSoScLa	IBC	sub-06	NNLS	17	17.DefaultB	(0.800781, 0.242188, 0.304688, 1.0)	148	6.65602374667986	0.21111050514034724	0.21160940487495217	-0.23576444293662083
MdWfDeHtNiSoScLa	IBC	sub-07	NNLS	17	17.DefaultB	(0.800781, 0.242188, 0.304688, 1.0)	148	6.65602374667986	0.1172486202803605	0.11826639868780699	-0.8605812121946527
MdWfDeHtNiSoScLa	IBC	sub-08	NNLS	17	17.DefaultB	(0.800781, 0.242188, 0.304688, 1.0)	148	6.65602374667986	0.0774320360379174	0.07932089152238812	-2.3812837301981125
MdWfDeHtNiSoScLa	IBC	sub-09	NNLS	17	17.DefaultB	(0.800781, 0.242188, 0.304688, 1.0)	148	6.65602374667986	0.20720180886869963	0.20935955771931022	-1.0306426294153264
MdWfDeHtNiSoScLa	IBC	sub-11	NNLS	17	17.DefaultB	(0.800781, 0.242188, 0.304688, 1.0)	148	6.65602374667986	0.28948331777091796	0.2931155794056072	-1.2391909164483434
MdWfDeHtNiSoScLa	IBC	sub-12	NNLS	17	17.DefaultB	(0.800781, 0.242188, 0.304688, 1.0)	148	6.65602374667986	0.22623765964696152	0.22687165056899455	-0.2794491601057178
MdWfDeHtNiSoScLa	IBC	sub-13	NNLS	17	17.DefaultB	(0.800781, 0.242188, 0.304688, 1.0)	148	6.65602374667986	0.1614599914009555	0.16201614481513973	-0.34327036655440524
MdWfDeHtNiSoScLa	IBC	sub-14	NNLS	17	17.DefaultB	(0.800781, 0.242188, 0.304688, 1.0)	148	6.65602374667986	0.15810434544061056	0.15745446313258774	0.41274302112069905
MdWfDeHtNiSoScLa	IBC	sub-15	NNLS	17	17.DefaultB	(0.800781, 0.242188, 0.304688, 1.0)	148	6.65602374667986	0.1143399666350169	0.11489723379063085	-0.4850135527452481
MdWfIbHtNiSoScLa	Demand	sub-01	NNLS	1	01.VisualA	(0.46875, 0.070312, 0.523438, 1.0)	125	3.780362768138901	0.5169113508333835	0.5074970712591079	1.8550411632757942
MdWfIbHtNiSoScLa	Demand	sub-02	NNLS	1	01.VisualA	(0.46875, 0.070312, 0.523438, 1.0)	125	3.780362768138901	0.5285192639108716	0.5312462123361008	-0.5133115986347971
MdWfIbHtNiSoScLa	Demand	sub-05	NNLS	1	01.VisualA	(0.46875, 0.070312, 0.523438, 1.0)	125	3.780362768138901	0.5045919292831561	0.5024864023732758	0.419021669031394
MdWfIbHtNiSoScLa	Demand	sub-06	NNLS	1	01.VisualA	(0.46875, 0.070312, 0.523438, 1.0)	125	3.780362768138901	0.45295843825859305	0.45048708913572744	0.5485948837306244
MdWfIbHtNiSoScLa	Demand	sub-07	NNLS	1	01.VisualA	(0.46875, 0.070312, 0.523438, 1.0)	125	3.780362768138901	0.4481661050040106	0.44121407140826485	1.5756599905248463
MdWfIbHtNiSoScLa	Demand	sub-08	NNLS	1	01.VisualA	(0.46875, 0.070312, 0.523438, 1.0)	125	3.780362768138901	0.4010057610847469	0.4006333792742617	0.09294827384572223
MdWfIbHtNiSoScLa	Demand	sub-09	NNLS	1	01.VisualA	(0.46875, 0.070312, 0.523438, 1.0)	125	3.780362768138901	0.5041597808136778	0.5062896357451889	-0.4206791490756517
MdWfIbHtNiSoScLa	Demand	sub-10	NNLS	1	01.VisualA	(0.46875, 0.070312, 0.523438, 1.0)	125	3.780362768138901	0.4388294063050899	0.4369685707673112	0.4258511165942797
MdWfIbHtNiSoScLa	Demand	sub-11	NNLS	1	01.VisualA	(0.46875, 0.070312, 0.523438, 1.0)	125	3.780362768138901	0.4401087912456016	0.43549757924491744	1.0588375734899027
MdWfIbHtNiSoScLa	Demand	sub-12	NNLS	1	01.VisualA	(0.46875, 0.070312, 0.523438, 1.0)	125	3.780362768138901	0.4379497445329094	0.4348458666370035	0.713788064702237
MdWfIbHtNiSoScLa	Demand	sub-15	NNLS	1	01.VisualA	(0.46875, 0.070312, 0.523438, 1.0)	125	3.780362768138901	0.3244607957400527	0.31982342335382374	1.449978972021257
MdWfIbHtNiSoScLa	Demand	sub-16	NNLS	1	01.VisualA	(0.46875, 0.070312, 0.523438, 1.0)	125	3.780362768138901	0.4093842412817827	0.40697423376181274	0.5921769291616722
MdWfIbHtNiSoScLa	Demand	sub-17	NNLS	1	01.VisualA	(0.46875, 0.070312, 0.523438, 1.0)	125	3.780362768138901	0.2753963607452859	0.2757429870066638	-0.12570628364503195
MdWfIbHtNiSoScLa	Demand	sub-19	NNLS	1	01.VisualA	(0.46875, 0.070312, 0.523438, 1.0)	125	3.780362768138901	0.4100371062496957	0.40057672879320844	2.3616892286748468
MdWfIbHtNiSoScLa	Demand	sub-20	NNLS	1	01.VisualA	(0.46875, 0.070312, 0.523438, 1.0)	125	3.780362768138901	0.5008460054363526	0.4973366564144963	0.7056284664711071
MdWfIbHtNiSoScLa	Demand	sub-21	NNLS	1	01.VisualA	(0.46875, 0.070312, 0.523438, 1.0)	125	3.780362768138901	0.41846950787342535	0.4225360542275521	-0.9624140504556183
MdWfIbHtNiSoScLa	Demand	sub-24	NNLS	1	01.VisualA	(0.46875, 0.070312, 0.523438, 1.0)	125	3.780362768138901	0.4094003485351731	0.40535214029945726	0.9986892465216012
MdWfIbHtNiSoScLa	Demand	sub-25	NNLS	1	01.VisualA	(0.46875, 0.070312, 0.523438, 1.0)	125	3.780362768138901	0.372888318661375	0.38003743932594397	-1.8811622026632564
MdWfIbHtNiSoScLa	Demand	sub-26	NNLS	1	01.VisualA	(0.46875, 0.070312, 0.523438, 1.0)	125	3.780362768138901	0.29879412284565665	0.29490838262074853	1.3176092827124453
MdWfIbHtNiSoScLa	Demand	sub-27	NNLS	1	01.VisualA	(0.46875, 0.070312, 0.523438, 1.0)	125	3.780362768138901	0.4198520908661476	0.41440614275588167	1.3141571874512583
MdWfIbHtNiSoScLa	Demand	sub-29	NNLS	1	01.VisualA	(0.46875, 0.070312, 0.523438, 1.0)	125	3.780362768138901	0.496689919314109	0.4963867343464708	0.061078378340905654
MdWfIbHtNiSoScLa	Demand	sub-30	NNLS	1	01.VisualA	(0.46875, 0.070312, 0.523438, 1.0)	125	3.780362768138901	0.5317563533493255	0.5250739196288874	1.2726653278001518
MdWfIbHtNiSoScLa	Demand	sub-31	NNLS	1	01.VisualA	(0.46875, 0.070312, 0.523438, 1.0)	125	3.780362768138901	0.5224895680839675	0.5213374587597432	0.22099108837587228
MdWfIbHtNiSoScLa	Demand	sub-34	NNLS	1	01.VisualA	(0.46875, 0.070312, 0.523438, 1.0)	125	3.780362768138901	0.44347226585739985	0.4426599660668382	0.18350423639597477
MdWfIbHtNiSoScLa	Demand	sub-35	NNLS	1	01.VisualA	(0.46875, 0.070312, 0.523438, 1.0)	125	3.780362768138901	0.378533381344503	0.3740744220831611	1.1919979015166662
MdWfIbHtNiSoScLa	Demand	sub-36	NNLS	1	01.VisualA	(0.46875, 0.070312, 0.523438, 1.0)	125	3.780362768138901	0.41941803156722723	0.4176518172107723	0.4228915770677878
MdWfIbHtNiSoScLa	Demand	sub-37	NNLS	1	01.VisualA	(0.46875, 0.070312, 0.523438, 1.0)	125	3.780362768138901	0.30214002309256954	0.29319214550513656	3.0518817521584056
MdWfIbHtNiSoScLa	Demand	sub-38	NNLS	1	01.VisualA	(0.46875, 0.070312, 0.523438, 1.0)	125	3.780362768138901	0.5595052995344667	0.5595675910260739	-0.011132076375790128
MdWfIbHtNiSoScLa	Demand	sub-39	NNLS	1	01.VisualA	(0.46875, 0.070312, 0.523438, 1.0)	125	3.780362768138901	0.4511993733270319	0.4463171092367049	1.093900276123557
MdWfIbHtNiSoScLa	Demand	sub-41	NNLS	1	01.VisualA	(0.46875, 0.070312, 0.523438, 1.0)	125	3.780362768138901	0.38809155798175926	0.38168173787975096	1.6793625331971527
MdWfIbHtNiSoScLa	Demand	sub-43	NNLS	1	01.VisualA	(0.46875, 0.070312, 0.523438, 1.0)	125	3.780362768138901	0.33248308468625504	0.3290425840721457	1.0456095291772234
MdWfIbHtNiSoScLa	Demand	sub-44	NNLS	1	01.VisualA	(0.46875, 0.070312, 0.523438, 1.0)	125	3.780362768138901	0.5096628365195582	0.5087582652284365	0.17779982222315324
MdWfIbHtNiSoScLa	Demand	sub-45	NNLS	1	01.VisualA	(0.46875, 0.070312, 0.523438, 1.0)	125	3.780362768138901	0.46567633472623976	0.4625314453231833	0.6799298587924204
MdWfIbHtNiSoScLa	Demand	sub-46	NNLS	1	01.VisualA	(0.46875, 0.070312, 0.523438, 1.0)	125	3.780362768138901	0.4736069399778955	0.4716102700229681	0.4233728741382424
MdWfIbHtNiSoScLa	Demand	sub-47	NNLS	1	01.VisualA	(0.46875, 0.070312, 0.523438, 1.0)	125	3.780362768138901	0.38411101518752144	0.38649526140158974	-0.6168888605314452
MdWfIbHtNiSoScLa	Demand	sub-48	NNLS	1	01.VisualA	(0.46875, 0.070312, 0.523438, 1.0)	125	3.780362768138901	0.5050888952882028	0.5066334676169999	-0.3048697781578011
MdWfIbHtNiSoScLa	Demand	sub-50	NNLS	1	01.VisualA	(0.46875, 0.070312, 0.523438, 1.0)	125	3.780362768138901	0.35516302754208967	0.34273554853055843	3.6259673281084237
MdWfIbHtNiSoScLa	Demand	sub-01	NNLS	2	02.VisualB	(0.996094, 0.0, 0.0, 1.0)	102	1.842021519790542	0.5050138134748213	0.5074970712591079	-0.4893147024721929
MdWfIbHtNiSoScLa	Demand	sub-02	NNLS	2	02.VisualB	(0.996094, 0.0, 0.0, 1.0)	102	1.842021519790542	0.5336806606873713	0.5312462123361008	0.45825236862682805
MdWfIbHtNiSoScLa	Demand	sub-05	NNLS	2	02.VisualB	(0.996094, 0.0, 0.0, 1.0)	102	1.842021519790542	0.5026344426701602	0.5024864023732758	0.02946155282714477
MdWfIbHtNiSoScLa	Demand	sub-06	NNLS	2	02.VisualB	(0.996094, 0.0, 0.0, 1.0)	102	1.842021519790542	0.44955937679548696	0.45048708913572744	-0.20593538918514068
MdWfIbHtNiSoScLa	Demand	sub-07	NNLS	2	02.VisualB	(0.996094, 0.0, 0.0, 1.0)	102	1.842021519790542	0.4383077620524957	0.44121407140826485	-0.6587073133213518
MdWfIbHtNiSoScLa	Demand	sub-08	NNLS	2	02.VisualB	(0.996094, 0.0, 0.0, 1.0)	102	1.842021519790542	0.40005697656998246	0.4006333792742617	-0.1438728608493287
MdWfIbHtNiSoScLa	Demand	sub-09	NNLS	2	02.VisualB	(0.996094, 0.0, 0.0, 1.0)	102	1.842021519790542	0.5066952631905945	0.5062896357451889	0.08011766719431117
MdWfIbHtNiSoScLa	Demand	sub-10	NNLS	2	02.VisualB	(0.996094, 0.0, 0.0, 1.0)	102	1.842021519790542	0.4358407268058813	0.4369685707673112	-0.25810642615541385
MdWfIbHtNiSoScLa	Demand	sub-11	NNLS	2	02.VisualB	(0.996094, 0.0, 0.0, 1.0)	102	1.842021519790542	0.43330462157801103	0.43549757924491744	-0.5035522058948408
MdWfIbHtNiSoScLa	Demand	sub-12	NNLS	2	02.VisualB	(0.996094, 0.0, 0.0, 1.0)	102	1.842021519790542	0.43437799726632015	0.4348458666370035	-0.1075943010110041
MdWfIbHtNiSoScLa	Demand	sub-15	NNLS	2	02.VisualB	(0.996094, 0.0, 0.0, 1.0)	102	1.842021519790542	0.31881300069308627	0.31982342335382374	-0.3159314130721549
MdWfIbHtNiSoScLa	Demand	sub-16	NNLS	2	02.VisualB	(0.996094, 0.0, 0.0, 1.0)	102	1.842021519790542	0.40498712868408665	0.40697423376181274	-0.48826311664955985
MdWfIbHtNiSoScLa	Demand	sub-17	NNLS	2	02.VisualB	(0.996094, 0.0, 0.0, 1.0)	102	1.842021519790542	0.2755152798272633	0.2757429870066638	-0.08257949979883168
MdWfIbHtNiSoScLa	Demand	sub-19	NNLS	2	02.VisualB	(0.996094, 0.0, 0.0, 1.0)	102	1.842021519790542	0.3971071248256505	0.40057672879320844	-0.8661521546722302
MdWfIbHtNiSoScLa	Demand	sub-20	NNLS	2	02.VisualB	(0.996094, 0.0, 0.0, 1.0)	102	1.842021519790542	0.4963495293203473	0.4973366564144963	-0.19848267394275781
MdWfIbHtNiSoScLa	Demand	sub-21	NNLS	2	02.VisualB	(0.996094, 0.0, 0.0, 1.0)	102	1.842021519790542	0.42157203145313366	0.4225360542275521	-0.2281516014487283
MdWfIbHtNiSoScLa	Demand	sub-24	NNLS	2	02.VisualB	(0.996094, 0.0, 0.0, 1.0)	102	1.842021519790542	0.40373725493564677	0.40535214029945726	-0.3983907332073002
MdWfIbHtNiSoScLa	Demand	sub-25	NNLS	2	02.VisualB	(0.996094, 0.0, 0.0, 1.0)	102	1.842021519790542	0.38243436961013255	0.38003743932594397	0.6307089871039845
MdWfIbHtNiSoScLa	Demand	sub-26	NNLS	2	02.VisualB	(0.996094, 0.0, 0.0, 1.0)	102	1.842021519790542	0.2932858416755569	0.29490838262074853	-0.5501847491660611
MdWfIbHtNiSoScLa	Demand	sub-27	NNLS	2	02.VisualB	(0.996094, 0.0, 0.0, 1.0)	102	1.842021519790542	0.41165419906625433	0.41440614275588167	-0.664069232016295
MdWfIbHtNiSoScLa	Demand	sub-29	NNLS	2	02.VisualB	(0.996094, 0.0, 0.0, 1.0)	102	1.842021519790542	0.49735589202464975	0.4963867343464708	0.1952424613955331
MdWfIbHtNiSoScLa	Demand	sub-30	NNLS	2	02.VisualB	(0.996094, 0.0, 0.0, 1.0)	102	1.842021519790542	0.5250453192254876	0.5250739196288874	-0.005446928961929311
MdWfIbHtNiSoScLa	Demand	sub-31	NNLS	2	02.VisualB	(0.996094, 0.0, 0.0, 1.0)	102	1.842021519790542	0.5203653590915147	0.5213374587597432	-0.18646265521398514
MdWfIbHtNiSoScLa	Demand	sub-34	NNLS	2	02.VisualB	(0.996094, 0.0, 0.0, 1.0)	102	1.842021519790542	0.44251844503063725	0.4426599660668382	-0.03197059753526387
MdWfIbHtNiSoScLa	Demand	sub-35	NNLS	2	02.VisualB	(0.996094, 0.0, 0.0, 1.0)	102	1.842021519790542	0.37412338812794477	0.3740744220831611	0.013089920586116598
MdWfIbHtNiSoScLa	Demand	sub-36	NNLS	2	02.VisualB	(0.996094, 0.0, 0.0, 1.0)	102	1.842021519790542	0.419172726167834	0.4176518172107723	0.36415715061863424
MdWfIbHtNiSoScLa	Demand	sub-37	NNLS	2	02.VisualB	(0.996094, 0.0, 0.0, 1.0)	102	1.842021519790542	0.29093595386810545	0.29319214550513656	-0.769526630102574
MdWfIbHtNiSoScLa	Demand	sub-38	NNLS	2	02.VisualB	(0.996094, 0.0, 0.0, 1.0)	102	1.842021519790542	0.560285169119293	0.5595675910260739	0.1282379653016242
MdWfIbHtNiSoScLa	Demand	sub-39	NNLS	2	02.VisualB	(0.996094, 0.0, 0.0, 1.0)	102	1.842021519790542	0.44458863259654685	0.4463171092367049	-0.387275460515983
MdWfIbHtNiSoScLa	Demand	sub-41	NNLS	2	02.VisualB	(0.996094, 0.0, 0.0, 1.0)	102	1.842021519790542	0.37882744075219643	0.38168173787975096	-0.7478212458919834
MdWfIbHtNiSoScLa	Demand	sub-43	NNLS	2	02.VisualB	(0.996094, 0.0, 0.0, 1.0)	102	1.842021519790542	0.32917921265994565	0.3290425840721457	0.04152307160643689
MdWfIbHtNiSoScLa	Demand	sub-44	NNLS	2	02.VisualB	(0.996094, 0.0, 0.0, 1.0)	102	1.842021519790542	0.5077270354592627	0.5087582652284365	-0.202695433107268
MdWfIbHtNiSoScLa	Demand	sub-45	NNLS	2	02.VisualB	(0.996094, 0.0, 0.0, 1.0)	102	1.842021519790542	0.46229813757289157	0.4625314453231833	-0.050441489470778596
MdWfIbHtNiSoScLa	Demand	sub-46	NNLS	2	02.VisualB	(0.996094, 0.0, 0.0, 1.0)	102	1.842021519790542	0.4707749068950696	0.4716102700229681	-0.1771299695949835
MdWfIbHtNiSoScLa	Demand	sub-47	NNLS	2	02.VisualB	(0.996094, 0.0, 0.0, 1.0)	102	1.842021519790542	0.3873717890229194	0.38649526140158974	0.22678871097954034
MdWfIbHtNiSoScLa	Demand	sub-48	NNLS	2	02.VisualB	(0.996094, 0.0, 0.0, 1.0)	102	1.842021519790542	0.5077562080418943	0.5066334676169999	0.22160802565516888
MdWfIbHtNiSoScLa	Demand	sub-50	NNLS	2	02.VisualB	(0.996094, 0.0, 0.0, 1.0)	102	1.842021519790542	0.33836076107326307	0.34273554853055843	-1.2764323619337963
MdWfIbHtNiSoScLa	Demand	sub-01	NNLS	3	03.SomatomotorA	(0.273438, 0.507812, 0.703125, 1.0)	182	10.665299409213644	0.4994924408465611	0.5074970712591079	-1.5772761786954224
MdWfIbHtNiSoScLa	Demand	sub-02	NNLS	3	03.SomatomotorA	(0.273438, 0.507812, 0.703125, 1.0)	182	10.665299409213644	0.5430999796816047	0.5312462123361008	2.2313132913227167
MdWfIbHtNiSoScLa	Demand	sub-05	NNLS	3	03.SomatomotorA	(0.273438, 0.507812, 0.703125, 1.0)	182	10.665299409213644	0.4902052421992223	0.5024864023732758	-2.444078111576511
MdWfIbHtNiSoScLa	Demand	sub-06	NNLS	3	03.SomatomotorA	(0.273438, 0.507812, 0.703125, 1.0)	182	10.665299409213644	0.45244355420292776	0.45048708913572744	0.4342999198831323
MdWfIbHtNiSoScLa	Demand	sub-07	NNLS	3	03.SomatomotorA	(0.273438, 0.507812, 0.703125, 1.0)	182	10.665299409213644	0.43099593186938745	0.44121407140826485	-2.315914246855998
MdWfIbHtNiSoScLa	Demand	sub-08	NNLS	3	03.SomatomotorA	(0.273438, 0.507812, 0.703125, 1.0)	182	10.665299409213644	0.38482184670838004	0.4006333792742617	-3.946633851259191
MdWfIbHtNiSoScLa	Demand	sub-09	NNLS	3	03.SomatomotorA	(0.273438, 0.507812, 0.703125, 1.0)	182	10.665299409213644	0.4968108793814117	0.5062896357451889	-1.8722003561905387
MdWfIbHtNiSoScLa	Demand	sub-10	NNLS	3	03.SomatomotorA	(0.273438, 0.507812, 0.703125, 1.0)	182	10.665299409213644	0.44123286669239353	0.4369685707673112	0.9758816103396792
MdWfIbHtNiSoScLa	Demand	sub-11	NNLS	3	03.SomatomotorA	(0.273438, 0.507812, 0.703125, 1.0)	182	10.665299409213644	0.4290266779807174	0.43549757924491744	-1.485863888249281
MdWfIbHtNiSoScLa	Demand	sub-12	NNLS	3	03.SomatomotorA	(0.273438, 0.507812, 0.703125, 1.0)	182	10.665299409213644	0.42776624031561916	0.4348458666370035	-1.6280771796536766
MdWfIbHtNiSoScLa	Demand	sub-15	NNLS	3	03.SomatomotorA	(0.273438, 0.507812, 0.703125, 1.0)	182	10.665299409213644	0.30446306430439907	0.31982342335382374	-4.802762376923019
MdWfIbHtNiSoScLa	Demand	sub-16	NNLS	3	03.SomatomotorA	(0.273438, 0.507812, 0.703125, 1.0)	182	10.665299409213644	0.4002712560054057	0.40697423376181274	-1.6470275512159467
MdWfIbHtNiSoScLa	Demand	sub-17	NNLS	3	03.SomatomotorA	(0.273438, 0.507812, 0.703125, 1.0)	182	10.665299409213644	0.2616148296811414	0.2757429870066638	-5.123668775366146
MdWfIbHtNiSoScLa	Demand	sub-19	NNLS	3	03.SomatomotorA	(0.273438, 0.507812, 0.703125, 1.0)	182	10.665299409213644	0.38736175747495005	0.40057672879320844	-3.2989862786263875
MdWfIbHtNiSoScLa	Demand	sub-20	NNLS	3	03.SomatomotorA	(0.273438, 0.507812, 0.703125, 1.0)	182	10.665299409213644	0.48995627764065397	0.4973366564144963	-1.4839804544170376
MdWfIbHtNiSoScLa	Demand	sub-21	NNLS	3	03.SomatomotorA	(0.273438, 0.507812, 0.703125, 1.0)	182	10.665299409213644	0.41001373477365693	0.4225360542275521	-2.963609691671753
MdWfIbHtNiSoScLa	Demand	sub-24	NNLS	3	03.SomatomotorA	(0.273438, 0.507812, 0.703125, 1.0)	182	10.665299409213644	0.3934560714822134	0.40535214029945726	-2.934749230250899
MdWfIbHtNiSoScLa	Demand	sub-25	NNLS	3	03.SomatomotorA	(0.273438, 0.507812, 0.703125, 1.0)	182	10.665299409213644	0.3812211800459594	0.38003743932594397	0.31148002736650754
MdWfIbHtNiSoScLa	Demand	sub-26	NNLS	3	03.SomatomotorA	(0.273438, 0.507812, 0.703125, 1.0)	182	10.665299409213644	0.2865876724234047	0.29490838262074853	-2.8214559801252683
MdWfIbHtNiSoScLa	Demand	sub-27	NNLS	3	03.SomatomotorA	(0.273438, 0.507812, 0.703125, 1.0)	182	10.665299409213644	0.4020179112999317	0.41440614275588167	-2.989393780112866
MdWfIbHtNiSoScLa	Demand	sub-29	NNLS	3	03.SomatomotorA	(0.273438, 0.507812, 0.703125, 1.0)	182	10.665299409213644	0.4921536832143237	0.4963867343464708	-0.8527728158811967
MdWfIbHtNiSoScLa	Demand	sub-30	NNLS	3	03.SomatomotorA	(0.273438, 0.507812, 0.703125, 1.0)	182	10.665299409213644	0.5235705759379281	0.5250739196288874	-0.28631086686267254
MdWfIbHtNiSoScLa	Demand	sub-31	NNLS	3	03.SomatomotorA	(0.273438, 0.507812, 0.703125, 1.0)	182	10.665299409213644	0.5127551994174926	0.5213374587597432	-1.6462004020711969
MdWfIbHtNiSoScLa	Demand	sub-34	NNLS	3	03.SomatomotorA	(0.273438, 0.507812, 0.703125, 1.0)	182	10.665299409213644	0.4292437811305697	0.4426599660668382	-3.030810546405447
MdWfIbHtNiSoScLa	Demand	sub-35	NNLS	3	03.SomatomotorA	(0.273438, 0.507812, 0.703125, 1.0)	182	10.665299409213644	0.3627951261881186	0.3740744220831611	-3.0152545133211457
MdWfIbHtNiSoScLa	Demand	sub-36	NNLS	3	03.SomatomotorA	(0.273438, 0.507812, 0.703125, 1.0)	182	10.665299409213644	0.4095752666488985	0.4176518172107723	-1.9337999331146036
MdWfIbHtNiSoScLa	Demand	sub-37	NNLS	3	03.SomatomotorA	(0.273438, 0.507812, 0.703125, 1.0)	182	10.665299409213644	0.2832844555822003	0.29319214550513656	-3.3792480715560993
MdWfIbHtNiSoScLa	Demand	sub-38	NNLS	3	03.SomatomotorA	(0.273438, 0.507812, 0.703125, 1.0)	182	10.665299409213644	0.5561049424372614	0.5595675910260739	-0.6188079231792328
MdWfIbHtNiSoScLa	Demand	sub-39	NNLS	3	03.SomatomotorA	(0.273438, 0.507812, 0.703125, 1.0)	182	10.665299409213644	0.4447918555115703	0.4463171092367049	-0.3417421590095715
MdWfIbHtNiSoScLa	Demand	sub-41	NNLS	3	03.SomatomotorA	(0.273438, 0.507812, 0.703125, 1.0)	182	10.665299409213644	0.374353292919886	0.38168173787975096	-1.920040765003482
MdWfIbHtNiSoScLa	Demand	sub-43	NNLS	3	03.SomatomotorA	(0.273438, 0.507812, 0.703125, 1.0)	182	10.665299409213644	0.3146385497685967	0.3290425840721457	-4.377559319310113
MdWfIbHtNiSoScLa	Demand	sub-44	NNLS	3	03.SomatomotorA	(0.273438, 0.507812, 0.703125, 1.0)	182	10.665299409213644	0.5097136674099075	0.5087582652284365	0.18779098970354247
MdWfIbHtNiSoScLa	Demand	sub-45	NNLS	3	03.SomatomotorA	(0.273438, 0.507812, 0.703125, 1.0)	182	10.665299409213644	0.4475371931915176	0.4625314453231833	-3.2417800526381138
MdWfIbHtNiSoScLa	Demand	sub-46	NNLS	3	03.SomatomotorA	(0.273438, 0.507812, 0.703125, 1.0)	182	10.665299409213644	0.46487642368470494	0.4716102700229681	-1.4278413271057975
MdWfIbHtNiSoScLa	Demand	sub-47	NNLS	3	03.SomatomotorA	(0.273438, 0.507812, 0.703125, 1.0)	182	10.665299409213644	0.3816523054149255	0.38649526140158974	-1.2530440784970287
MdWfIbHtNiSoScLa	Demand	sub-48	NNLS	3	03.SomatomotorA	(0.273438, 0.507812, 0.703125, 1.0)	182	10.665299409213644	0.49938679204627195	0.5066334676169999	-1.4303586387242424
MdWfIbHtNiSoScLa	Demand	sub-50	NNLS	3	03.SomatomotorA	(0.273438, 0.507812, 0.703125, 1.0)	182	10.665299409213644	0.32730690181736755	0.34273554853055843	-4.501618457536587
MdWfIbHtNiSoScLa	Demand	sub-01	NNLS	4	04.SomatomotorB	(0.164062, 0.796875, 0.640625, 1.0)	146	4.238469690417191	0.5087501742978303	0.5074970712591079	0.2469182798658176
MdWfIbHtNiSoScLa	Demand	sub-02	NNLS	4	04.SomatomotorB	(0.164062, 0.796875, 0.640625, 1.0)	146	4.238469690417191	0.5342559184852934	0.5312462123361008	0.5665369614510246
MdWfIbHtNiSoScLa	Demand	sub-05	NNLS	4	04.SomatomotorB	(0.164062, 0.796875, 0.640625, 1.0)	146	4.238469690417191	0.5014112736467295	0.5024864023732758	-0.21396175527702757
MdWfIbHtNiSoScLa	Demand	sub-06	NNLS	4	04.SomatomotorB	(0.164062, 0.796875, 0.640625, 1.0)	146	4.238469690417191	0.4518421177938304	0.45048708913572744	0.30079189632328934
MdWfIbHtNiSoScLa	Demand	sub-07	NNLS	4	04.SomatomotorB	(0.164062, 0.796875, 0.640625, 1.0)	146	4.238469690417191	0.44089697410392203	0.44121407140826485	-0.07186926367300742
MdWfIbHtNiSoScLa	Demand	sub-08	NNLS	4	04.SomatomotorB	(0.164062, 0.796875, 0.640625, 1.0)	146	4.238469690417191	0.398352573994803	0.4006333792742617	-0.5692998630294617
MdWfIbHtNiSoScLa	Demand	sub-09	NNLS	4	04.SomatomotorB	(0.164062, 0.796875, 0.640625, 1.0)	146	4.238469690417191	0.5062273519560624	0.5062896357451889	-0.012302007532677416
MdWfIbHtNiSoScLa	Demand	sub-10	NNLS	4	04.SomatomotorB	(0.164062, 0.796875, 0.640625, 1.0)	146	4.238469690417191	0.4383372655855757	0.4369685707673112	0.31322500285570865
MdWfIbHtNiSoScLa	Demand	sub-11	NNLS	4	04.SomatomotorB	(0.164062, 0.796875, 0.640625, 1.0)	146	4.238469690417191	0.43518019124948004	0.43549757924491744	-0.07287939372423173
MdWfIbHtNiSoScLa	Demand	sub-12	NNLS	4	04.SomatomotorB	(0.164062, 0.796875, 0.640625, 1.0)	146	4.238469690417191	0.43302233057556183	0.4348458666370035	-0.41935228119895596
MdWfIbHtNiSoScLa	Demand	sub-15	NNLS	4	04.SomatomotorB	(0.164062, 0.796875, 0.640625, 1.0)	146	4.238469690417191	0.3203734736605834	0.31982342335382374	0.17198562287638197
MdWfIbHtNiSoScLa	Demand	sub-16	NNLS	4	04.SomatomotorB	(0.164062, 0.796875, 0.640625, 1.0)	146	4.238469690417191	0.4057434151860743	0.40697423376181274	-0.30243157272181936
MdWfIbHtNiSoScLa	Demand	sub-17	NNLS	4	04.SomatomotorB	(0.164062, 0.796875, 0.640625, 1.0)	146	4.238469690417191	0.27317778868734127	0.2757429870066638	-0.9302859692531406
MdWfIbHtNiSoScLa	Demand	sub-19	NNLS	4	04.SomatomotorB	(0.164062, 0.796875, 0.640625, 1.0)	146	4.238469690417191	0.40019287398036296	0.40057672879320844	-0.09582553984149027
MdWfIbHtNiSoScLa	Demand	sub-20	NNLS	4	04.SomatomotorB	(0.164062, 0.796875, 0.640625, 1.0)	146	4.238469690417191	0.49796204553317214	0.4973366564144963	0.12574764208705416
MdWfIbHtNiSoScLa	Demand	sub-21	NNLS	4	04.SomatomotorB	(0.164062, 0.796875, 0.640625, 1.0)	146	4.238469690417191	0.42289372312087226	0.4225360542275521	0.0846481358789692
MdWfIbHtNiSoScLa	Demand	sub-24	NNLS	4	04.SomatomotorB	(0.164062, 0.796875, 0.640625, 1.0)	146	4.238469690417191	0.4037572630379711	0.40535214029945726	-0.39345475277568087
MdWfIbHtNiSoScLa	Demand	sub-25	NNLS	4	04.SomatomotorB	(0.164062, 0.796875, 0.640625, 1.0)	146	4.238469690417191	0.37900428042397893	0.38003743932594397	-0.2718571369698486
MdWfIbHtNiSoScLa	Demand	sub-26	NNLS	4	04.SomatomotorB	(0.164062, 0.796875, 0.640625, 1.0)	146	4.238469690417191	0.29256190047157904	0.29490838262074853	-0.7956647852180803
MdWfIbHtNiSoScLa	Demand	sub-27	NNLS	4	04.SomatomotorB	(0.164062, 0.796875, 0.640625, 1.0)	146	4.238469690417191	0.4137131175184094	0.41440614275588167	-0.16723334091129172
MdWfIbHtNiSoScLa	Demand	sub-29	NNLS	4	04.SomatomotorB	(0.164062, 0.796875, 0.640625, 1.0)	146	4.238469690417191	0.49687452648639946	0.4963867343464708	0.09826856887520986
MdWfIbHtNiSoScLa	Demand	sub-30	NNLS	4	04.SomatomotorB	(0.164062, 0.796875, 0.640625, 1.0)	146	4.238469690417191	0.5287167945430111	0.5250739196288874	0.6937832518321337
MdWfIbHtNiSoScLa	Demand	sub-31	NNLS	4	04.SomatomotorB	(0.164062, 0.796875, 0.640625, 1.0)	146	4.238469690417191	0.5214535478038783	0.5213374587597432	0.02226754325523531
MdWfIbHtNiSoScLa	Demand	sub-34	NNLS	4	04.SomatomotorB	(0.164062, 0.796875, 0.640625, 1.0)	146	4.238469690417191	0.44203199450800923	0.4426599660668382	-0.14186319228474553
MdWfIbHtNiSoScLa	Demand	sub-35	NNLS	4	04.SomatomotorB	(0.164062, 0.796875, 0.640625, 1.0)	146	4.238469690417191	0.3749156352668861	0.3740744220831611	0.22487856267755604
MdWfIbHtNiSoScLa	Demand	sub-36	NNLS	4	04.SomatomotorB	(0.164062, 0.796875, 0.640625, 1.0)	146	4.238469690417191	0.41505170584819806	0.4176518172107723	-0.6225547825791193
MdWfIbHtNiSoScLa	Demand	sub-37	NNLS	4	04.SomatomotorB	(0.164062, 0.796875, 0.640625, 1.0)	146	4.238469690417191	0.2927927823557997	0.29319214550513656	-0.13621209007792656
MdWfIbHtNiSoScLa	Demand	sub-38	NNLS	4	04.SomatomotorB	(0.164062, 0.796875, 0.640625, 1.0)	146	4.238469690417191	0.5596218102944097	0.5595675910260739	0.009689494031703777
MdWfIbHtNiSoScLa	Demand	sub-39	NNLS	4	04.SomatomotorB	(0.164062, 0.796875, 0.640625, 1.0)	146	4.238469690417191	0.44765901837760375	0.4463171092367049	0.3006627156179978
MdWfIbHtNiSoScLa	Demand	sub-41	NNLS	4	04.SomatomotorB	(0.164062, 0.796875, 0.640625, 1.0)	146	4.238469690417191	0.381263028198094	0.38168173787975096	-0.10970126157539267
MdWfIbHtNiSoScLa	Demand	sub-43	NNLS	4	04.SomatomotorB	(0.164062, 0.796875, 0.640625, 1.0)	146	4.238469690417191	0.32933365958679095	0.3290425840721457	0.08846135082060497
MdWfIbHtNiSoScLa	Demand	sub-44	NNLS	4	04.SomatomotorB	(0.164062, 0.796875, 0.640625, 1.0)	146	4.238469690417191	0.5103292718000685	0.5087582652284365	0.30879234383083903
MdWfIbHtNiSoScLa	Demand	sub-45	NNLS	4	04.SomatomotorB	(0.164062, 0.796875, 0.640625, 1.0)	146	4.238469690417191	0.46345502284067064	0.4625314453231833	0.1996788600701539
MdWfIbHtNiSoScLa	Demand	sub-46	NNLS	4	04.SomatomotorB	(0.164062, 0.796875, 0.640625, 1.0)	146	4.238469690417191	0.4733527731143746	0.4716102700229681	0.3694794626337627
MdWfIbHtNiSoScLa	Demand	sub-47	NNLS	4	04.SomatomotorB	(0.164062, 0.796875, 0.640625, 1.0)	146	4.238469690417191	0.38576217851233385	0.38649526140158974	-0.18967448309648846
MdWfIbHtNiSoScLa	Demand	sub-48	NNLS	4	04.SomatomotorB	(0.164062, 0.796875, 0.640625, 1.0)	146	4.238469690417191	0.508209270179428	0.5066334676169999	0.3110340439687108
MdWfIbHtNiSoScLa	Demand	sub-50	NNLS	4	04.SomatomotorB	(0.164062, 0.796875, 0.640625, 1.0)	146	4.238469690417191	0.3414291863115348	0.34273554853055843	-0.38115749143166633
MdWfIbHtNiSoScLa	Demand	sub-01	NNLS	5	05.DorsalAttentionA	(0.289062, 0.605469, 0.234375, 1.0)	111	4.9682104910130525	0.5083306517947646	0.5074970712591079	0.1642532701890288
MdWfIbHtNiSoScLa	Demand	sub-02	NNLS	5	05.DorsalAttentionA	(0.289062, 0.605469, 0.234375, 1.0)	111	4.9682104910130525	0.5333440746263302	0.5312462123361008	0.3948945407072573
MdWfIbHtNiSoScLa	Demand	sub-05	NNLS	5	05.DorsalAttentionA	(0.289062, 0.605469, 0.234375, 1.0)	111	4.9682104910130525	0.5005048065678894	0.5024864023732758	-0.3943580952692782
MdWfIbHtNiSoScLa	Demand	sub-06	NNLS	5	05.DorsalAttentionA	(0.289062, 0.605469, 0.234375, 1.0)	111	4.9682104910130525	0.4495083711175617	0.45048708913572744	-0.21725772874943766
MdWfIbHtNiSoScLa	Demand	sub-07	NNLS	5	05.DorsalAttentionA	(0.289062, 0.605469, 0.234375, 1.0)	111	4.9682104910130525	0.44080188859415026	0.44121407140826485	-0.09342014247165535
MdWfIbHtNiSoScLa	Demand	sub-08	NNLS	5	05.DorsalAttentionA	(0.289062, 0.605469, 0.234375, 1.0)	111	4.9682104910130525	0.4008033614062292	0.4006333792742617	0.04242834989820974
MdWfIbHtNiSoScLa	Demand	sub-09	NNLS	5	05.DorsalAttentionA	(0.289062, 0.605469, 0.234375, 1.0)	111	4.9682104910130525	0.5047185710542313	0.5062896357451889	-0.31030947110840773
MdWfIbHtNiSoScLa	Demand	sub-10	NNLS	5	05.DorsalAttentionA	(0.289062, 0.605469, 0.234375, 1.0)	111	4.9682104910130525	0.4361248240788423	0.4369685707673112	-0.19309093260124377
MdWfIbHtNiSoScLa	Demand	sub-11	NNLS	5	05.DorsalAttentionA	(0.289062, 0.605469, 0.234375, 1.0)	111	4.9682104910130525	0.4338671991639878	0.43549757924491744	-0.3743717895645838
MdWfIbHtNiSoScLa	Demand	sub-12	NNLS	5	05.DorsalAttentionA	(0.289062, 0.605469, 0.234375, 1.0)	111	4.9682104910130525	0.4362671769872919	0.4348458666370035	0.3268538255360459
MdWfIbHtNiSoScLa	Demand	sub-15	NNLS	5	05.DorsalAttentionA	(0.289062, 0.605469, 0.234375, 1.0)	111	4.9682104910130525	0.32022607853720725	0.31982342335382374	0.12589921624909983
MdWfIbHtNiSoScLa	Demand	sub-16	NNLS	5	05.DorsalAttentionA	(0.289062, 0.605469, 0.234375, 1.0)	111	4.9682104910130525	0.40780591638352515	0.40697423376181274	0.20435756190873688
MdWfIbHtNiSoScLa	Demand	sub-17	NNLS	5	05.DorsalAttentionA	(0.289062, 0.605469, 0.234375, 1.0)	111	4.9682104910130525	0.2764904964150549	0.2757429870066638	0.2710891821785731
MdWfIbHtNiSoScLa	Demand	sub-19	NNLS	5	05.DorsalAttentionA	(0.289062, 0.605469, 0.234375, 1.0)	111	4.9682104910130525	0.4009202210688075	0.40057672879320844	0.08574943348153581
MdWfIbHtNiSoScLa	Demand	sub-20	NNLS	5	05.DorsalAttentionA	(0.289062, 0.605469, 0.234375, 1.0)	111	4.9682104910130525	0.49699386468154555	0.4973366564144963	-0.0689254911194543
MdWfIbHtNiSoScLa	Demand	sub-21	NNLS	5	05.DorsalAttentionA	(0.289062, 0.605469, 0.234375, 1.0)	111	4.9682104910130525	0.42131249417561323	0.4225360542275521	-0.28957530125462855
MdWfIbHtNiSoScLa	Demand	sub-24	NNLS	5	05.DorsalAttentionA	(0.289062, 0.605469, 0.234375, 1.0)	111	4.9682104910130525	0.40197405058152347	0.40535214029945726	-0.8333716248391349
MdWfIbHtNiSoScLa	Demand	sub-25	NNLS	5	05.DorsalAttentionA	(0.289062, 0.605469, 0.234375, 1.0)	111	4.9682104910130525	0.3781845982692025	0.38003743932594397	-0.48754171694972964
MdWfIbHtNiSoScLa	Demand	sub-26	NNLS	5	05.DorsalAttentionA	(0.289062, 0.605469, 0.234375, 1.0)	111	4.9682104910130525	0.29647086257535255	0.29490838262074853	0.5298187663296632
MdWfIbHtNiSoScLa	Demand	sub-27	NNLS	5	05.DorsalAttentionA	(0.289062, 0.605469, 0.234375, 1.0)	111	4.9682104910130525	0.4153929299496798	0.41440614275588167	0.23812079310306694
MdWfIbHtNiSoScLa	Demand	sub-29	NNLS	5	05.DorsalAttentionA	(0.289062, 0.605469, 0.234375, 1.0)	111	4.9682104910130525	0.495023340018267	0.4963867343464708	-0.2746637316967834
MdWfIbHtNiSoScLa	Demand	sub-30	NNLS	5	05.DorsalAttentionA	(0.289062, 0.605469, 0.234375, 1.0)	111	4.9682104910130525	0.5263508674052622	0.5250739196288874	0.24319390635080368
MdWfIbHtNiSoScLa	Demand	sub-31	NNLS	5	05.DorsalAttentionA	(0.289062, 0.605469, 0.234375, 1.0)	111	4.9682104910130525	0.521469187271542	0.5213374587597432	0.025267417406021144
MdWfIbHtNiSoScLa	Demand	sub-34	NNLS	5	05.DorsalAttentionA	(0.289062, 0.605469, 0.234375, 1.0)	111	4.9682104910130525	0.4436967822110297	0.4426599660668382	0.23422405992660672
MdWfIbHtNiSoScLa	Demand	sub-35	NNLS	5	05.DorsalAttentionA	(0.289062, 0.605469, 0.234375, 1.0)	111	4.9682104910130525	0.3744047096334871	0.3740744220831611	0.08829460952894685
MdWfIbHtNiSoScLa	Demand	sub-36	NNLS	5	05.DorsalAttentionA	(0.289062, 0.605469, 0.234375, 1.0)	111	4.9682104910130525	0.41859147346417724	0.4176518172107723	0.22498555367968429
MdWfIbHtNiSoScLa	Demand	sub-37	NNLS	5	05.DorsalAttentionA	(0.289062, 0.605469, 0.234375, 1.0)	111	4.9682104910130525	0.29299153051228627	0.29319214550513656	-0.06842440901841115
MdWfIbHtNiSoScLa	Demand	sub-38	NNLS	5	05.DorsalAttentionA	(0.289062, 0.605469, 0.234375, 1.0)	111	4.9682104910130525	0.5594061236307551	0.5595675910260739	-0.028855744669319956
MdWfIbHtNiSoScLa	Demand	sub-39	NNLS	5	05.DorsalAttentionA	(0.289062, 0.605469, 0.234375, 1.0)	111	4.9682104910130525	0.44635373283240504	0.4463171092367049	0.008205734206055358
MdWfIbHtNiSoScLa	Demand	sub-41	NNLS	5	05.DorsalAttentionA	(0.289062, 0.605469, 0.234375, 1.0)	111	4.9682104910130525	0.381796181595315	0.38168173787975096	0.029984068978451392
MdWfIbHtNiSoScLa	Demand	sub-43	NNLS	5	05.DorsalAttentionA	(0.289062, 0.605469, 0.234375, 1.0)	111	4.9682104910130525	0.33034522550938267	0.3290425840721457	0.3958884048124742
MdWfIbHtNiSoScLa	Demand	sub-44	NNLS	5	05.DorsalAttentionA	(0.289062, 0.605469, 0.234375, 1.0)	111	4.9682104910130525	0.5067938907977383	0.5087582652284365	-0.3861115513899652
MdWfIbHtNiSoScLa	Demand	sub-45	NNLS	5	05.DorsalAttentionA	(0.289062, 0.605469, 0.234375, 1.0)	111	4.9682104910130525	0.46623809482779943	0.4625314453231833	0.8013832447707845
MdWfIbHtNiSoScLa	Demand	sub-46	NNLS	5	05.DorsalAttentionA	(0.289062, 0.605469, 0.234375, 1.0)	111	4.9682104910130525	0.47058828632546734	0.4716102700229681	-0.21670089954805508
MdWfIbHtNiSoScLa	Demand	sub-47	NNLS	5	05.DorsalAttentionA	(0.289062, 0.605469, 0.234375, 1.0)	111	4.9682104910130525	0.3865125206966223	0.38649526140158974	0.00446559033348983
MdWfIbHtNiSoScLa	Demand	sub-48	NNLS	5	05.DorsalAttentionA	(0.289062, 0.605469, 0.234375, 1.0)	111	4.9682104910130525	0.5082675684708005	0.5066334676169999	0.3225410396764175
MdWfIbHtNiSoScLa	Demand	sub-50	NNLS	5	05.DorsalAttentionA	(0.289062, 0.605469, 0.234375, 1.0)	111	4.9682104910130525	0.3437994628025207	0.34273554853055843	0.3104184192517241
MdWfIbHtNiSoScLa	Demand	sub-01	NNLS	6	06.DorsalAttentionB	(0.0, 0.460938, 0.054688, 1.0)	109	6.361141664256716	0.505947882160711	0.5074970712591079	-0.3052606972791788
MdWfIbHtNiSoScLa	Demand	sub-02	NNLS	6	06.DorsalAttentionB	(0.0, 0.460938, 0.054688, 1.0)	109	6.361141664256716	0.5263053019013172	0.5312462123361008	-0.9300603599706567
MdWfIbHtNiSoScLa	Demand	sub-05	NNLS	6	06.DorsalAttentionB	(0.0, 0.460938, 0.054688, 1.0)	109	6.361141664256716	0.5038860873824812	0.5024864023732758	0.2785518180381788
MdWfIbHtNiSoScLa	Demand	sub-06	NNLS	6	06.DorsalAttentionB	(0.0, 0.460938, 0.054688, 1.0)	109	6.361141664256716	0.4490684285167932	0.45048708913572744	-0.3149170427183596
MdWfIbHtNiSoScLa	Demand	sub-07	NNLS	6	06.DorsalAttentionB	(0.0, 0.460938, 0.054688, 1.0)	109	6.361141664256716	0.44257549561965404	0.44121407140826485	0.3085631895292453
MdWfIbHtNiSoScLa	Demand	sub-08	NNLS	6	06.DorsalAttentionB	(0.0, 0.460938, 0.054688, 1.0)	109	6.361141664256716	0.40151547052295317	0.4006333792742617	0.22017417777055273
MdWfIbHtNiSoScLa	Demand	sub-09	NNLS	6	06.DorsalAttentionB	(0.0, 0.460938, 0.054688, 1.0)	109	6.361141664256716	0.5080072385283897	0.5062896357451889	0.33925300103619366
MdWfIbHtNiSoScLa	Demand	sub-10	NNLS	6	06.DorsalAttentionB	(0.0, 0.460938, 0.054688, 1.0)	109	6.361141664256716	0.4380878046999305	0.4369685707673112	0.25613602613431713
MdWfIbHtNiSoScLa	Demand	sub-11	NNLS	6	06.DorsalAttentionB	(0.0, 0.460938, 0.054688, 1.0)	109	6.361141664256716	0.4357052545532949	0.43549757924491744	0.04768690304490979
MdWfIbHtNiSoScLa	Demand	sub-12	NNLS	6	06.DorsalAttentionB	(0.0, 0.460938, 0.054688, 1.0)	109	6.361141664256716	0.43606849674260273	0.4348458666370035	0.28116401681699077
MdWfIbHtNiSoScLa	Demand	sub-15	NNLS	6	06.DorsalAttentionB	(0.0, 0.460938, 0.054688, 1.0)	109	6.361141664256716	0.3230665501536609	0.31982342335382374	1.0140366724326126
MdWfIbHtNiSoScLa	Demand	sub-16	NNLS	6	06.DorsalAttentionB	(0.0, 0.460938, 0.054688, 1.0)	109	6.361141664256716	0.40788404984829246	0.40697423376181274	0.22355618882059308
MdWfIbHtNiSoScLa	Demand	sub-17	NNLS	6	06.DorsalAttentionB	(0.0, 0.460938, 0.054688, 1.0)	109	6.361141664256716	0.2764524511305064	0.2757429870066638	0.2572918105893681
MdWfIbHtNiSoScLa	Demand	sub-19	NNLS	6	06.DorsalAttentionB	(0.0, 0.460938, 0.054688, 1.0)	109	6.361141664256716	0.4040527424877838	0.40057672879320844	0.8677522793316784
MdWfIbHtNiSoScLa	Demand	sub-20	NNLS	6	06.DorsalAttentionB	(0.0, 0.460938, 0.054688, 1.0)	109	6.361141664256716	0.49706077240056434	0.4973366564144963	-0.055472286302186445
MdWfIbHtNiSoScLa	Demand	sub-21	NNLS	6	06.DorsalAttentionB	(0.0, 0.460938, 0.054688, 1.0)	109	6.361141664256716	0.4251400006232667	0.4225360542275521	0.6162660841984078
MdWfIbHtNiSoScLa	Demand	sub-24	NNLS	6	06.DorsalAttentionB	(0.0, 0.460938, 0.054688, 1.0)	109	6.361141664256716	0.40840162772462374	0.40535214029945726	0.7523057415988086
MdWfIbHtNiSoScLa	Demand	sub-25	NNLS	6	06.DorsalAttentionB	(0.0, 0.460938, 0.054688, 1.0)	109	6.361141664256716	0.3803606178612772	0.38003743932594397	0.08503860459285527
MdWfIbHtNiSoScLa	Demand	sub-26	NNLS	6	06.DorsalAttentionB	(0.0, 0.460938, 0.054688, 1.0)	109	6.361141664256716	0.2965471062344265	0.29490838262074853	0.5556721036937581
MdWfIbHtNiSoScLa	Demand	sub-27	NNLS	6	06.DorsalAttentionB	(0.0, 0.460938, 0.054688, 1.0)	109	6.361141664256716	0.41398873335187153	0.41440614275588167	-0.10072471446351747
MdWfIbHtNiSoScLa	Demand	sub-29	NNLS	6	06.DorsalAttentionB	(0.0, 0.460938, 0.054688, 1.0)	109	6.361141664256716	0.49642560723747237	0.4963867343464708	0.00783117039836941
MdWfIbHtNiSoScLa	Demand	sub-30	NNLS	6	06.DorsalAttentionB	(0.0, 0.460938, 0.054688, 1.0)	109	6.361141664256716	0.5237943560318117	0.5250739196288874	-0.243692087769295
MdWfIbHtNiSoScLa	Demand	sub-31	NNLS	6	06.DorsalAttentionB	(0.0, 0.460938, 0.054688, 1.0)	109	6.361141664256716	0.5218592702068418	0.5213374587597432	0.10009091775985028
MdWfIbHtNiSoScLa	Demand	sub-34	NNLS	6	06.DorsalAttentionB	(0.0, 0.460938, 0.054688, 1.0)	109	6.361141664256716	0.44362578466730124	0.4426599660668382	0.21818521540237695
MdWfIbHtNiSoScLa	Demand	sub-35	NNLS	6	06.DorsalAttentionB	(0.0, 0.460938, 0.054688, 1.0)	109	6.361141664256716	0.371326904776017	0.3740744220831611	-0.7344841413758344
MdWfIbHtNiSoScLa	Demand	sub-36	NNLS	6	06.DorsalAttentionB	(0.0, 0.460938, 0.054688, 1.0)	109	6.361141664256716	0.41742156857195967	0.4176518172107723	-0.05512932766588694
MdWfIbHtNiSoScLa	Demand	sub-37	NNLS	6	06.DorsalAttentionB	(0.0, 0.460938, 0.054688, 1.0)	109	6.361141664256716	0.2945890091065572	0.29319214550513656	0.47643281814866667
MdWfIbHtNiSoScLa	Demand	sub-38	NNLS	6	06.DorsalAttentionB	(0.0, 0.460938, 0.054688, 1.0)	109	6.361141664256716	0.557943561906218	0.5595675910260739	-0.2902293031084882
MdWfIbHtNiSoScLa	Demand	sub-39	NNLS	6	06.DorsalAttentionB	(0.0, 0.460938, 0.054688, 1.0)	109	6.361141664256716	0.443801808243602	0.4463171092367049	-0.5635681315028723
MdWfIbHtNiSoScLa	Demand	sub-41	NNLS	6	06.DorsalAttentionB	(0.0, 0.460938, 0.054688, 1.0)	109	6.361141664256716	0.38299077000217063	0.38168173787975096	0.34296430573057296
MdWfIbHtNiSoScLa	Demand	sub-43	NNLS	6	06.DorsalAttentionB	(0.0, 0.460938, 0.054688, 1.0)	109	6.361141664256716	0.32867518842377536	0.3290425840721457	-0.1116559576646757
MdWfIbHtNiSoScLa	Demand	sub-44	NNLS	6	06.DorsalAttentionB	(0.0, 0.460938, 0.054688, 1.0)	109	6.361141664256716	0.5090537642259046	0.5087582652284365	0.058082397410386524
MdWfIbHtNiSoScLa	Demand	sub-45	NNLS	6	06.DorsalAttentionB	(0.0, 0.460938, 0.054688, 1.0)	109	6.361141664256716	0.4617102046662296	0.4625314453231833	-0.17755347560853757
MdWfIbHtNiSoScLa	Demand	sub-46	NNLS	6	06.DorsalAttentionB	(0.0, 0.460938, 0.054688, 1.0)	109	6.361141664256716	0.47207733667883056	0.4716102700229681	0.09903657438157339
MdWfIbHtNiSoScLa	Demand	sub-47	NNLS	6	06.DorsalAttentionB	(0.0, 0.460938, 0.054688, 1.0)	109	6.361141664256716	0.3869874469715069	0.38649526140158974	0.12734582259360216
MdWfIbHtNiSoScLa	Demand	sub-48	NNLS	6	06.DorsalAttentionB	(0.0, 0.460938, 0.054688, 1.0)	109	6.361141664256716	0.5052223317523121	0.5066334676169999	-0.2785319081515063
MdWfIbHtNiSoScLa	Demand	sub-50	NNLS	6	06.DorsalAttentionB	(0.0, 0.460938, 0.054688, 1.0)	109	6.361141664256716	0.34415029577377937	0.34273554853055843	0.412781005438891
MdWfIbHtNiSoScLa	Demand	sub-01	NNLS	7	07.VentralAttentionA	(0.765625, 0.226562, 0.976562, 1.0)	151	4.563479300065984	0.5144963840706909	0.5074970712591079	1.3791828973943723
MdWfIbHtNiSoScLa	Demand	sub-02	NNLS	7	07.VentralAttentionA	(0.765625, 0.226562, 0.976562, 1.0)	151	4.563479300065984	0.5234945021851942	0.5312462123361008	-1.4591558435436625
MdWfIbHtNiSoScLa	Demand	sub-05	NNLS	7	07.VentralAttentionA	(0.765625, 0.226562, 0.976562, 1.0)	151	4.563479300065984	0.5010963795920467	0.5024864023732758	-0.27662893456697735
MdWfIbHtNiSoScLa	Demand	sub-06	NNLS	7	07.VentralAttentionA	(0.765625, 0.226562, 0.976562, 1.0)	151	4.563479300065984	0.4501904241427913	0.45048708913572744	-0.0658542719848608
MdWfIbHtNiSoScLa	Demand	sub-07	NNLS	7	07.VentralAttentionA	(0.765625, 0.226562, 0.976562, 1.0)	151	4.563479300065984	0.4423565877847081	0.44121407140826485	0.2589483088779489
MdWfIbHtNiSoScLa	Demand	sub-08	NNLS	7	07.VentralAttentionA	(0.765625, 0.226562, 0.976562, 1.0)	151	4.563479300065984	0.40552131953005705	0.4006333792742617	1.220053172965707
MdWfIbHtNiSoScLa	Demand	sub-09	NNLS	7	07.VentralAttentionA	(0.765625, 0.226562, 0.976562, 1.0)	151	4.563479300065984	0.5014482214599655	0.5062896357451889	-0.9562538798760015
MdWfIbHtNiSoScLa	Demand	sub-10	NNLS	7	07.VentralAttentionA	(0.765625, 0.226562, 0.976562, 1.0)	151	4.563479300065984	0.43208422687353226	0.4369685707673112	-1.1177792227029297
MdWfIbHtNiSoScLa	Demand	sub-11	NNLS	7	07.VentralAttentionA	(0.765625, 0.226562, 0.976562, 1.0)	151	4.563479300065984	0.42807727021802905	0.43549757924491744	-1.7038691787343603
MdWfIbHtNiSoScLa	Demand	sub-12	NNLS	7	07.VentralAttentionA	(0.765625, 0.226562, 0.976562, 1.0)	151	4.563479300065984	0.435508897697037	0.4348458666370035	0.15247495972797026
MdWfIbHtNiSoScLa	Demand	sub-15	NNLS	7	07.VentralAttentionA	(0.765625, 0.226562, 0.976562, 1.0)	151	4.563479300065984	0.32202685944646103	0.31982342335382374	0.6889539451272795
MdWfIbHtNiSoScLa	Demand	sub-16	NNLS	7	07.VentralAttentionA	(0.765625, 0.226562, 0.976562, 1.0)	151	4.563479300065984	0.4073233893146345	0.40697423376181274	0.08579303647663511
MdWfIbHtNiSoScLa	Demand	sub-17	NNLS	7	07.VentralAttentionA	(0.765625, 0.226562, 0.976562, 1.0)	151	4.563479300065984	0.27529280676389933	0.2757429870066638	-0.16326081314030394
MdWfIbHtNiSoScLa	Demand	sub-19	NNLS	7	07.VentralAttentionA	(0.765625, 0.226562, 0.976562, 1.0)	151	4.563479300065984	0.4086028751130394	0.40057672879320844	2.003647676691255
MdWfIbHtNiSoScLa	Demand	sub-20	NNLS	7	07.VentralAttentionA	(0.765625, 0.226562, 0.976562, 1.0)	151	4.563479300065984	0.4970164661060618	0.4973366564144963	-0.06438099912901679
MdWfIbHtNiSoScLa	Demand	sub-21	NNLS	7	07.VentralAttentionA	(0.765625, 0.226562, 0.976562, 1.0)	151	4.563479300065984	0.4148637977005404	0.4225360542275521	-1.8157637556012893
MdWfIbHtNiSoScLa	Demand	sub-24	NNLS	7	07.VentralAttentionA	(0.765625, 0.226562, 0.976562, 1.0)	151	4.563479300065984	0.4020679346189346	0.40535214029945726	-0.8102105192034865
MdWfIbHtNiSoScLa	Demand	sub-25	NNLS	7	07.VentralAttentionA	(0.765625, 0.226562, 0.976562, 1.0)	151	4.563479300065984	0.37148400502478673	0.38003743932594397	-2.250682016047707
MdWfIbHtNiSoScLa	Demand	sub-26	NNLS	7	07.VentralAttentionA	(0.765625, 0.226562, 0.976562, 1.0)	151	4.563479300065984	0.29945158411570005	0.29490838262074853	1.5405467469516005
MdWfIbHtNiSoScLa	Demand	sub-27	NNLS	7	07.VentralAttentionA	(0.765625, 0.226562, 0.976562, 1.0)	151	4.563479300065984	0.41974995405023713	0.41440614275588167	1.2895106377569776
MdWfIbHtNiSoScLa	Demand	sub-29	NNLS	7	07.VentralAttentionA	(0.765625, 0.226562, 0.976562, 1.0)	151	4.563479300065984	0.4922202215053465	0.4963867343464708	-0.8393682894466971
MdWfIbHtNiSoScLa	Demand	sub-30	NNLS	7	07.VentralAttentionA	(0.765625, 0.226562, 0.976562, 1.0)	151	4.563479300065984	0.5315394116380862	0.5250739196288874	1.231348914409701
MdWfIbHtNiSoScLa	Demand	sub-31	NNLS	7	07.VentralAttentionA	(0.765625, 0.226562, 0.976562, 1.0)	151	4.563479300065984	0.5196000743344338	0.5213374587597432	-0.33325524496986725
MdWfIbHtNiSoScLa	Demand	sub-34	NNLS	7	07.VentralAttentionA	(0.765625, 0.226562, 0.976562, 1.0)	151	4.563479300065984	0.44882593672629006	0.4426599660668382	1.392936143342322
MdWfIbHtNiSoScLa	Demand	sub-35	NNLS	7	07.VentralAttentionA	(0.765625, 0.226562, 0.976562, 1.0)	151	4.563479300065984	0.3726749643405762	0.3740744220831611	-0.37411211779505604
MdWfIbHtNiSoScLa	Demand	sub-36	NNLS	7	07.VentralAttentionA	(0.765625, 0.226562, 0.976562, 1.0)	151	4.563479300065984	0.42537388345112476	0.4176518172107723	1.8489243724409348
MdWfIbHtNiSoScLa	Demand	sub-37	NNLS	7	07.VentralAttentionA	(0.765625, 0.226562, 0.976562, 1.0)	151	4.563479300065984	0.28978831002499406	0.29319214550513656	-1.160957253571061
MdWfIbHtNiSoScLa	Demand	sub-38	NNLS	7	07.VentralAttentionA	(0.765625, 0.226562, 0.976562, 1.0)	151	4.563479300065984	0.5558985617448823	0.5595675910260739	-0.6556900971451457
MdWfIbHtNiSoScLa	Demand	sub-39	NNLS	7	07.VentralAttentionA	(0.765625, 0.226562, 0.976562, 1.0)	151	4.563479300065984	0.450122554988644	0.4463171092367049	0.8526327297752911
MdWfIbHtNiSoScLa	Demand	sub-41	NNLS	7	07.VentralAttentionA	(0.765625, 0.226562, 0.976562, 1.0)	151	4.563479300065984	0.38362139740429546	0.38168173787975096	0.5081876684274562
MdWfIbHtNiSoScLa	Demand	sub-43	NNLS	7	07.VentralAttentionA	(0.765625, 0.226562, 0.976562, 1.0)	151	4.563479300065984	0.32312179198466046	0.3290425840721457	-1.7993999482410639
MdWfIbHtNiSoScLa	Demand	sub-44	NNLS	7	07.VentralAttentionA	(0.765625, 0.226562, 0.976562, 1.0)	151	4.563479300065984	0.5040430786807589	0.5087582652284365	-0.9268029376506339
MdWfIbHtNiSoScLa	Demand	sub-45	NNLS	7	07.VentralAttentionA	(0.765625, 0.226562, 0.976562, 1.0)	151	4.563479300065984	0.4704506612305354	0.4625314453231833	1.7121464902388952
MdWfIbHtNiSoScLa	Demand	sub-46	NNLS	7	07.VentralAttentionA	(0.765625, 0.226562, 0.976562, 1.0)	151	4.563479300065984	0.4691786307760345	0.4716102700229681	-0.5156035399346162
MdWfIbHtNiSoScLa	Demand	sub-47	NNLS	7	07.VentralAttentionA	(0.765625, 0.226562, 0.976562, 1.0)	151	4.563479300065984	0.3844472498984166	0.38649526140158974	-0.5298930433833015
MdWfIbHtNiSoScLa	Demand	sub-48	NNLS	7	07.VentralAttentionA	(0.765625, 0.226562, 0.976562, 1.0)	151	4.563479300065984	0.5068565390329366	0.5066334676169999	0.044030138195554146
MdWfIbHtNiSoScLa	Demand	sub-50	NNLS	7	07.VentralAttentionA	(0.765625, 0.226562, 0.976562, 1.0)	151	4.563479300065984	0.34895187329936944	0.34273554853055843	1.8137379666226132
MdWfIbHtNiSoScLa	Demand	sub-01	NNLS	8	08.VentralAttentionB	(0.996094, 0.59375, 0.832031, 1.0)	97	3.4218104804701905	0.5096813154584849	0.5074970712591079	0.43039542946678955
MdWfIbHtNiSoScLa	Demand	sub-02	NNLS	8	08.VentralAttentionB	(0.996094, 0.59375, 0.832031, 1.0)	97	3.4218104804701905	0.5285225959463079	0.5312462123361008	-0.5126843874925866
MdWfIbHtNiSoScLa	Demand	sub-05	NNLS	8	08.VentralAttentionB	(0.996094, 0.59375, 0.832031, 1.0)	97	3.4218104804701905	0.5054386680534465	0.5024864023732758	0.5875314568169338
MdWfIbHtNiSoScLa	Demand	sub-06	NNLS	8	08.VentralAttentionB	(0.996094, 0.59375, 0.832031, 1.0)	97	3.4218104804701905	0.45591412383783	0.45048708913572744	1.204703715818907
MdWfIbHtNiSoScLa	Demand	sub-07	NNLS	8	08.VentralAttentionB	(0.996094, 0.59375, 0.832031, 1.0)	97	3.4218104804701905	0.4425828752077426	0.44121407140826485	0.3102357536124799
MdWfIbHtNiSoScLa	Demand	sub-08	NNLS	8	08.VentralAttentionB	(0.996094, 0.59375, 0.832031, 1.0)	97	3.4218104804701905	0.39960303618123466	0.4006333792742617	-0.25717854435730314
MdWfIbHtNiSoScLa	Demand	sub-09	NNLS	8	08.VentralAttentionB	(0.996094, 0.59375, 0.832031, 1.0)	97	3.4218104804701905	0.5083603541546747	0.5062896357451889	0.4089987752638847
MdWfIbHtNiSoScLa	Demand	sub-10	NNLS	8	08.VentralAttentionB	(0.996094, 0.59375, 0.832031, 1.0)	97	3.4218104804701905	0.43721910472901787	0.4369685707673112	0.05733454954591392
MdWfIbHtNiSoScLa	Demand	sub-11	NNLS	8	08.VentralAttentionB	(0.996094, 0.59375, 0.832031, 1.0)	97	3.4218104804701905	0.4376751106034633	0.43549757924491744	0.5000099799225883
MdWfIbHtNiSoScLa	Demand	sub-12	NNLS	8	08.VentralAttentionB	(0.996094, 0.59375, 0.832031, 1.0)	97	3.4218104804701905	0.4312225767345351	0.4348458666370035	-0.8332354474218718
MdWfIbHtNiSoScLa	Demand	sub-15	NNLS	8	08.VentralAttentionB	(0.996094, 0.59375, 0.832031, 1.0)	97	3.4218104804701905	0.31932807108711436	0.31982342335382374	-0.15488304812539272
MdWfIbHtNiSoScLa	Demand	sub-16	NNLS	8	08.VentralAttentionB	(0.996094, 0.59375, 0.832031, 1.0)	97	3.4218104804701905	0.4039185001790621	0.40697423376181274	-0.7508420261659712
MdWfIbHtNiSoScLa	Demand	sub-17	NNLS	8	08.VentralAttentionB	(0.996094, 0.59375, 0.832031, 1.0)	97	3.4218104804701905	0.2707283661210552	0.2757429870066638	-1.8185851034852862
MdWfIbHtNiSoScLa	Demand	sub-19	NNLS	8	08.VentralAttentionB	(0.996094, 0.59375, 0.832031, 1.0)	97	3.4218104804701905	0.40027318684663316	0.40057672879320844	-0.07577623080845013
MdWfIbHtNiSoScLa	Demand	sub-20	NNLS	8	08.VentralAttentionB	(0.996094, 0.59375, 0.832031, 1.0)	97	3.4218104804701905	0.49979588294795013	0.4973366564144963	0.49447924293041046
MdWfIbHtNiSoScLa	Demand	sub-21	NNLS	8	08.VentralAttentionB	(0.996094, 0.59375, 0.832031, 1.0)	97	3.4218104804701905	0.42309107475767105	0.4225360542275521	0.1313545967417175
MdWfIbHtNiSoScLa	Demand	sub-24	NNLS	8	08.VentralAttentionB	(0.996094, 0.59375, 0.832031, 1.0)	97	3.4218104804701905	0.40470268866870807	0.40535214029945726	-0.16021911966948305
MdWfIbHtNiSoScLa	Demand	sub-25	NNLS	8	08.VentralAttentionB	(0.996094, 0.59375, 0.832031, 1.0)	97	3.4218104804701905	0.37969512802057587	0.38003743932594397	-0.09007304805948765
MdWfIbHtNiSoScLa	Demand	sub-26	NNLS	8	08.VentralAttentionB	(0.996094, 0.59375, 0.832031, 1.0)	97	3.4218104804701905	0.295177945089136	0.29490838262074853	0.09140549549386583
MdWfIbHtNiSoScLa	Demand	sub-27	NNLS	8	08.VentralAttentionB	(0.996094, 0.59375, 0.832031, 1.0)	97	3.4218104804701905	0.41272007310908504	0.41440614275588167	-0.4068640574639982
MdWfIbHtNiSoScLa	Demand	sub-29	NNLS	8	08.VentralAttentionB	(0.996094, 0.59375, 0.832031, 1.0)	97	3.4218104804701905	0.4956980626701724	0.4963867343464708	-0.13873692196973525
MdWfIbHtNiSoScLa	Demand	sub-30	NNLS	8	08.VentralAttentionB	(0.996094, 0.59375, 0.832031, 1.0)	97	3.4218104804701905	0.5232704958431278	0.5250739196288874	-0.3434609334689907
MdWfIbHtNiSoScLa	Demand	sub-31	NNLS	8	08.VentralAttentionB	(0.996094, 0.59375, 0.832031, 1.0)	97	3.4218104804701905	0.5223173430165564	0.5213374587597432	0.18795585092701825
MdWfIbHtNiSoScLa	Demand	sub-34	NNLS	8	08.VentralAttentionB	(0.996094, 0.59375, 0.832031, 1.0)	97	3.4218104804701905	0.4448852266863123	0.4426599660668382	0.5027020263987669
MdWfIbHtNiSoScLa	Demand	sub-35	NNLS	8	08.VentralAttentionB	(0.996094, 0.59375, 0.832031, 1.0)	97	3.4218104804701905	0.37682655492605605	0.3740744220831611	0.7357179963197558
MdWfIbHtNiSoScLa	Demand	sub-36	NNLS	8	08.VentralAttentionB	(0.996094, 0.59375, 0.832031, 1.0)	97	3.4218104804701905	0.41680025861619474	0.4176518172107723	-0.20389198837074282
MdWfIbHtNiSoScLa	Demand	sub-37	NNLS	8	08.VentralAttentionB	(0.996094, 0.59375, 0.832031, 1.0)	97	3.4218104804701905	0.29694386459538474	0.29319214550513656	1.2796110495335409
MdWfIbHtNiSoScLa	Demand	sub-38	NNLS	8	08.VentralAttentionB	(0.996094, 0.59375, 0.832031, 1.0)	97	3.4218104804701905	0.5605182060719807	0.5595675910260739	0.1698838641036434
MdWfIbHtNiSoScLa	Demand	sub-39	NNLS	8	08.VentralAttentionB	(0.996094, 0.59375, 0.832031, 1.0)	97	3.4218104804701905	0.4500454821399142	0.4463171092367049	0.83536410010935
MdWfIbHtNiSoScLa	Demand	sub-41	NNLS	8	08.VentralAttentionB	(0.996094, 0.59375, 0.832031, 1.0)	97	3.4218104804701905	0.38187414608472525	0.38168173787975096	0.05041063951425176
MdWfIbHtNiSoScLa	Demand	sub-43	NNLS	8	08.VentralAttentionB	(0.996094, 0.59375, 0.832031, 1.0)	97	3.4218104804701905	0.3280962067646205	0.3290425840721457	-0.28761544959108504
MdWfIbHtNiSoScLa	Demand	sub-44	NNLS	8	08.VentralAttentionB	(0.996094, 0.59375, 0.832031, 1.0)	97	3.4218104804701905	0.5065057966368662	0.5087582652284365	-0.4427384763093467
MdWfIbHtNiSoScLa	Demand	sub-45	NNLS	8	08.VentralAttentionB	(0.996094, 0.59375, 0.832031, 1.0)	97	3.4218104804701905	0.46221344180971463	0.4625314453231833	-0.068752841927638
MdWfIbHtNiSoScLa	Demand	sub-46	NNLS	8	08.VentralAttentionB	(0.996094, 0.59375, 0.832031, 1.0)	97	3.4218104804701905	0.47715848446038556	0.4716102700229681	1.1764405463747056
MdWfIbHtNiSoScLa	Demand	sub-47	NNLS	8	08.VentralAttentionB	(0.996094, 0.59375, 0.832031, 1.0)	97	3.4218104804701905	0.38609734295493925	0.38649526140158974	-0.10295558222563365
MdWfIbHtNiSoScLa	Demand	sub-48	NNLS	8	08.VentralAttentionB	(0.996094, 0.59375, 0.832031, 1.0)	97	3.4218104804701905	0.5047964042417776	0.5066334676169999	-0.3626020570380155
MdWfIbHtNiSoScLa	Demand	sub-50	NNLS	8	08.VentralAttentionB	(0.996094, 0.59375, 0.832031, 1.0)	97	3.4218104804701905	0.343373979714839	0.34273554853055843	0.18627515792213276
MdWfIbHtNiSoScLa	Demand	sub-01	NNLS	9	09.LimbicA	(0.859375, 0.96875, 0.640625, 1.0)	71	1.3073351878600186	0.5070609989875121	0.5074970712591079	-0.08592606663008105
MdWfIbHtNiSoScLa	Demand	sub-02	NNLS	9	09.LimbicA	(0.859375, 0.96875, 0.640625, 1.0)	71	1.3073351878600186	0.5315046215795464	0.5312462123361008	0.04864208674716537
MdWfIbHtNiSoScLa	Demand	sub-05	NNLS	9	09.LimbicA	(0.859375, 0.96875, 0.640625, 1.0)	71	1.3073351878600186	0.5048189982378019	0.5024864023732758	0.4642107435164521
MdWfIbHtNiSoScLa	Demand	sub-06	NNLS	9	09.LimbicA	(0.859375, 0.96875, 0.640625, 1.0)	71	1.3073351878600186	0.45004285193072613	0.45048708913572744	-0.09861263856719839
MdWfIbHtNiSoScLa	Demand	sub-07	NNLS	9	09.LimbicA	(0.859375, 0.96875, 0.640625, 1.0)	71	1.3073351878600186	0.44082085879226995	0.44121407140826485	-0.08912059734174928
MdWfIbHtNiSoScLa	Demand	sub-08	NNLS	9	09.LimbicA	(0.859375, 0.96875, 0.640625, 1.0)	71	1.3073351878600186	0.40171059341309084	0.4006333792742617	0.26887778067332097
MdWfIbHtNiSoScLa	Demand	sub-09	NNLS	9	09.LimbicA	(0.859375, 0.96875, 0.640625, 1.0)	71	1.3073351878600186	0.5059868213030395	0.5062896357451889	-0.05981051571472748
MdWfIbHtNiSoScLa	Demand	sub-10	NNLS	9	09.LimbicA	(0.859375, 0.96875, 0.640625, 1.0)	71	1.3073351878600186	0.43822624209774586	0.4369685707673112	0.2878173430702774
MdWfIbHtNiSoScLa	Demand	sub-11	NNLS	9	09.LimbicA	(0.859375, 0.96875, 0.640625, 1.0)	71	1.3073351878600186	0.43754419072278	0.43549757924491744	0.4699478425140854
MdWfIbHtNiSoScLa	Demand	sub-12	NNLS	9	09.LimbicA	(0.859375, 0.96875, 0.640625, 1.0)	71	1.3073351878600186	0.4360247434077643	0.4348458666370035	0.27110221372873966
MdWfIbHtNiSoScLa	Demand	sub-15	NNLS	9	09.LimbicA	(0.859375, 0.96875, 0.640625, 1.0)	71	1.3073351878600186	0.3203575681316979	0.31982342335382374	0.16701240086572353
MdWfIbHtNiSoScLa	Demand	sub-16	NNLS	9	09.LimbicA	(0.859375, 0.96875, 0.640625, 1.0)	71	1.3073351878600186	0.40711685291511895	0.40697423376181274	0.03504377955034897
MdWfIbHtNiSoScLa	Demand	sub-17	NNLS	9	09.LimbicA	(0.859375, 0.96875, 0.640625, 1.0)	71	1.3073351878600186	0.2771389493330354	0.2757429870066638	0.5062548794170744
MdWfIbHtNiSoScLa	Demand	sub-19	NNLS	9	09.LimbicA	(0.859375, 0.96875, 0.640625, 1.0)	71	1.3073351878600186	0.4023767579182168	0.40057672879320844	0.44935938501250544
MdWfIbHtNiSoScLa	Demand	sub-20	NNLS	9	09.LimbicA	(0.859375, 0.96875, 0.640625, 1.0)	71	1.3073351878600186	0.49788482732367384	0.4973366564144963	0.11022129619994517
MdWfIbHtNiSoScLa	Demand	sub-21	NNLS	9	09.LimbicA	(0.859375, 0.96875, 0.640625, 1.0)	71	1.3073351878600186	0.42304635050911016	0.4225360542275521	0.12076987903220714
MdWfIbHtNiSoScLa	Demand	sub-24	NNLS	9	09.LimbicA	(0.859375, 0.96875, 0.640625, 1.0)	71	1.3073351878600186	0.4059332107748261	0.40535214029945726	0.1433495515626354
MdWfIbHtNiSoScLa	Demand	sub-25	NNLS	9	09.LimbicA	(0.859375, 0.96875, 0.640625, 1.0)	71	1.3073351878600186	0.38099234563257445	0.38003743932594397	0.25126637741906493
MdWfIbHtNiSoScLa	Demand	sub-26	NNLS	9	09.LimbicA	(0.859375, 0.96875, 0.640625, 1.0)	71	1.3073351878600186	0.2954230250664945	0.29490838262074853	0.17450926324050228
MdWfIbHtNiSoScLa	Demand	sub-27	NNLS	9	09.LimbicA	(0.859375, 0.96875, 0.640625, 1.0)	71	1.3073351878600186	0.41484081597670464	0.41440614275588167	0.10489063167169914
MdWfIbHtNiSoScLa	Demand	sub-29	NNLS	9	09.LimbicA	(0.859375, 0.96875, 0.640625, 1.0)	71	1.3073351878600186	0.49665796473053614	0.4963867343464708	0.05464094128591909
MdWfIbHtNiSoScLa	Demand	sub-30	NNLS	9	09.LimbicA	(0.859375, 0.96875, 0.640625, 1.0)	71	1.3073351878600186	0.5248238499930586	0.5250739196288874	-0.04762560593477715
MdWfIbHtNiSoScLa	Demand	sub-31	NNLS	9	09.LimbicA	(0.859375, 0.96875, 0.640625, 1.0)	71	1.3073351878600186	0.5216536950891901	0.5213374587597432	0.06065866247156057
MdWfIbHtNiSoScLa	Demand	sub-34	NNLS	9	09.LimbicA	(0.859375, 0.96875, 0.640625, 1.0)	71	1.3073351878600186	0.4429675604083593	0.4426599660668382	0.0694877253649388
MdWfIbHtNiSoScLa	Demand	sub-35	NNLS	9	09.LimbicA	(0.859375, 0.96875, 0.640625, 1.0)	71	1.3073351878600186	0.374513882350842	0.3740744220831611	0.11747936820528802
MdWfIbHtNiSoScLa	Demand	sub-36	NNLS	9	09.LimbicA	(0.859375, 0.96875, 0.640625, 1.0)	71	1.3073351878600186	0.41892738174580785	0.4176518172107723	0.30541338082860436
MdWfIbHtNiSoScLa	Demand	sub-37	NNLS	9	09.LimbicA	(0.859375, 0.96875, 0.640625, 1.0)	71	1.3073351878600186	0.293344781473445	0.29319214550513656	0.052060046849301225
MdWfIbHtNiSoScLa	Demand	sub-38	NNLS	9	09.LimbicA	(0.859375, 0.96875, 0.640625, 1.0)	71	1.3073351878600186	0.5602266312603468	0.5595675910260739	0.11777669844395429
MdWfIbHtNiSoScLa	Demand	sub-39	NNLS	9	09.LimbicA	(0.859375, 0.96875, 0.640625, 1.0)	71	1.3073351878600186	0.4458067923170821	0.4463171092367049	-0.11433953775502378
MdWfIbHtNiSoScLa	Demand	sub-41	NNLS	9	09.LimbicA	(0.859375, 0.96875, 0.640625, 1.0)	71	1.3073351878600186	0.38227646155147643	0.38168173787975096	0.15581664321410113
MdWfIbHtNiSoScLa	Demand	sub-43	NNLS	9	09.LimbicA	(0.859375, 0.96875, 0.640625, 1.0)	71	1.3073351878600186	0.3297117140526353	0.3290425840721457	0.20335665135150283
MdWfIbHtNiSoScLa	Demand	sub-44	NNLS	9	09.LimbicA	(0.859375, 0.96875, 0.640625, 1.0)	71	1.3073351878600186	0.5088277910164306	0.5087582652284365	0.013665780537818188
MdWfIbHtNiSoScLa	Demand	sub-45	NNLS	9	09.LimbicA	(0.859375, 0.96875, 0.640625, 1.0)	71	1.3073351878600186	0.4620886787439471	0.4625314453231833	-0.09572680597463483
MdWfIbHtNiSoScLa	Demand	sub-46	NNLS	9	09.LimbicA	(0.859375, 0.96875, 0.640625, 1.0)	71	1.3073351878600186	0.4719516554858385	0.4716102700229681	0.07238719861926556
MdWfIbHtNiSoScLa	Demand	sub-47	NNLS	9	09.LimbicA	(0.859375, 0.96875, 0.640625, 1.0)	71	1.3073351878600186	0.3868258854012823	0.38649526140158974	0.08554412762878466
MdWfIbHtNiSoScLa	Demand	sub-48	NNLS	9	09.LimbicA	(0.859375, 0.96875, 0.640625, 1.0)	71	1.3073351878600186	0.5059428039256034	0.5066334676169999	-0.13632413481191444
MdWfIbHtNiSoScLa	Demand	sub-50	NNLS	9	09.LimbicA	(0.859375, 0.96875, 0.640625, 1.0)	71	1.3073351878600186	0.3434196226982401	0.34273554853055843	0.1995924177152253
MdWfIbHtNiSoScLa	Demand	sub-01	NNLS	10	10.LimbicB	(0.476562, 0.527344, 0.195312, 1.0)	75	9.959630742335973	0.5065875841867382	0.5074970712591079	-0.17921030955178852
MdWfIbHtNiSoScLa	Demand	sub-02	NNLS	10	10.LimbicB	(0.476562, 0.527344, 0.195312, 1.0)	75	9.959630742335973	0.5288171354298147	0.5312462123361008	-0.45724126589148084
MdWfIbHtNiSoScLa	Demand	sub-05	NNLS	10	10.LimbicB	(0.476562, 0.527344, 0.195312, 1.0)	75	9.959630742335973	0.5020018057275131	0.5024864023732758	-0.09643975309061968
MdWfIbHtNiSoScLa	Demand	sub-06	NNLS	10	10.LimbicB	(0.476562, 0.527344, 0.195312, 1.0)	75	9.959630742335973	0.4496259341203967	0.45048708913572744	-0.19116086478369224
MdWfIbHtNiSoScLa	Demand	sub-07	NNLS	10	10.LimbicB	(0.476562, 0.527344, 0.195312, 1.0)	75	9.959630742335973	0.4429002713119335	0.44121407140826485	0.3821727394791909
MdWfIbHtNiSoScLa	Demand	sub-08	NNLS	10	10.LimbicB	(0.476562, 0.527344, 0.195312, 1.0)	75	9.959630742335973	0.4012154644492417	0.4006333792742617	0.1452912326063481
MdWfIbHtNiSoScLa	Demand	sub-09	NNLS	10	10.LimbicB	(0.476562, 0.527344, 0.195312, 1.0)	75	9.959630742335973	0.5052803221199471	0.5062896357451889	-0.19935498457444092
MdWfIbHtNiSoScLa	Demand	sub-10	NNLS	10	10.LimbicB	(0.476562, 0.527344, 0.195312, 1.0)	75	9.959630742335973	0.441063263225554	0.4369685707673112	0.9370679568675981
MdWfIbHtNiSoScLa	Demand	sub-11	NNLS	10	10.LimbicB	(0.476562, 0.527344, 0.195312, 1.0)	75	9.959630742335973	0.4370535058330243	0.43549757924491744	0.35727559974147444
MdWfIbHtNiSoScLa	Demand	sub-12	NNLS	10	10.LimbicB	(0.476562, 0.527344, 0.195312, 1.0)	75	9.959630742335973	0.4347864864447812	0.4348458666370035	-0.013655457434038403
MdWfIbHtNiSoScLa	Demand	sub-15	NNLS	10	10.LimbicB	(0.476562, 0.527344, 0.195312, 1.0)	75	9.959630742335973	0.3225622147450584	0.31982342335382374	0.8563448425741857
MdWfIbHtNiSoScLa	Demand	sub-16	NNLS	10	10.LimbicB	(0.476562, 0.527344, 0.195312, 1.0)	75	9.959630742335973	0.40900472298272184	0.40697423376181274	0.4989232861600434
MdWfIbHtNiSoScLa	Demand	sub-17	NNLS	10	10.LimbicB	(0.476562, 0.527344, 0.195312, 1.0)	75	9.959630742335973	0.27712099703352977	0.2757429870066638	0.49974436043687764
MdWfIbHtNiSoScLa	Demand	sub-19	NNLS	10	10.LimbicB	(0.476562, 0.527344, 0.195312, 1.0)	75	9.959630742335973	0.4040276447163637	0.40057672879320844	0.8614868700814509
MdWfIbHtNiSoScLa	Demand	sub-20	NNLS	10	10.LimbicB	(0.476562, 0.527344, 0.195312, 1.0)	75	9.959630742335973	0.49983199204763534	0.4973366564144963	0.5017397372493967
MdWfIbHtNiSoScLa	Demand	sub-21	NNLS	10	10.LimbicB	(0.476562, 0.527344, 0.195312, 1.0)	75	9.959630742335973	0.4245061162334622	0.4225360542275521	0.46624707790004244
MdWfIbHtNiSoScLa	Demand	sub-24	NNLS	10	10.LimbicB	(0.476562, 0.527344, 0.195312, 1.0)	75	9.959630742335973	0.41025048362155614	0.40535214029945726	1.2084167900236527
MdWfIbHtNiSoScLa	Demand	sub-25	NNLS	10	10.LimbicB	(0.476562, 0.527344, 0.195312, 1.0)	75	9.959630742335973	0.38183238487415744	0.38003743932594397	0.4723075577493324
MdWfIbHtNiSoScLa	Demand	sub-26	NNLS	10	10.LimbicB	(0.476562, 0.527344, 0.195312, 1.0)	75	9.959630742335973	0.2955416272360808	0.29490838262074853	0.21472587849312288
MdWfIbHtNiSoScLa	Demand	sub-27	NNLS	10	10.LimbicB	(0.476562, 0.527344, 0.195312, 1.0)	75	9.959630742335973	0.41140004534373437	0.41440614275588167	-0.7253988544079408
MdWfIbHtNiSoScLa	Demand	sub-29	NNLS	10	10.LimbicB	(0.476562, 0.527344, 0.195312, 1.0)	75	9.959630742335973	0.49522662484951246	0.4963867343464708	-0.23371081793426585
MdWfIbHtNiSoScLa	Demand	sub-30	NNLS	10	10.LimbicB	(0.476562, 0.527344, 0.195312, 1.0)	75	9.959630742335973	0.5273547758523043	0.5250739196288874	0.43438764298728855
MdWfIbHtNiSoScLa	Demand	sub-31	NNLS	10	10.LimbicB	(0.476562, 0.527344, 0.195312, 1.0)	75	9.959630742335973	0.5217467923310282	0.5213374587597432	0.07851604836888579
MdWfIbHtNiSoScLa	Demand	sub-34	NNLS	10	10.LimbicB	(0.476562, 0.527344, 0.195312, 1.0)	75	9.959630742335973	0.4451887974844352	0.4426599660668382	0.5712808050084954
MdWfIbHtNiSoScLa	Demand	sub-35	NNLS	10	10.LimbicB	(0.476562, 0.527344, 0.195312, 1.0)	75	9.959630742335973	0.37456872124737645	0.3740744220831611	0.13213925760084472
MdWfIbHtNiSoScLa	Demand	sub-36	NNLS	10	10.LimbicB	(0.476562, 0.527344, 0.195312, 1.0)	75	9.959630742335973	0.4190407530164436	0.4176518172107723	0.3325583053719473
MdWfIbHtNiSoScLa	Demand	sub-37	NNLS	10	10.LimbicB	(0.476562, 0.527344, 0.195312, 1.0)	75	9.959630742335973	0.29618286718186365	0.29319214550513656	1.0200551831204143
MdWfIbHtNiSoScLa	Demand	sub-38	NNLS	10	10.LimbicB	(0.476562, 0.527344, 0.195312, 1.0)	75	9.959630742335973	0.5577753631663007	0.5595675910260739	-0.3202880024711197
MdWfIbHtNiSoScLa	Demand	sub-39	NNLS	10	10.LimbicB	(0.476562, 0.527344, 0.195312, 1.0)	75	9.959630742335973	0.4503359843733166	0.4463171092367049	0.9004528514456486
MdWfIbHtNiSoScLa	Demand	sub-41	NNLS	10	10.LimbicB	(0.476562, 0.527344, 0.195312, 1.0)	75	9.959630742335973	0.381609913584628	0.38168173787975096	-0.018817849531383133
MdWfIbHtNiSoScLa	Demand	sub-43	NNLS	10	10.LimbicB	(0.476562, 0.527344, 0.195312, 1.0)	75	9.959630742335973	0.3298678007599281	0.3290425840721457	0.25079327957182207
MdWfIbHtNiSoScLa	Demand	sub-44	NNLS	10	10.LimbicB	(0.476562, 0.527344, 0.195312, 1.0)	75	9.959630742335973	0.5093819621844176	0.5087582652284365	0.122592004613632
MdWfIbHtNiSoScLa	Demand	sub-45	NNLS	10	10.LimbicB	(0.476562, 0.527344, 0.195312, 1.0)	75	9.959630742335973	0.46032665862198735	0.4625314453231833	-0.4766782287970507
MdWfIbHtNiSoScLa	Demand	sub-46	NNLS	10	10.LimbicB	(0.476562, 0.527344, 0.195312, 1.0)	75	9.959630742335973	0.4785694650875123	0.4716102700229681	1.475624155556505
MdWfIbHtNiSoScLa	Demand	sub-47	NNLS	10	10.LimbicB	(0.476562, 0.527344, 0.195312, 1.0)	75	9.959630742335973	0.38689718437936227	0.38649526140158974	0.10399169612455059
MdWfIbHtNiSoScLa	Demand	sub-48	NNLS	10	10.LimbicB	(0.476562, 0.527344, 0.195312, 1.0)	75	9.959630742335973	0.5057525800601329	0.5066334676169999	-0.17387077900919864
MdWfIbHtNiSoScLa	Demand	sub-50	NNLS	10	10.LimbicB	(0.476562, 0.527344, 0.195312, 1.0)	75	9.959630742335973	0.3429160835765811	0.34273554853055843	0.052674736191413996
MdWfIbHtNiSoScLa	Demand	sub-01	NNLS	11	11.ControlC	(0.464844, 0.546875, 0.6875, 1.0)	43	1.0924545368848004	0.5065549198185578	0.5074970712591079	-0.1856466754010238
MdWfIbHtNiSoScLa	Demand	sub-02	NNLS	11	11.ControlC	(0.464844, 0.546875, 0.6875, 1.0)	43	1.0924545368848004	0.5314228976771184	0.5312462123361008	0.03325865425761844
MdWfIbHtNiSoScLa	Demand	sub-05	NNLS	11	11.ControlC	(0.464844, 0.546875, 0.6875, 1.0)	43	1.0924545368848004	0.5029995501617045	0.5024864023732758	0.10212172628056651
MdWfIbHtNiSoScLa	Demand	sub-06	NNLS	11	11.ControlC	(0.464844, 0.546875, 0.6875, 1.0)	43	1.0924545368848004	0.4506663039386218	0.45048708913572744	0.03978245042231377
MdWfIbHtNiSoScLa	Demand	sub-07	NNLS	11	11.ControlC	(0.464844, 0.546875, 0.6875, 1.0)	43	1.0924545368848004	0.44109564632596643	0.44121407140826485	-0.026840731058380533
MdWfIbHtNiSoScLa	Demand	sub-08	NNLS	11	11.ControlC	(0.464844, 0.546875, 0.6875, 1.0)	43	1.0924545368848004	0.4009733245896366	0.4006333792742617	0.0848519701455491
MdWfIbHtNiSoScLa	Demand	sub-09	NNLS	11	11.ControlC	(0.464844, 0.546875, 0.6875, 1.0)	43	1.0924545368848004	0.5073165637364597	0.5062896357451889	0.2028340931291831
MdWfIbHtNiSoScLa	Demand	sub-10	NNLS	11	11.ControlC	(0.464844, 0.546875, 0.6875, 1.0)	43	1.0924545368848004	0.4381569152011084	0.4369685707673112	0.27195192361557147
MdWfIbHtNiSoScLa	Demand	sub-11	NNLS	11	11.ControlC	(0.464844, 0.546875, 0.6875, 1.0)	43	1.0924545368848004	0.4361941802086491	0.43549757924491744	0.15995518618942392
MdWfIbHtNiSoScLa	Demand	sub-12	NNLS	11	11.ControlC	(0.464844, 0.546875, 0.6875, 1.0)	43	1.0924545368848004	0.43517005051993624	0.4348458666370035	0.07455144634118817
MdWfIbHtNiSoScLa	Demand	sub-15	NNLS	11	11.ControlC	(0.464844, 0.546875, 0.6875, 1.0)	43	1.0924545368848004	0.31950311642799456	0.31982342335382374	-0.10015117794384462
MdWfIbHtNiSoScLa	Demand	sub-16	NNLS	11	11.ControlC	(0.464844, 0.546875, 0.6875, 1.0)	43	1.0924545368848004	0.40763835465405834	0.40697423376181274	0.16318499726798108
MdWfIbHtNiSoScLa	Demand	sub-17	NNLS	11	11.ControlC	(0.464844, 0.546875, 0.6875, 1.0)	43	1.0924545368848004	0.27573418089548785	0.2757429870066638	-0.0031935938866567985
MdWfIbHtNiSoScLa	Demand	sub-19	NNLS	11	11.ControlC	(0.464844, 0.546875, 0.6875, 1.0)	43	1.0924545368848004	0.4001155863793615	0.40057672879320844	-0.11511962146083236
MdWfIbHtNiSoScLa	Demand	sub-20	NNLS	11	11.ControlC	(0.464844, 0.546875, 0.6875, 1.0)	43	1.0924545368848004	0.49685189185921175	0.4973366564144963	-0.09747211451885192
MdWfIbHtNiSoScLa	Demand	sub-21	NNLS	11	11.ControlC	(0.464844, 0.546875, 0.6875, 1.0)	43	1.0924545368848004	0.4231000596694218	0.4225360542275521	0.13348102161383907
MdWfIbHtNiSoScLa	Demand	sub-24	NNLS	11	11.ControlC	(0.464844, 0.546875, 0.6875, 1.0)	43	1.0924545368848004	0.4053629062432396	0.40535214029945726	0.0026559484241036216
MdWfIbHtNiSoScLa	Demand	sub-25	NNLS	11	11.ControlC	(0.464844, 0.546875, 0.6875, 1.0)	43	1.0924545368848004	0.37999741640525	0.38003743932594397	-0.010531309958561153
MdWfIbHtNiSoScLa	Demand	sub-26	NNLS	11	11.ControlC	(0.464844, 0.546875, 0.6875, 1.0)	43	1.0924545368848004	0.2952934276593067	0.29490838262074853	0.1305642908948275
MdWfIbHtNiSoScLa	Demand	sub-27	NNLS	11	11.ControlC	(0.464844, 0.546875, 0.6875, 1.0)	43	1.0924545368848004	0.41444011725918367	0.41440614275588167	0.008198359000198762
MdWfIbHtNiSoScLa	Demand	sub-29	NNLS	11	11.ControlC	(0.464844, 0.546875, 0.6875, 1.0)	43	1.0924545368848004	0.4967343267497422	0.4963867343464708	0.0700245150042244
MdWfIbHtNiSoScLa	Demand	sub-30	NNLS	11	11.ControlC	(0.464844, 0.546875, 0.6875, 1.0)	43	1.0924545368848004	0.5235376540851616	0.5250739196288874	-0.292580813157045
MdWfIbHtNiSoScLa	Demand	sub-31	NNLS	11	11.ControlC	(0.464844, 0.546875, 0.6875, 1.0)	43	1.0924545368848004	0.5211807274179027	0.5213374587597432	-0.030063318721320974
MdWfIbHtNiSoScLa	Demand	sub-34	NNLS	11	11.ControlC	(0.464844, 0.546875, 0.6875, 1.0)	43	1.0924545368848004	0.4429660466346211	0.4426599660668382	0.06914575322961256
MdWfIbHtNiSoScLa	Demand	sub-35	NNLS	11	11.ControlC	(0.464844, 0.546875, 0.6875, 1.0)	43	1.0924545368848004	0.37418193697355184	0.3740744220831611	0.028741577622977535
MdWfIbHtNiSoScLa	Demand	sub-36	NNLS	11	11.ControlC	(0.464844, 0.546875, 0.6875, 1.0)	43	1.0924545368848004	0.41775871851635343	0.4176518172107723	0.025595795630684325
MdWfIbHtNiSoScLa	Demand	sub-37	NNLS	11	11.ControlC	(0.464844, 0.546875, 0.6875, 1.0)	43	1.0924545368848004	0.2935210145937197	0.29319214550513656	0.11216845117612083
MdWfIbHtNiSoScLa	Demand	sub-38	NNLS	11	11.ControlC	(0.464844, 0.546875, 0.6875, 1.0)	43	1.0924545368848004	0.5599613900343449	0.5595675910260739	0.07037559261587362
MdWfIbHtNiSoScLa	Demand	sub-39	NNLS	11	11.ControlC	(0.464844, 0.546875, 0.6875, 1.0)	43	1.0924545368848004	0.4462164499752695	0.4463171092367049	-0.022553305565090272
MdWfIbHtNiSoScLa	Demand	sub-41	NNLS	11	11.ControlC	(0.464844, 0.546875, 0.6875, 1.0)	43	1.0924545368848004	0.3821568123905716	0.38168173787975096	0.12446875594826082
MdWfIbHtNiSoScLa	Demand	sub-43	NNLS	11	11.ControlC	(0.464844, 0.546875, 0.6875, 1.0)	43	1.0924545368848004	0.3300445834979795	0.3290425840721457	0.3045196805329278
MdWfIbHtNiSoScLa	Demand	sub-44	NNLS	11	11.ControlC	(0.464844, 0.546875, 0.6875, 1.0)	43	1.0924545368848004	0.5088936625517643	0.5087582652284365	0.02661329212351883
MdWfIbHtNiSoScLa	Demand	sub-45	NNLS	11	11.ControlC	(0.464844, 0.546875, 0.6875, 1.0)	43	1.0924545368848004	0.46169353211811937	0.4625314453231833	-0.1811581057972093
MdWfIbHtNiSoScLa	Demand	sub-46	NNLS	11	11.ControlC	(0.464844, 0.546875, 0.6875, 1.0)	43	1.0924545368848004	0.4714514942530765	0.4716102700229681	-0.03366673289025655
MdWfIbHtNiSoScLa	Demand	sub-47	NNLS	11	11.ControlC	(0.464844, 0.546875, 0.6875, 1.0)	43	1.0924545368848004	0.38654222458345494	0.38649526140158974	0.012151036909195952
MdWfIbHtNiSoScLa	Demand	sub-48	NNLS	11	11.ControlC	(0.464844, 0.546875, 0.6875, 1.0)	43	1.0924545368848004	0.5061944026164188	0.5066334676169999	-0.08666324446473941
MdWfIbHtNiSoScLa	Demand	sub-50	NNLS	11	11.ControlC	(0.464844, 0.546875, 0.6875, 1.0)	43	1.0924545368848004	0.3432433839543491	0.34273554853055843	0.14817121421106466
MdWfIbHtNiSoScLa	Demand	sub-01	NNLS	12	12.ControlA	(0.898438, 0.578125, 0.132812, 1.0)	109	10.25832290924693	0.4974077981006252	0.5074970712591079	-1.9880455927461997
MdWfIbHtNiSoScLa	Demand	sub-02	NNLS	12	12.ControlA	(0.898438, 0.578125, 0.132812, 1.0)	109	10.25832290924693	0.5360645938203755	0.5312462123361008	0.9069959224906988
MdWfIbHtNiSoScLa	Demand	sub-05	NNLS	12	12.ControlA	(0.898438, 0.578125, 0.132812, 1.0)	109	10.25832290924693	0.4947278287649887	0.5024864023732758	-1.5440365294747944
MdWfIbHtNiSoScLa	Demand	sub-06	NNLS	12	12.ControlA	(0.898438, 0.578125, 0.132812, 1.0)	109	10.25832290924693	0.4397945764695205	0.45048708913572744	-2.3735447527965357
MdWfIbHtNiSoScLa	Demand	sub-07	NNLS	12	12.ControlA	(0.898438, 0.578125, 0.132812, 1.0)	109	10.25832290924693	0.4363154098732819	0.44121407140826485	-1.1102686547025686
MdWfIbHtNiSoScLa	Demand	sub-08	NNLS	12	12.ControlA	(0.898438, 0.578125, 0.132812, 1.0)	109	10.25832290924693	0.39705382809785705	0.4006333792742617	-0.8934730258594287
MdWfIbHtNiSoScLa	Demand	sub-09	NNLS	12	12.ControlA	(0.898438, 0.578125, 0.132812, 1.0)	109	10.25832290924693	0.5070104893202299	0.5062896357451889	0.14237968232944911
MdWfIbHtNiSoScLa	Demand	sub-10	NNLS	12	12.ControlA	(0.898438, 0.578125, 0.132812, 1.0)	109	10.25832290924693	0.436391908919798	0.4369685707673112	-0.13196872408937646
MdWfIbHtNiSoScLa	Demand	sub-11	NNLS	12	12.ControlA	(0.898438, 0.578125, 0.132812, 1.0)	109	10.25832290924693	0.43416862241093607	0.43549757924491744	-0.30515825972800426
MdWfIbHtNiSoScLa	Demand	sub-12	NNLS	12	12.ControlA	(0.898438, 0.578125, 0.132812, 1.0)	109	10.25832290924693	0.43374264257607603	0.4348458666370035	-0.25370462169952795
MdWfIbHtNiSoScLa	Demand	sub-15	NNLS	12	12.ControlA	(0.898438, 0.578125, 0.132812, 1.0)	109	10.25832290924693	0.31586115350284594	0.31982342335382374	-1.2388929520632106
MdWfIbHtNiSoScLa	Demand	sub-16	NNLS	12	12.ControlA	(0.898438, 0.578125, 0.132812, 1.0)	109	10.25832290924693	0.40843434147915586	0.40697423376181274	0.35877153790469835
MdWfIbHtNiSoScLa	Demand	sub-17	NNLS	12	12.ControlA	(0.898438, 0.578125, 0.132812, 1.0)	109	10.25832290924693	0.2823105628285336	0.2757429870066638	2.381774380978591
MdWfIbHtNiSoScLa	Demand	sub-19	NNLS	12	12.ControlA	(0.898438, 0.578125, 0.132812, 1.0)	109	10.25832290924693	0.3953193531331471	0.40057672879320844	-1.3124515934562406
MdWfIbHtNiSoScLa	Demand	sub-20	NNLS	12	12.ControlA	(0.898438, 0.578125, 0.132812, 1.0)	109	10.25832290924693	0.4913495881063711	0.4973366564144963	-1.2038260664895404
MdWfIbHtNiSoScLa	Demand	sub-21	NNLS	12	12.ControlA	(0.898438, 0.578125, 0.132812, 1.0)	109	10.25832290924693	0.42173803306164365	0.4225360542275521	-0.18886463247907134
MdWfIbHtNiSoScLa	Demand	sub-24	NNLS	12	12.ControlA	(0.898438, 0.578125, 0.132812, 1.0)	109	10.25832290924693	0.40804044074705653	0.40535214029945726	0.663201246603327
MdWfIbHtNiSoScLa	Demand	sub-25	NNLS	12	12.ControlA	(0.898438, 0.578125, 0.132812, 1.0)	109	10.25832290924693	0.3867139138053363	0.38003743932594397	1.756793880948709
MdWfIbHtNiSoScLa	Demand	sub-26	NNLS	12	12.ControlA	(0.898438, 0.578125, 0.132812, 1.0)	109	10.25832290924693	0.2886976357042494	0.29490838262074853	-2.105991990226385
MdWfIbHtNiSoScLa	Demand	sub-27	NNLS	12	12.ControlA	(0.898438, 0.578125, 0.132812, 1.0)	109	10.25832290924693	0.40974428809619473	0.41440614275588167	-1.1249482521385166
MdWfIbHtNiSoScLa	Demand	sub-29	NNLS	12	12.ControlA	(0.898438, 0.578125, 0.132812, 1.0)	109	10.25832290924693	0.49632282434059327	0.4963867343464708	-0.01287504307738264
MdWfIbHtNiSoScLa	Demand	sub-30	NNLS	12	12.ControlA	(0.898438, 0.578125, 0.132812, 1.0)	109	10.25832290924693	0.5193204730186753	0.5250739196288874	-1.095740312959835
MdWfIbHtNiSoScLa	Demand	sub-31	NNLS	12	12.ControlA	(0.898438, 0.578125, 0.132812, 1.0)	109	10.25832290924693	0.5202097711004944	0.5213374587597432	-0.21630666285358127
MdWfIbHtNiSoScLa	Demand	sub-34	NNLS	12	12.ControlA	(0.898438, 0.578125, 0.132812, 1.0)	109	10.25832290924693	0.43073657594591314	0.4426599660668382	-2.6935776973164867
MdWfIbHtNiSoScLa	Demand	sub-35	NNLS	12	12.ControlA	(0.898438, 0.578125, 0.132812, 1.0)	109	10.25832290924693	0.36631071402883586	0.3740744220831611	-2.0754447767613695
MdWfIbHtNiSoScLa	Demand	sub-36	NNLS	12	12.ControlA	(0.898438, 0.578125, 0.132812, 1.0)	109	10.25832290924693	0.41261803231442284	0.4176518172107723	-1.2052587080709691
MdWfIbHtNiSoScLa	Demand	sub-37	NNLS	12	12.ControlA	(0.898438, 0.578125, 0.132812, 1.0)	109	10.25832290924693	0.2867385344200034	0.29319214550513656	-2.2011541523441274
MdWfIbHtNiSoScLa	Demand	sub-38	NNLS	12	12.ControlA	(0.898438, 0.578125, 0.132812, 1.0)	109	10.25832290924693	0.5549371135387224	0.5595675910260739	-0.8275099490412937
MdWfIbHtNiSoScLa	Demand	sub-39	NNLS	12	12.ControlA	(0.898438, 0.578125, 0.132812, 1.0)	109	10.25832290924693	0.43267290991999824	0.4463171092367049	-3.0570639203236243
MdWfIbHtNiSoScLa	Demand	sub-41	NNLS	12	12.ControlA	(0.898438, 0.578125, 0.132812, 1.0)	109	10.25832290924693	0.3776852593996656	0.38168173787975096	-1.0470709188985299
MdWfIbHtNiSoScLa	Demand	sub-43	NNLS	12	12.ControlA	(0.898438, 0.578125, 0.132812, 1.0)	109	10.25832290924693	0.3304547026783598	0.3290425840721457	0.4291598335808341
MdWfIbHtNiSoScLa	Demand	sub-44	NNLS	12	12.ControlA	(0.898438, 0.578125, 0.132812, 1.0)	109	10.25832290924693	0.5161389535734499	0.5087582652284365	1.450725983134522
MdWfIbHtNiSoScLa	Demand	sub-45	NNLS	12	12.ControlA	(0.898438, 0.578125, 0.132812, 1.0)	109	10.25832290924693	0.45396235064445994	0.4625314453231833	-1.8526512662800463
MdWfIbHtNiSoScLa	Demand	sub-46	NNLS	12	12.ControlA	(0.898438, 0.578125, 0.132812, 1.0)	109	10.25832290924693	0.4604168292727035	0.4716102700229681	-2.3734514411061256
MdWfIbHtNiSoScLa	Demand	sub-47	NNLS	12	12.ControlA	(0.898438, 0.578125, 0.132812, 1.0)	109	10.25832290924693	0.38645904471755194	0.38649526140158974	-0.009370537663635955
MdWfIbHtNiSoScLa	Demand	sub-48	NNLS	12	12.ControlA	(0.898438, 0.578125, 0.132812, 1.0)	109	10.25832290924693	0.5073358256613999	0.5066334676169999	0.13863238204605938
MdWfIbHtNiSoScLa	Demand	sub-50	NNLS	12	12.ControlA	(0.898438, 0.578125, 0.132812, 1.0)	109	10.25832290924693	0.33450777367309337	0.34273554853055843	-2.4006190465916823
MdWfIbHtNiSoScLa	Demand	sub-01	NNLS	13	13.ControlB	(0.527344, 0.195312, 0.289062, 1.0)	100	4.306337463511354	0.505375297259502	0.5074970712591079	-0.4180859594601676
MdWfIbHtNiSoScLa	Demand	sub-02	NNLS	13	13.ControlB	(0.527344, 0.195312, 0.289062, 1.0)	100	4.306337463511354	0.5271983443494274	0.5312462123361008	-0.7619570535615422
MdWfIbHtNiSoScLa	Demand	sub-05	NNLS	13	13.ControlB	(0.527344, 0.195312, 0.289062, 1.0)	100	4.306337463511354	0.5034053175003518	0.5024864023732758	0.18287363055714254
MdWfIbHtNiSoScLa	Demand	sub-06	NNLS	13	13.ControlB	(0.527344, 0.195312, 0.289062, 1.0)	100	4.306337463511354	0.4504094728912213	0.45048708913572744	-0.01722940487707409
MdWfIbHtNiSoScLa	Demand	sub-07	NNLS	13	13.ControlB	(0.527344, 0.195312, 0.289062, 1.0)	100	4.306337463511354	0.44020204684407815	0.44121407140826485	-0.2293726854532365
MdWfIbHtNiSoScLa	Demand	sub-08	NNLS	13	13.ControlB	(0.527344, 0.195312, 0.289062, 1.0)	100	4.306337463511354	0.3989834143685412	0.4006333792742617	-0.41183910055357253
MdWfIbHtNiSoScLa	Demand	sub-09	NNLS	13	13.ControlB	(0.527344, 0.195312, 0.289062, 1.0)	100	4.306337463511354	0.5046807399244346	0.5062896357451889	-0.31778170184863114
MdWfIbHtNiSoScLa	Demand	sub-10	NNLS	13	13.ControlB	(0.527344, 0.195312, 0.289062, 1.0)	100	4.306337463511354	0.43383100951694503	0.4369685707673112	-0.7180290437952244
MdWfIbHtNiSoScLa	Demand	sub-11	NNLS	13	13.ControlB	(0.527344, 0.195312, 0.289062, 1.0)	100	4.306337463511354	0.43702330158311614	0.43549757924491744	0.3503400273416111
MdWfIbHtNiSoScLa	Demand	sub-12	NNLS	13	13.ControlB	(0.527344, 0.195312, 0.289062, 1.0)	100	4.306337463511354	0.43086560246089695	0.4348458666370035	-0.9153275865052977
MdWfIbHtNiSoScLa	Demand	sub-15	NNLS	13	13.ControlB	(0.527344, 0.195312, 0.289062, 1.0)	100	4.306337463511354	0.31725761998900676	0.31982342335382374	-0.8022562381174985
MdWfIbHtNiSoScLa	Demand	sub-16	NNLS	13	13.ControlB	(0.527344, 0.195312, 0.289062, 1.0)	100	4.306337463511354	0.4036395928587459	0.40697423376181274	-0.8193739618952112
MdWfIbHtNiSoScLa	Demand	sub-17	NNLS	13	13.ControlB	(0.527344, 0.195312, 0.289062, 1.0)	100	4.306337463511354	0.27723935680215994	0.2757429870066638	0.5426683056349151
MdWfIbHtNiSoScLa	Demand	sub-19	NNLS	13	13.ControlB	(0.527344, 0.195312, 0.289062, 1.0)	100	4.306337463511354	0.3945792951466524	0.40057672879320844	-1.4971997161752524
MdWfIbHtNiSoScLa	Demand	sub-20	NNLS	13	13.ControlB	(0.527344, 0.195312, 0.289062, 1.0)	100	4.306337463511354	0.49446154814044085	0.4973366564144963	-0.578101018087686
MdWfIbHtNiSoScLa	Demand	sub-21	NNLS	13	13.ControlB	(0.527344, 0.195312, 0.289062, 1.0)	100	4.306337463511354	0.42524681853888047	0.4225360542275521	0.6415462737928944
MdWfIbHtNiSoScLa	Demand	sub-24	NNLS	13	13.ControlB	(0.527344, 0.195312, 0.289062, 1.0)	100	4.306337463511354	0.4028999951097366	0.40535214029945726	-0.604941961798722
MdWfIbHtNiSoScLa	Demand	sub-25	NNLS	13	13.ControlB	(0.527344, 0.195312, 0.289062, 1.0)	100	4.306337463511354	0.37997464455955815	0.38003743932594397	-0.016523310570978795
MdWfIbHtNiSoScLa	Demand	sub-26	NNLS	13	13.ControlB	(0.527344, 0.195312, 0.289062, 1.0)	100	4.306337463511354	0.2938528698472382	0.29490838262074853	-0.35791209599753376
MdWfIbHtNiSoScLa	Demand	sub-27	NNLS	13	13.ControlB	(0.527344, 0.195312, 0.289062, 1.0)	100	4.306337463511354	0.41287093526669605	0.41440614275588167	-0.370459636282462
MdWfIbHtNiSoScLa	Demand	sub-29	NNLS	13	13.ControlB	(0.527344, 0.195312, 0.289062, 1.0)	100	4.306337463511354	0.4939758605614851	0.4963867343464708	-0.4856845717603147
MdWfIbHtNiSoScLa	Demand	sub-30	NNLS	13	13.ControlB	(0.527344, 0.195312, 0.289062, 1.0)	100	4.306337463511354	0.518523303225958	0.5250739196288874	-1.2475608020217945
MdWfIbHtNiSoScLa	Demand	sub-31	NNLS	13	13.ControlB	(0.527344, 0.195312, 0.289062, 1.0)	100	4.306337463511354	0.5190445517898044	0.5213374587597432	-0.43981243461647546
MdWfIbHtNiSoScLa	Demand	sub-34	NNLS	13	13.ControlB	(0.527344, 0.195312, 0.289062, 1.0)	100	4.306337463511354	0.4446605088493856	0.4426599660668382	0.451936686374151
MdWfIbHtNiSoScLa	Demand	sub-35	NNLS	13	13.ControlB	(0.527344, 0.195312, 0.289062, 1.0)	100	4.306337463511354	0.37381520594201945	0.3740744220831611	-0.06929533960064067
MdWfIbHtNiSoScLa	Demand	sub-36	NNLS	13	13.ControlB	(0.527344, 0.195312, 0.289062, 1.0)	100	4.306337463511354	0.4142219910545948	0.4176518172107723	-0.8212166246715126
MdWfIbHtNiSoScLa	Demand	sub-37	NNLS	13	13.ControlB	(0.527344, 0.195312, 0.289062, 1.0)	100	4.306337463511354	0.2926573870114454	0.29319214550513656	-0.18239182116213917
MdWfIbHtNiSoScLa	Demand	sub-38	NNLS	13	13.ControlB	(0.527344, 0.195312, 0.289062, 1.0)	100	4.306337463511354	0.5587631179981026	0.5595675910260739	-0.1437669087475401
MdWfIbHtNiSoScLa	Demand	sub-39	NNLS	13	13.ControlB	(0.527344, 0.195312, 0.289062, 1.0)	100	4.306337463511354	0.4458221282917477	0.4463171092367049	-0.11090342151653611
MdWfIbHtNiSoScLa	Demand	sub-41	NNLS	13	13.ControlB	(0.527344, 0.195312, 0.289062, 1.0)	100	4.306337463511354	0.3807683466252848	0.38168173787975096	-0.23930703615532173
MdWfIbHtNiSoScLa	Demand	sub-43	NNLS	13	13.ControlB	(0.527344, 0.195312, 0.289062, 1.0)	100	4.306337463511354	0.32740303016546574	0.3290425840721457	-0.4982801576590103
MdWfIbHtNiSoScLa	Demand	sub-44	NNLS	13	13.ControlB	(0.527344, 0.195312, 0.289062, 1.0)	100	4.306337463511354	0.5047926422464837	0.5087582652284365	-0.7794709694145613
MdWfIbHtNiSoScLa	Demand	sub-45	NNLS	13	13.ControlB	(0.527344, 0.195312, 0.289062, 1.0)	100	4.306337463511354	0.4599898617825811	0.4625314453231833	-0.5494942162962163
MdWfIbHtNiSoScLa	Demand	sub-46	NNLS	13	13.ControlB	(0.527344, 0.195312, 0.289062, 1.0)	100	4.306337463511354	0.47438390478139714	0.4716102700229681	0.5881200929517355
MdWfIbHtNiSoScLa	Demand	sub-47	NNLS	13	13.ControlB	(0.527344, 0.195312, 0.289062, 1.0)	100	4.306337463511354	0.3857996141732032	0.38649526140158974	-0.17998855299385877
MdWfIbHtNiSoScLa	Demand	sub-48	NNLS	13	13.ControlB	(0.527344, 0.195312, 0.289062, 1.0)	100	4.306337463511354	0.5017306826672989	0.5066334676169999	-0.9677183334850946
MdWfIbHtNiSoScLa	Demand	sub-50	NNLS	13	13.ControlB	(0.527344, 0.195312, 0.289062, 1.0)	100	4.306337463511354	0.3390646878590304	0.34273554853055843	-1.071047543001148
MdWfIbHtNiSoScLa	Demand	sub-01	NNLS	14	14.TemporalParietal	(0.046875, 0.1875, 0.996094, 1.0)	66	3.8730664576844847	0.5032736783721976	0.5074970712591079	-0.83220044530149
MdWfIbHtNiSoScLa	Demand	sub-02	NNLS	14	14.TemporalParietal	(0.046875, 0.1875, 0.996094, 1.0)	66	3.8730664576844847	0.5326494913278242	0.5312462123361008	0.2641485170412148
MdWfIbHtNiSoScLa	Demand	sub-05	NNLS	14	14.TemporalParietal	(0.046875, 0.1875, 0.996094, 1.0)	66	3.8730664576844847	0.5028671361784571	0.5024864023732758	0.07576997176104709
MdWfIbHtNiSoScLa	Demand	sub-06	NNLS	14	14.TemporalParietal	(0.046875, 0.1875, 0.996094, 1.0)	66	3.8730664576844847	0.44827505424771874	0.45048708913572744	-0.49103180565120064
MdWfIbHtNiSoScLa	Demand	sub-07	NNLS	14	14.TemporalParietal	(0.046875, 0.1875, 0.996094, 1.0)	66	3.8730664576844847	0.43793404229958954	0.44121407140826485	-0.7434099049031071
MdWfIbHtNiSoScLa	Demand	sub-08	NNLS	14	14.TemporalParietal	(0.046875, 0.1875, 0.996094, 1.0)	66	3.8730664576844847	0.40099524085658955	0.4006333792742617	0.09032237478149613
MdWfIbHtNiSoScLa	Demand	sub-09	NNLS	14	14.TemporalParietal	(0.046875, 0.1875, 0.996094, 1.0)	66	3.8730664576844847	0.5057476628019256	0.5062896357451889	-0.10704800276339702
MdWfIbHtNiSoScLa	Demand	sub-10	NNLS	14	14.TemporalParietal	(0.046875, 0.1875, 0.996094, 1.0)	66	3.8730664576844847	0.43546457737434174	0.4369685707673112	-0.3441880019719676
MdWfIbHtNiSoScLa	Demand	sub-11	NNLS	14	14.TemporalParietal	(0.046875, 0.1875, 0.996094, 1.0)	66	3.8730664576844847	0.43512398047789924	0.43549757924491744	-0.08578664608560206
MdWfIbHtNiSoScLa	Demand	sub-12	NNLS	14	14.TemporalParietal	(0.046875, 0.1875, 0.996094, 1.0)	66	3.8730664576844847	0.43767510522594505	0.4348458666370035	0.6506302131424739
MdWfIbHtNiSoScLa	Demand	sub-15	NNLS	14	14.TemporalParietal	(0.046875, 0.1875, 0.996094, 1.0)	66	3.8730664576844847	0.32125304845350455	0.31982342335382374	0.4470045016368926
MdWfIbHtNiSoScLa	Demand	sub-16	NNLS	14	14.TemporalParietal	(0.046875, 0.1875, 0.996094, 1.0)	66	3.8730664576844847	0.40778006831906244	0.40697423376181274	0.1980062840345126
MdWfIbHtNiSoScLa	Demand	sub-17	NNLS	14	14.TemporalParietal	(0.046875, 0.1875, 0.996094, 1.0)	66	3.8730664576844847	0.27677118985710847	0.2757429870066638	0.3728844971204452
MdWfIbHtNiSoScLa	Demand	sub-19	NNLS	14	14.TemporalParietal	(0.046875, 0.1875, 0.996094, 1.0)	66	3.8730664576844847	0.4002780821522284	0.40057672879320844	-0.07455416640896083
MdWfIbHtNiSoScLa	Demand	sub-20	NNLS	14	14.TemporalParietal	(0.046875, 0.1875, 0.996094, 1.0)	66	3.8730664576844847	0.4937899033329169	0.4973366564144963	-0.7131493397549699
MdWfIbHtNiSoScLa	Demand	sub-21	NNLS	14	14.TemporalParietal	(0.046875, 0.1875, 0.996094, 1.0)	66	3.8730664576844847	0.41978570863551296	0.4225360542275521	-0.6509138248727905
MdWfIbHtNiSoScLa	Demand	sub-24	NNLS	14	14.TemporalParietal	(0.046875, 0.1875, 0.996094, 1.0)	66	3.8730664576844847	0.40505976326011967	0.40535214029945726	-0.0721291465543029
MdWfIbHtNiSoScLa	Demand	sub-25	NNLS	14	14.TemporalParietal	(0.046875, 0.1875, 0.996094, 1.0)	66	3.8730664576844847	0.3793861620339825	0.38003743932594397	-0.17137187670683265
MdWfIbHtNiSoScLa	Demand	sub-26	NNLS	14	14.TemporalParietal	(0.046875, 0.1875, 0.996094, 1.0)	66	3.8730664576844847	0.3038122186186539	0.29490838262074853	3.019187151880878
MdWfIbHtNiSoScLa	Demand	sub-27	NNLS	14	14.TemporalParietal	(0.046875, 0.1875, 0.996094, 1.0)	66	3.8730664576844847	0.41199705143123566	0.41440614275588167	-0.5813358143354439
MdWfIbHtNiSoScLa	Demand	sub-29	NNLS	14	14.TemporalParietal	(0.046875, 0.1875, 0.996094, 1.0)	66	3.8730664576844847	0.49573374202039616	0.4963867343464708	-0.1315491089693085
MdWfIbHtNiSoScLa	Demand	sub-30	NNLS	14	14.TemporalParietal	(0.046875, 0.1875, 0.996094, 1.0)	66	3.8730664576844847	0.5217205663454568	0.5250739196288874	-0.6386440381195563
MdWfIbHtNiSoScLa	Demand	sub-31	NNLS	14	14.TemporalParietal	(0.046875, 0.1875, 0.996094, 1.0)	66	3.8730664576844847	0.5198723996517226	0.5213374587597432	-0.281019344266188
MdWfIbHtNiSoScLa	Demand	sub-34	NNLS	14	14.TemporalParietal	(0.046875, 0.1875, 0.996094, 1.0)	66	3.8730664576844847	0.44215596637745613	0.4426599660668382	-0.11385707495987657
MdWfIbHtNiSoScLa	Demand	sub-35	NNLS	14	14.TemporalParietal	(0.046875, 0.1875, 0.996094, 1.0)	66	3.8730664576844847	0.372726296138338	0.3740744220831611	-0.3603897687833311
MdWfIbHtNiSoScLa	Demand	sub-36	NNLS	14	14.TemporalParietal	(0.046875, 0.1875, 0.996094, 1.0)	66	3.8730664576844847	0.419571383225648	0.4176518172107723	0.4596091614530116
MdWfIbHtNiSoScLa	Demand	sub-37	NNLS	14	14.TemporalParietal	(0.046875, 0.1875, 0.996094, 1.0)	66	3.8730664576844847	0.29349795573933724	0.29319214550513656	0.10430369260874987
MdWfIbHtNiSoScLa	Demand	sub-38	NNLS	14	14.TemporalParietal	(0.046875, 0.1875, 0.996094, 1.0)	66	3.8730664576844847	0.5603409278489031	0.5595675910260739	0.13820257556574111
MdWfIbHtNiSoScLa	Demand	sub-39	NNLS	14	14.TemporalParietal	(0.046875, 0.1875, 0.996094, 1.0)	66	3.8730664576844847	0.4429940102358961	0.4463171092367049	-0.7445600744484207
MdWfIbHtNiSoScLa	Demand	sub-41	NNLS	14	14.TemporalParietal	(0.046875, 0.1875, 0.996094, 1.0)	66	3.8730664576844847	0.3805154374170371	0.38168173787975096	-0.30556884099110865
MdWfIbHtNiSoScLa	Demand	sub-43	NNLS	14	14.TemporalParietal	(0.046875, 0.1875, 0.996094, 1.0)	66	3.8730664576844847	0.3274772165308372	0.3290425840721457	-0.4757340286889008
MdWfIbHtNiSoScLa	Demand	sub-44	NNLS	14	14.TemporalParietal	(0.046875, 0.1875, 0.996094, 1.0)	66	3.8730664576844847	0.5060739338040189	0.5087582652284365	-0.5276241405556941
MdWfIbHtNiSoScLa	Demand	sub-45	NNLS	14	14.TemporalParietal	(0.046875, 0.1875, 0.996094, 1.0)	66	3.8730664576844847	0.4628684724950148	0.4625314453231833	0.07286578571884841
MdWfIbHtNiSoScLa	Demand	sub-46	NNLS	14	14.TemporalParietal	(0.046875, 0.1875, 0.996094, 1.0)	66	3.8730664576844847	0.46835704088900487	0.4716102700229681	-0.6898130385932469
MdWfIbHtNiSoScLa	Demand	sub-47	NNLS	14	14.TemporalParietal	(0.046875, 0.1875, 0.996094, 1.0)	66	3.8730664576844847	0.386034112895188	0.38649526140158974	-0.11931543603650088
MdWfIbHtNiSoScLa	Demand	sub-48	NNLS	14	14.TemporalParietal	(0.046875, 0.1875, 0.996094, 1.0)	66	3.8730664576844847	0.5053351343170022	0.5066334676169999	-0.2562667851582272
MdWfIbHtNiSoScLa	Demand	sub-50	NNLS	14	14.TemporalParietal	(0.046875, 0.1875, 0.996094, 1.0)	66	3.8730664576844847	0.34888090466129884	0.34273554853055843	1.7930314369454696
MdWfIbHtNiSoScLa	Demand	sub-01	NNLS	15	15.DefaultC	(0.0, 0.0, 0.507812, 1.0)	46	0.406007977963407	0.508065414493539	0.5074970712591079	0.11198946094822658
MdWfIbHtNiSoScLa	Demand	sub-02	NNLS	15	15.DefaultC	(0.0, 0.0, 0.507812, 1.0)	46	0.406007977963407	0.5313874011806894	0.5312462123361008	0.026576913173218978
MdWfIbHtNiSoScLa	Demand	sub-05	NNLS	15	15.DefaultC	(0.0, 0.0, 0.507812, 1.0)	46	0.406007977963407	0.5019789784152507	0.5024864023732758	-0.10098262472943721
MdWfIbHtNiSoScLa	Demand	sub-06	NNLS	15	15.DefaultC	(0.0, 0.0, 0.507812, 1.0)	46	0.406007977963407	0.450783517589176	0.45048708913572744	0.06580176448947256
MdWfIbHtNiSoScLa	Demand	sub-07	NNLS	15	15.DefaultC	(0.0, 0.0, 0.507812, 1.0)	46	0.406007977963407	0.4416535790604976	0.44121407140826485	0.09961324461614633
MdWfIbHtNiSoScLa	Demand	sub-08	NNLS	15	15.DefaultC	(0.0, 0.0, 0.507812, 1.0)	46	0.406007977963407	0.3995754484561842	0.4006333792742617	-0.2640645719520169
MdWfIbHtNiSoScLa	Demand	sub-09	NNLS	15	15.DefaultC	(0.0, 0.0, 0.507812, 1.0)	46	0.406007977963407	0.5062897802337486	0.5062896357451889	2.8538715681933787e-05
MdWfIbHtNiSoScLa	Demand	sub-10	NNLS	15	15.DefaultC	(0.0, 0.0, 0.507812, 1.0)	46	0.406007977963407	0.43685407364386775	0.4369685707673112	-0.026202599249280874
MdWfIbHtNiSoScLa	Demand	sub-11	NNLS	15	15.DefaultC	(0.0, 0.0, 0.507812, 1.0)	46	0.406007977963407	0.43511688333237003	0.43549757924491744	-0.08741630968591795
MdWfIbHtNiSoScLa	Demand	sub-12	NNLS	15	15.DefaultC	(0.0, 0.0, 0.507812, 1.0)	46	0.406007977963407	0.4346285941463677	0.4348458666370035	-0.049965403216577664
MdWfIbHtNiSoScLa	Demand	sub-15	NNLS	15	15.DefaultC	(0.0, 0.0, 0.507812, 1.0)	46	0.406007977963407	0.319741890223184	0.31982342335382374	-0.02549317050788456
MdWfIbHtNiSoScLa	Demand	sub-16	NNLS	15	15.DefaultC	(0.0, 0.0, 0.507812, 1.0)	46	0.406007977963407	0.40645227281185586	0.40697423376181274	-0.12825405312080856
MdWfIbHtNiSoScLa	Demand	sub-17	NNLS	15	15.DefaultC	(0.0, 0.0, 0.507812, 1.0)	46	0.406007977963407	0.27527400554329307	0.2757429870066638	-0.17007919891698875
MdWfIbHtNiSoScLa	Demand	sub-19	NNLS	15	15.DefaultC	(0.0, 0.0, 0.507812, 1.0)	46	0.406007977963407	0.40022241257638325	0.40057672879320844	-0.08845152285621175
MdWfIbHtNiSoScLa	Demand	sub-20	NNLS	15	15.DefaultC	(0.0, 0.0, 0.507812, 1.0)	46	0.406007977963407	0.49749856595022485	0.4973366564144963	0.03255531914655253
MdWfIbHtNiSoScLa	Demand	sub-21	NNLS	15	15.DefaultC	(0.0, 0.0, 0.507812, 1.0)	46	0.406007977963407	0.42243406072362083	0.4225360542275521	-0.024138414440800605
MdWfIbHtNiSoScLa	Demand	sub-24	NNLS	15	15.DefaultC	(0.0, 0.0, 0.507812, 1.0)	46	0.406007977963407	0.4052980111010668	0.40535214029945726	-0.013353623432331253
MdWfIbHtNiSoScLa	Demand	sub-25	NNLS	15	15.DefaultC	(0.0, 0.0, 0.507812, 1.0)	46	0.406007977963407	0.37955555651404554	0.38003743932594397	-0.12679877349797988
MdWfIbHtNiSoScLa	Demand	sub-26	NNLS	15	15.DefaultC	(0.0, 0.0, 0.507812, 1.0)	46	0.406007977963407	0.2949015076298136	0.29490838262074853	-0.002331229405498618
MdWfIbHtNiSoScLa	Demand	sub-27	NNLS	15	15.DefaultC	(0.0, 0.0, 0.507812, 1.0)	46	0.406007977963407	0.41446083550549734	0.41440614275588167	0.013197861704450788
MdWfIbHtNiSoScLa	Demand	sub-29	NNLS	15	15.DefaultC	(0.0, 0.0, 0.507812, 1.0)	46	0.406007977963407	0.49644529916388813	0.4963867343464708	0.011798223716522975
MdWfIbHtNiSoScLa	Demand	sub-30	NNLS	15	15.DefaultC	(0.0, 0.0, 0.507812, 1.0)	46	0.406007977963407	0.5248747744389083	0.5250739196288874	-0.03792707703323979
MdWfIbHtNiSoScLa	Demand	sub-31	NNLS	15	15.DefaultC	(0.0, 0.0, 0.507812, 1.0)	46	0.406007977963407	0.5215168561255326	0.5213374587597432	0.03441098712072175
MdWfIbHtNiSoScLa	Demand	sub-34	NNLS	15	15.DefaultC	(0.0, 0.0, 0.507812, 1.0)	46	0.406007977963407	0.4425549147345344	0.4426599660668382	-0.023731834897388556
MdWfIbHtNiSoScLa	Demand	sub-35	NNLS	15	15.DefaultC	(0.0, 0.0, 0.507812, 1.0)	46	0.406007977963407	0.37426046197169827	0.3740744220831611	0.049733389281505225
MdWfIbHtNiSoScLa	Demand	sub-36	NNLS	15	15.DefaultC	(0.0, 0.0, 0.507812, 1.0)	46	0.406007977963407	0.41680450767795746	0.4176518172107723	-0.20287461897651998
MdWfIbHtNiSoScLa	Demand	sub-37	NNLS	15	15.DefaultC	(0.0, 0.0, 0.507812, 1.0)	46	0.406007977963407	0.2944286423938017	0.29319214550513656	0.42173602111160735
MdWfIbHtNiSoScLa	Demand	sub-38	NNLS	15	15.DefaultC	(0.0, 0.0, 0.507812, 1.0)	46	0.406007977963407	0.5591131626350138	0.5595675910260739	-0.08121063448775766
MdWfIbHtNiSoScLa	Demand	sub-39	NNLS	15	15.DefaultC	(0.0, 0.0, 0.507812, 1.0)	46	0.406007977963407	0.446396011734798	0.4463171092367049	0.017678573476154272
MdWfIbHtNiSoScLa	Demand	sub-41	NNLS	15	15.DefaultC	(0.0, 0.0, 0.507812, 1.0)	46	0.406007977963407	0.3820175469324781	0.38168173787975096	0.08798143044321327
MdWfIbHtNiSoScLa	Demand	sub-43	NNLS	15	15.DefaultC	(0.0, 0.0, 0.507812, 1.0)	46	0.406007977963407	0.32856687483954045	0.3290425840721457	-0.14457375903082365
MdWfIbHtNiSoScLa	Demand	sub-44	NNLS	15	15.DefaultC	(0.0, 0.0, 0.507812, 1.0)	46	0.406007977963407	0.5087872642469766	0.5087582652284365	0.005699960181899478
MdWfIbHtNiSoScLa	Demand	sub-45	NNLS	15	15.DefaultC	(0.0, 0.0, 0.507812, 1.0)	46	0.406007977963407	0.4621617430157226	0.4625314453231833	-0.07993019960023999
MdWfIbHtNiSoScLa	Demand	sub-46	NNLS	15	15.DefaultC	(0.0, 0.0, 0.507812, 1.0)	46	0.406007977963407	0.471396435840153	0.4716102700229681	-0.04534129055431855
MdWfIbHtNiSoScLa	Demand	sub-47	NNLS	15	15.DefaultC	(0.0, 0.0, 0.507812, 1.0)	46	0.406007977963407	0.38561046749451405	0.38649526140158974	-0.2289274915990077
MdWfIbHtNiSoScLa	Demand	sub-48	NNLS	15	15.DefaultC	(0.0, 0.0, 0.507812, 1.0)	46	0.406007977963407	0.5068352265257654	0.5066334676169999	0.039823446665396264
MdWfIbHtNiSoScLa	Demand	sub-50	NNLS	15	15.DefaultC	(0.0, 0.0, 0.507812, 1.0)	46	0.406007977963407	0.34251663344445676	0.34273554853055843	-0.06387288597294394
MdWfIbHtNiSoScLa	Demand	sub-01	NNLS	16	16.DefaultA	(0.996094, 0.996094, 0.0, 1.0)	154	2.4042291880841313	0.5074510449769332	0.5074970712591079	-0.009069270500530859
MdWfIbHtNiSoScLa	Demand	sub-02	NNLS	16	16.DefaultA	(0.996094, 0.996094, 0.0, 1.0)	154	2.4042291880841313	0.5306591651164837	0.5312462123361008	-0.11050379390671408
MdWfIbHtNiSoScLa	Demand	sub-05	NNLS	16	16.DefaultA	(0.996094, 0.996094, 0.0, 1.0)	154	2.4042291880841313	0.5009380636073627	0.5024864023732758	-0.3081354557258045
MdWfIbHtNiSoScLa	Demand	sub-06	NNLS	16	16.DefaultA	(0.996094, 0.996094, 0.0, 1.0)	154	2.4042291880841313	0.45060308326759385	0.45048708913572744	0.025748602937534334
MdWfIbHtNiSoScLa	Demand	sub-07	NNLS	16	16.DefaultA	(0.996094, 0.996094, 0.0, 1.0)	154	2.4042291880841313	0.440506024126224	0.44121407140826485	-0.16047704004110358
MdWfIbHtNiSoScLa	Demand	sub-08	NNLS	16	16.DefaultA	(0.996094, 0.996094, 0.0, 1.0)	154	2.4042291880841313	0.39910976397562803	0.4006333792742617	-0.3803016367217445
MdWfIbHtNiSoScLa	Demand	sub-09	NNLS	16	16.DefaultA	(0.996094, 0.996094, 0.0, 1.0)	154	2.4042291880841313	0.5068456015006009	0.5062896357451889	0.10981179865427058
MdWfIbHtNiSoScLa	Demand	sub-10	NNLS	16	16.DefaultA	(0.996094, 0.996094, 0.0, 1.0)	154	2.4042291880841313	0.43498148829934996	0.4369685707673112	-0.4547426521939468
MdWfIbHtNiSoScLa	Demand	sub-11	NNLS	16	16.DefaultA	(0.996094, 0.996094, 0.0, 1.0)	154	2.4042291880841313	0.4332861926773337	0.43549757924491744	-0.5077838943256417
MdWfIbHtNiSoScLa	Demand	sub-12	NNLS	16	16.DefaultA	(0.996094, 0.996094, 0.0, 1.0)	154	2.4042291880841313	0.43337356322081555	0.4348458666370035	-0.338580524537206
MdWfIbHtNiSoScLa	Demand	sub-15	NNLS	16	16.DefaultA	(0.996094, 0.996094, 0.0, 1.0)	154	2.4042291880841313	0.3201450548635014	0.31982342335382374	0.10056533893136833
MdWfIbHtNiSoScLa	Demand	sub-16	NNLS	16	16.DefaultA	(0.996094, 0.996094, 0.0, 1.0)	154	2.4042291880841313	0.40610766889778216	0.40697423376181274	-0.21292868003475432
MdWfIbHtNiSoScLa	Demand	sub-17	NNLS	16	16.DefaultA	(0.996094, 0.996094, 0.0, 1.0)	154	2.4042291880841313	0.2748308314914419	0.2757429870066638	-0.3307991710410561
MdWfIbHtNiSoScLa	Demand	sub-19	NNLS	16	16.DefaultA	(0.996094, 0.996094, 0.0, 1.0)	154	2.4042291880841313	0.3978481931814444	0.40057672879320844	-0.6811518032972467
MdWfIbHtNiSoScLa	Demand	sub-20	NNLS	16	16.DefaultA	(0.996094, 0.996094, 0.0, 1.0)	154	2.4042291880841313	0.49550235541380716	0.4973366564144963	-0.3688248145458211
MdWfIbHtNiSoScLa	Demand	sub-21	NNLS	16	16.DefaultA	(0.996094, 0.996094, 0.0, 1.0)	154	2.4042291880841313	0.4207718641784776	0.4225360542275521	-0.41752414531811305
MdWfIbHtNiSoScLa	Demand	sub-24	NNLS	16	16.DefaultA	(0.996094, 0.996094, 0.0, 1.0)	154	2.4042291880841313	0.40511036630778813	0.40535214029945726	-0.059645421260271086
MdWfIbHtNiSoScLa	Demand	sub-25	NNLS	16	16.DefaultA	(0.996094, 0.996094, 0.0, 1.0)	154	2.4042291880841313	0.3803353869291473	0.38003743932594397	0.07839953972213845
MdWfIbHtNiSoScLa	Demand	sub-26	NNLS	16	16.DefaultA	(0.996094, 0.996094, 0.0, 1.0)	154	2.4042291880841313	0.2965425192940639	0.29490838262074853	0.5541167256058814
MdWfIbHtNiSoScLa	Demand	sub-27	NNLS	16	16.DefaultA	(0.996094, 0.996094, 0.0, 1.0)	154	2.4042291880841313	0.4122000434682235	0.41440614275588167	-0.5323519755250734
MdWfIbHtNiSoScLa	Demand	sub-29	NNLS	16	16.DefaultA	(0.996094, 0.996094, 0.0, 1.0)	154	2.4042291880841313	0.4944805061706641	0.4963867343464708	-0.3840207733021714
MdWfIbHtNiSoScLa	Demand	sub-30	NNLS	16	16.DefaultA	(0.996094, 0.996094, 0.0, 1.0)	154	2.4042291880841313	0.5232355926111906	0.5250739196288874	-0.3501082321887388
MdWfIbHtNiSoScLa	Demand	sub-31	NNLS	16	16.DefaultA	(0.996094, 0.996094, 0.0, 1.0)	154	2.4042291880841313	0.5212198602214546	0.5213374587597432	-0.022557085878386375
MdWfIbHtNiSoScLa	Demand	sub-34	NNLS	16	16.DefaultA	(0.996094, 0.996094, 0.0, 1.0)	154	2.4042291880841313	0.44000066512388897	0.4426599660668382	-0.6007547885068324
MdWfIbHtNiSoScLa	Demand	sub-35	NNLS	16	16.DefaultA	(0.996094, 0.996094, 0.0, 1.0)	154	2.4042291880841313	0.37109411432273615	0.3740744220831611	-0.7967151947540545
MdWfIbHtNiSoScLa	Demand	sub-36	NNLS	16	16.DefaultA	(0.996094, 0.996094, 0.0, 1.0)	154	2.4042291880841313	0.4169727952313619	0.4176518172107723	-0.16258087512828132
MdWfIbHtNiSoScLa	Demand	sub-37	NNLS	16	16.DefaultA	(0.996094, 0.996094, 0.0, 1.0)	154	2.4042291880841313	0.2907257979147695	0.29319214550513656	-0.8412052055889265
MdWfIbHtNiSoScLa	Demand	sub-38	NNLS	16	16.DefaultA	(0.996094, 0.996094, 0.0, 1.0)	154	2.4042291880841313	0.5595756584445671	0.5595675910260739	0.0014417236849702825
MdWfIbHtNiSoScLa	Demand	sub-39	NNLS	16	16.DefaultA	(0.996094, 0.996094, 0.0, 1.0)	154	2.4042291880841313	0.4444783703389551	0.4463171092367049	-0.4119803744235688
MdWfIbHtNiSoScLa	Demand	sub-41	NNLS	16	16.DefaultA	(0.996094, 0.996094, 0.0, 1.0)	154	2.4042291880841313	0.3795586187149664	0.38168173787975096	-0.5562537984076857
MdWfIbHtNiSoScLa	Demand	sub-43	NNLS	16	16.DefaultA	(0.996094, 0.996094, 0.0, 1.0)	154	2.4042291880841313	0.3273553775351795	0.3290425840721457	-0.512762365310216
MdWfIbHtNiSoScLa	Demand	sub-44	NNLS	16	16.DefaultA	(0.996094, 0.996094, 0.0, 1.0)	154	2.4042291880841313	0.5084638031109255	0.5087582652284365	-0.05787859139324743
MdWfIbHtNiSoScLa	Demand	sub-45	NNLS	16	16.DefaultA	(0.996094, 0.996094, 0.0, 1.0)	154	2.4042291880841313	0.4624817710843712	0.4625314453231833	-0.010739645772056002
MdWfIbHtNiSoScLa	Demand	sub-46	NNLS	16	16.DefaultA	(0.996094, 0.996094, 0.0, 1.0)	154	2.4042291880841313	0.471364310974393	0.4716102700229681	-0.05215303062910985
MdWfIbHtNiSoScLa	Demand	sub-47	NNLS	16	16.DefaultA	(0.996094, 0.996094, 0.0, 1.0)	154	2.4042291880841313	0.38573169147524317	0.38649526140158974	-0.19756255835519382
MdWfIbHtNiSoScLa	Demand	sub-48	NNLS	16	16.DefaultA	(0.996094, 0.996094, 0.0, 1.0)	154	2.4042291880841313	0.5057528703026514	0.5066334676169999	-0.17381349054781278
MdWfIbHtNiSoScLa	Demand	sub-50	NNLS	16	16.DefaultA	(0.996094, 0.996094, 0.0, 1.0)	154	2.4042291880841313	0.33982826383867953	0.34273554853055843	-0.8482588702407923
MdWfIbHtNiSoScLa	Demand	sub-01	NNLS	17	17.DefaultB	(0.800781, 0.242188, 0.304688, 1.0)	148	5.650547392232549	0.5092601826881168	0.5074970712591079	0.3474131239091807
MdWfIbHtNiSoScLa	Demand	sub-02	NNLS	17	17.DefaultB	(0.800781, 0.242188, 0.304688, 1.0)	148	5.650547392232549	0.528336390790077	0.5312462123361008	-0.5477350197431383
MdWfIbHtNiSoScLa	Demand	sub-05	NNLS	17	17.DefaultB	(0.800781, 0.242188, 0.304688, 1.0)	148	5.650547392232549	0.4982203977954134	0.5024864023732758	-0.8489791082333371
MdWfIbHtNiSoScLa	Demand	sub-06	NNLS	17	17.DefaultB	(0.800781, 0.242188, 0.304688, 1.0)	148	5.650547392232549	0.4478431222029426	0.45048708913572744	-0.5869129208247398
MdWfIbHtNiSoScLa	Demand	sub-07	NNLS	17	17.DefaultB	(0.800781, 0.242188, 0.304688, 1.0)	148	5.650547392232549	0.44059958547564754	0.44121407140826485	-0.13927160814613224
MdWfIbHtNiSoScLa	Demand	sub-08	NNLS	17	17.DefaultB	(0.800781, 0.242188, 0.304688, 1.0)	148	5.650547392232549	0.4007203896697987	0.4006333792742617	0.0217182092252681
MdWfIbHtNiSoScLa	Demand	sub-09	NNLS	17	17.DefaultB	(0.800781, 0.242188, 0.304688, 1.0)	148	5.650547392232549	0.500660054419793	0.5062896357451889	-1.111929008206924
MdWfIbHtNiSoScLa	Demand	sub-10	NNLS	17	17.DefaultB	(0.800781, 0.242188, 0.304688, 1.0)	148	5.650547392232549	0.4322388445987695	0.4369685707673112	-1.0823950473683694
MdWfIbHtNiSoScLa	Demand	sub-11	NNLS	17	17.DefaultB	(0.800781, 0.242188, 0.304688, 1.0)	148	5.650547392232549	0.42855016603800355	0.43549757924491744	-1.595281704885612
MdWfIbHtNiSoScLa	Demand	sub-12	NNLS	17	17.DefaultB	(0.800781, 0.242188, 0.304688, 1.0)	148	5.650547392232549	0.4292232379365799	0.4348458666370035	-1.293016475908503
MdWfIbHtNiSoScLa	Demand	sub-15	NNLS	17	17.DefaultB	(0.800781, 0.242188, 0.304688, 1.0)	148	5.650547392232549	0.3158452891369642	0.31982342335382374	-1.2438533035332136
MdWfIbHtNiSoScLa	Demand	sub-16	NNLS	17	17.DefaultB	(0.800781, 0.242188, 0.304688, 1.0)	148	5.650547392232549	0.40149214538895445	0.40697423376181274	-1.3470357379103177
MdWfIbHtNiSoScLa	Demand	sub-17	NNLS	17	17.DefaultB	(0.800781, 0.242188, 0.304688, 1.0)	148	5.650547392232549	0.2701810659068036	0.2757429870066638	-2.0170671102963675
MdWfIbHtNiSoScLa	Demand	sub-19	NNLS	17	17.DefaultB	(0.800781, 0.242188, 0.304688, 1.0)	148	5.650547392232549	0.3991876006389293	0.40057672879320844	-0.34678204060033613
MdWfIbHtNiSoScLa	Demand	sub-20	NNLS	17	17.DefaultB	(0.800781, 0.242188, 0.304688, 1.0)	148	5.650547392232549	0.5015959563099666	0.4973366564144963	0.8564218704845297
MdWfIbHtNiSoScLa	Demand	sub-21	NNLS	17	17.DefaultB	(0.800781, 0.242188, 0.304688, 1.0)	148	5.650547392232549	0.4185155675122817	0.4225360542275521	-0.9515132910066889
MdWfIbHtNiSoScLa	Demand	sub-24	NNLS	17	17.DefaultB	(0.800781, 0.242188, 0.304688, 1.0)	148	5.650547392232549	0.4018815067867024	0.40535214029945726	-0.8562020938611253
MdWfIbHtNiSoScLa	Demand	sub-25	NNLS	17	17.DefaultB	(0.800781, 0.242188, 0.304688, 1.0)	148	5.650547392232549	0.3753715791131867	0.38003743932594397	-1.2277369885011626
MdWfIbHtNiSoScLa	Demand	sub-26	NNLS	17	17.DefaultB	(0.800781, 0.242188, 0.304688, 1.0)	148	5.650547392232549	0.2768429619588376	0.29490838262074853	-6.125773876405202
MdWfIbHtNiSoScLa	Demand	sub-27	NNLS	17	17.DefaultB	(0.800781, 0.242188, 0.304688, 1.0)	148	5.650547392232549	0.41433111696626207	0.41440614275588167	-0.018104410596006645
MdWfIbHtNiSoScLa	Demand	sub-29	NNLS	17	17.DefaultB	(0.800781, 0.242188, 0.304688, 1.0)	148	5.650547392232549	0.4978725978656405	0.4963867343464708	0.2993358638251948
MdWfIbHtNiSoScLa	Demand	sub-30	NNLS	17	17.DefaultB	(0.800781, 0.242188, 0.304688, 1.0)	148	5.650547392232549	0.533317159010027	0.5250739196288874	1.569919790905964
MdWfIbHtNiSoScLa	Demand	sub-31	NNLS	17	17.DefaultB	(0.800781, 0.242188, 0.304688, 1.0)	148	5.650547392232549	0.5150919598779119	0.5213374587597432	-1.19797623916941
MdWfIbHtNiSoScLa	Demand	sub-34	NNLS	17	17.DefaultB	(0.800781, 0.242188, 0.304688, 1.0)	148	5.650547392232549	0.4419541314698318	0.4426599660668382	-0.15945300029680784
MdWfIbHtNiSoScLa	Demand	sub-35	NNLS	17	17.DefaultB	(0.800781, 0.242188, 0.304688, 1.0)	148	5.650547392232549	0.3738649128970227	0.3740744220831611	-0.05600735409057258
MdWfIbHtNiSoScLa	Demand	sub-36	NNLS	17	17.DefaultB	(0.800781, 0.242188, 0.304688, 1.0)	148	5.650547392232549	0.41736166816725473	0.4176518172107723	-0.06947151468304734
MdWfIbHtNiSoScLa	Demand	sub-37	NNLS	17	17.DefaultB	(0.800781, 0.242188, 0.304688, 1.0)	148	5.650547392232549	0.29169689720231745	0.29319214550513656	-0.5099892086955351
MdWfIbHtNiSoScLa	Demand	sub-38	NNLS	17	17.DefaultB	(0.800781, 0.242188, 0.304688, 1.0)	148	5.650547392232549	0.5544953879885338	0.5595675910260739	-0.9064504661964479
MdWfIbHtNiSoScLa	Demand	sub-39	NNLS	17	17.DefaultB	(0.800781, 0.242188, 0.304688, 1.0)	148	5.650547392232549	0.4473825222610809	0.4463171092367049	0.23871211798222092
MdWfIbHtNiSoScLa	Demand	sub-41	NNLS	17	17.DefaultB	(0.800781, 0.242188, 0.304688, 1.0)	148	5.650547392232549	0.37618587516388485	0.38168173787975096	-1.4399071714553922
MdWfIbHtNiSoScLa	Demand	sub-43	NNLS	17	17.DefaultB	(0.800781, 0.242188, 0.304688, 1.0)	148	5.650547392232549	0.328893652041561	0.3290425840721457	-0.04526223589103506
MdWfIbHtNiSoScLa	Demand	sub-44	NNLS	17	17.DefaultB	(0.800781, 0.242188, 0.304688, 1.0)	148	5.650547392232549	0.5094976690430844	0.5087582652284365	0.14533499801047525
MdWfIbHtNiSoScLa	Demand	sub-45	NNLS	17	17.DefaultB	(0.800781, 0.242188, 0.304688, 1.0)	148	5.650547392232549	0.45967466284843733	0.4625314453231833	-0.6176407039201097
MdWfIbHtNiSoScLa	Demand	sub-46	NNLS	17	17.DefaultB	(0.800781, 0.242188, 0.304688, 1.0)	148	5.650547392232549	0.47108038171179545	0.4716102700229681	-0.1123572459833987
MdWfIbHtNiSoScLa	Demand	sub-47	NNLS	17	17.DefaultB	(0.800781, 0.242188, 0.304688, 1.0)	148	5.650547392232549	0.3828812372898485	0.38649526140158974	-0.9350759175249116
MdWfIbHtNiSoScLa	Demand	sub-48	NNLS	17	17.DefaultB	(0.800781, 0.242188, 0.304688, 1.0)	148	5.650547392232549	0.507705272237597	0.5066334676169999	0.21155424761779384
MdWfIbHtNiSoScLa	Demand	sub-50	NNLS	17	17.DefaultB	(0.800781, 0.242188, 0.304688, 1.0)	148	5.650547392232549	0.3364664790044246	0.34273554853055843	-1.8291273120082745
MdWfIbDeNiSoScLa	HCPur100	sub-101309	NNLS	1	01.VisualA	(0.46875, 0.070312, 0.523438, 1.0)	125	4.157057257164389	0.050107931355463334	0.0494946521981851	1.2390816584033324
MdWfIbDeNiSoScLa	HCPur100	sub-103111	NNLS	1	01.VisualA	(0.46875, 0.070312, 0.523438, 1.0)	125	4.157057257164389	0.17439546021237498	0.17548274049890636	-0.6195938605928907
MdWfIbDeNiSoScLa	HCPur100	sub-103414	NNLS	1	01.VisualA	(0.46875, 0.070312, 0.523438, 1.0)	125	4.157057257164389	0.24521716024956264	0.24610675657567527	-0.3614676567561394
MdWfIbDeNiSoScLa	HCPur100	sub-103818	NNLS	1	01.VisualA	(0.46875, 0.070312, 0.523438, 1.0)	125	4.157057257164389	0.1733574861024872	0.17429667486761086	-0.5388449124672278
MdWfIbDeNiSoScLa	HCPur100	sub-105014	NNLS	1	01.VisualA	(0.46875, 0.070312, 0.523438, 1.0)	125	4.157057257164389	0.12740012533283937	0.12323949865903995	3.3760496586491313
MdWfIbDeNiSoScLa	HCPur100	sub-105115	NNLS	1	01.VisualA	(0.46875, 0.070312, 0.523438, 1.0)	125	4.157057257164389	0.16315132908246577	0.16259571654819466	0.3417141275713881
MdWfIbDeNiSoScLa	HCPur100	sub-110411	NNLS	1	01.VisualA	(0.46875, 0.070312, 0.523438, 1.0)	125	4.157057257164389	0.09846101710046637	0.09817800460902436	0.2882646602658669
MdWfIbDeNiSoScLa	HCPur100	sub-117122	NNLS	1	01.VisualA	(0.46875, 0.070312, 0.523438, 1.0)	125	4.157057257164389	0.2039983119791251	0.20725364529241755	-1.5707001479754161
MdWfIbDeNiSoScLa	HCPur100	sub-118730	NNLS	1	01.VisualA	(0.46875, 0.070312, 0.523438, 1.0)	125	4.157057257164389	0.16968755249233414	0.16824410015024868	0.8579512391794984
MdWfIbDeNiSoScLa	HCPur100	sub-123117	NNLS	1	01.VisualA	(0.46875, 0.070312, 0.523438, 1.0)	125	4.157057257164389	0.1631743571924945	0.16502918345304854	-1.1239383372951925
MdWfIbDeNiSoScLa	HCPur100	sub-124422	NNLS	1	01.VisualA	(0.46875, 0.070312, 0.523438, 1.0)	125	4.157057257164389	0.1792008986231265	0.18176689155009862	-1.4116943438320766
MdWfIbDeNiSoScLa	HCPur100	sub-127630	NNLS	1	01.VisualA	(0.46875, 0.070312, 0.523438, 1.0)	125	4.157057257164389	0.16985067075025756	0.17229458758895783	-1.418452473115815
MdWfIbDeNiSoScLa	HCPur100	sub-128632	NNLS	1	01.VisualA	(0.46875, 0.070312, 0.523438, 1.0)	125	4.157057257164389	0.19091189350370422	0.1895573483372452	0.7145833059708812
MdWfIbDeNiSoScLa	HCPur100	sub-130013	NNLS	1	01.VisualA	(0.46875, 0.070312, 0.523438, 1.0)	125	4.157057257164389	0.21978619861141435	0.22329373145215037	-1.5708156328103844
MdWfIbDeNiSoScLa	HCPur100	sub-130316	NNLS	1	01.VisualA	(0.46875, 0.070312, 0.523438, 1.0)	125	4.157057257164389	0.13739989337013594	0.14080050547223483	-2.4151987883093686
MdWfIbDeNiSoScLa	HCPur100	sub-131217	NNLS	1	01.VisualA	(0.46875, 0.070312, 0.523438, 1.0)	125	4.157057257164389	0.19375399357705064	0.1944347795467546	-0.35013590227577607
MdWfIbDeNiSoScLa	HCPur100	sub-153025	NNLS	1	01.VisualA	(0.46875, 0.070312, 0.523438, 1.0)	125	4.157057257164389	0.2791810374652187	0.27884184880287627	0.1216419500152698
MdWfIbDeNiSoScLa	HCPur100	sub-154734	NNLS	1	01.VisualA	(0.46875, 0.070312, 0.523438, 1.0)	125	4.157057257164389	0.20523112433872875	0.20425780203606414	0.47651658490516935
MdWfIbDeNiSoScLa	HCPur100	sub-156637	NNLS	1	01.VisualA	(0.46875, 0.070312, 0.523438, 1.0)	125	4.157057257164389	0.08163315411175505	0.08285140964109254	-1.4704101410161923
MdWfIbDeNiSoScLa	HCPur100	sub-159340	NNLS	1	01.VisualA	(0.46875, 0.070312, 0.523438, 1.0)	125	4.157057257164389	0.23349236674399423	0.2338336846521734	-0.14596609923283177
MdWfIbDeNiSoScLa	HCPur100	sub-160123	NNLS	1	01.VisualA	(0.46875, 0.070312, 0.523438, 1.0)	125	4.157057257164389	0.18496116711027719	0.18523827697045683	-0.1495964358510217
MdWfIbDeNiSoScLa	HCPur100	sub-161731	NNLS	1	01.VisualA	(0.46875, 0.070312, 0.523438, 1.0)	125	4.157057257164389	0.25594246061640763	0.25539493586712825	0.21438355753625335
MdWfIbDeNiSoScLa	HCPur100	sub-162733	NNLS	1	01.VisualA	(0.46875, 0.070312, 0.523438, 1.0)	125	4.157057257164389	0.18583547216995347	0.18436778933079379	0.7960625033727332
MdWfIbDeNiSoScLa	HCPur100	sub-163129	NNLS	1	01.VisualA	(0.46875, 0.070312, 0.523438, 1.0)	125	4.157057257164389	0.28059650136239145	0.2825339110945543	-0.6857264406446586
MdWfIbDeNiSoScLa	HCPur100	sub-178950	NNLS	1	01.VisualA	(0.46875, 0.070312, 0.523438, 1.0)	125	4.157057257164389	0.1678219752769673	0.1689685412027811	-0.6785676893770396
MdWfIbDeNiSoScLa	HCPur100	sub-188347	NNLS	1	01.VisualA	(0.46875, 0.070312, 0.523438, 1.0)	125	4.157057257164389	0.2856818559623991	0.286038765540971	-0.1247766462342695
MdWfIbDeNiSoScLa	HCPur100	sub-189450	NNLS	1	01.VisualA	(0.46875, 0.070312, 0.523438, 1.0)	125	4.157057257164389	0.1469047617365405	0.1479109837680173	-0.6802889182692307
MdWfIbDeNiSoScLa	HCPur100	sub-190031	NNLS	1	01.VisualA	(0.46875, 0.070312, 0.523438, 1.0)	125	4.157057257164389	0.18435173308637356	0.18635813902531742	-1.0766398234269117
MdWfIbDeNiSoScLa	HCPur100	sub-196750	NNLS	1	01.VisualA	(0.46875, 0.070312, 0.523438, 1.0)	125	4.157057257164389	0.2176993022452904	0.2171086520333398	0.2720528207507456
MdWfIbDeNiSoScLa	HCPur100	sub-198451	NNLS	1	01.VisualA	(0.46875, 0.070312, 0.523438, 1.0)	125	4.157057257164389	0.06556385927580773	0.06695721130567817	-2.0809588731367605
MdWfIbDeNiSoScLa	HCPur100	sub-199655	NNLS	1	01.VisualA	(0.46875, 0.070312, 0.523438, 1.0)	125	4.157057257164389	0.1780844427115521	0.18161736566788042	-1.9452561396518064
MdWfIbDeNiSoScLa	HCPur100	sub-201111	NNLS	1	01.VisualA	(0.46875, 0.070312, 0.523438, 1.0)	125	4.157057257164389	0.12315831372252359	0.12468109738561882	-1.2213428458890632
MdWfIbDeNiSoScLa	HCPur100	sub-208226	NNLS	1	01.VisualA	(0.46875, 0.070312, 0.523438, 1.0)	125	4.157057257164389	0.10561852492660297	0.10383802588588399	1.714688839207815
MdWfIbDeNiSoScLa	HCPur100	sub-211417	NNLS	1	01.VisualA	(0.46875, 0.070312, 0.523438, 1.0)	125	4.157057257164389	0.15764298498499504	0.16275565523196112	-3.1413164966092513
MdWfIbDeNiSoScLa	HCPur100	sub-211720	NNLS	1	01.VisualA	(0.46875, 0.070312, 0.523438, 1.0)	125	4.157057257164389	0.11998609216306824	0.12026191158296709	-0.22934894038214607
MdWfIbDeNiSoScLa	HCPur100	sub-212318	NNLS	1	01.VisualA	(0.46875, 0.070312, 0.523438, 1.0)	125	4.157057257164389	0.1598256080280714	0.16292537610147914	-1.9025692299013286
MdWfIbDeNiSoScLa	HCPur100	sub-214423	NNLS	1	01.VisualA	(0.46875, 0.070312, 0.523438, 1.0)	125	4.157057257164389	0.11654769833287014	0.12046417637168592	-3.251155784879728
MdWfIbDeNiSoScLa	HCPur100	sub-221319	NNLS	1	01.VisualA	(0.46875, 0.070312, 0.523438, 1.0)	125	4.157057257164389	0.27286135140636664	0.2745085951405999	-0.6000700026859095
MdWfIbDeNiSoScLa	HCPur100	sub-239944	NNLS	1	01.VisualA	(0.46875, 0.070312, 0.523438, 1.0)	125	4.157057257164389	0.15633696034835648	0.15464515988740857	1.0939886267243344
MdWfIbDeNiSoScLa	HCPur100	sub-245333	NNLS	1	01.VisualA	(0.46875, 0.070312, 0.523438, 1.0)	125	4.157057257164389	0.09169796575213456	0.09574715158214822	-4.229040512541602
MdWfIbDeNiSoScLa	HCPur100	sub-280739	NNLS	1	01.VisualA	(0.46875, 0.070312, 0.523438, 1.0)	125	4.157057257164389	0.11341926723029704	0.11449847659165661	-0.9425534675089464
MdWfIbDeNiSoScLa	HCPur100	sub-298051	NNLS	1	01.VisualA	(0.46875, 0.070312, 0.523438, 1.0)	125	4.157057257164389	0.2149980667851143	0.21518173994875098	-0.08535722579454354
MdWfIbDeNiSoScLa	HCPur100	sub-366446	NNLS	1	01.VisualA	(0.46875, 0.070312, 0.523438, 1.0)	125	4.157057257164389	0.05780570043254632	0.05476394714932068	5.5542988436022
MdWfIbDeNiSoScLa	HCPur100	sub-397760	NNLS	1	01.VisualA	(0.46875, 0.070312, 0.523438, 1.0)	125	4.157057257164389	0.2504704379301701	0.25176273762280144	-0.5133006197952537
MdWfIbDeNiSoScLa	HCPur100	sub-414229	NNLS	1	01.VisualA	(0.46875, 0.070312, 0.523438, 1.0)	125	4.157057257164389	0.3131589698639486	0.31454712710350313	-0.4413193190913375
MdWfIbDeNiSoScLa	HCPur100	sub-654754	NNLS	1	01.VisualA	(0.46875, 0.070312, 0.523438, 1.0)	125	4.157057257164389	0.17069106259455122	0.16642289213002187	2.564653461973691
MdWfIbDeNiSoScLa	HCPur100	sub-672756	NNLS	1	01.VisualA	(0.46875, 0.070312, 0.523438, 1.0)	125	4.157057257164389	0.05971179293204569	0.061433092009181914	-2.801908581907215
MdWfIbDeNiSoScLa	HCPur100	sub-751348	NNLS	1	01.VisualA	(0.46875, 0.070312, 0.523438, 1.0)	125	4.157057257164389	0.2363562477326412	0.23619867104178888	0.06671362296718153
MdWfIbDeNiSoScLa	HCPur100	sub-792564	NNLS	1	01.VisualA	(0.46875, 0.070312, 0.523438, 1.0)	125	4.157057257164389	0.18171335940813596	0.18228410101958484	-0.3131055359499269
MdWfIbDeNiSoScLa	HCPur100	sub-899885	NNLS	1	01.VisualA	(0.46875, 0.070312, 0.523438, 1.0)	125	4.157057257164389	0.2103539575231282	0.21373918388997906	-1.5838117771579958
MdWfIbDeNiSoScLa	HCPur100	sub-101309	NNLS	2	02.VisualB	(0.996094, 0.0, 0.0, 1.0)	102	2.4766873072166598	0.048594455854709104	0.0494946521981851	-1.8187749655689176
MdWfIbDeNiSoScLa	HCPur100	sub-103111	NNLS	2	02.VisualB	(0.996094, 0.0, 0.0, 1.0)	102	2.4766873072166598	0.1761895253807552	0.17548274049890636	0.40276603832343094
MdWfIbDeNiSoScLa	HCPur100	sub-103414	NNLS	2	02.VisualB	(0.996094, 0.0, 0.0, 1.0)	102	2.4766873072166598	0.2448840797702253	0.24610675657567527	-0.4968074921884569
MdWfIbDeNiSoScLa	HCPur100	sub-103818	NNLS	2	02.VisualB	(0.996094, 0.0, 0.0, 1.0)	102	2.4766873072166598	0.17461504430065494	0.17429667486761086	0.1826594989754721
MdWfIbDeNiSoScLa	HCPur100	sub-105014	NNLS	2	02.VisualB	(0.996094, 0.0, 0.0, 1.0)	102	2.4766873072166598	0.12482666645404406	0.12323949865903995	1.2878726481963676
MdWfIbDeNiSoScLa	HCPur100	sub-105115	NNLS	2	02.VisualB	(0.996094, 0.0, 0.0, 1.0)	102	2.4766873072166598	0.16323421363370785	0.16259571654819466	0.39268997921229976
MdWfIbDeNiSoScLa	HCPur100	sub-110411	NNLS	2	02.VisualB	(0.996094, 0.0, 0.0, 1.0)	102	2.4766873072166598	0.09912893787620393	0.09817800460902436	0.9685807640585954
MdWfIbDeNiSoScLa	HCPur100	sub-117122	NNLS	2	02.VisualB	(0.996094, 0.0, 0.0, 1.0)	102	2.4766873072166598	0.20531902692762713	0.20725364529241755	-0.9334544451851907
MdWfIbDeNiSoScLa	HCPur100	sub-118730	NNLS	2	02.VisualB	(0.996094, 0.0, 0.0, 1.0)	102	2.4766873072166598	0.16888334786365145	0.16824410015024868	0.37995252899322435
MdWfIbDeNiSoScLa	HCPur100	sub-123117	NNLS	2	02.VisualB	(0.996094, 0.0, 0.0, 1.0)	102	2.4766873072166598	0.16369784947846427	0.16502918345304854	-0.8067263902829855
MdWfIbDeNiSoScLa	HCPur100	sub-124422	NNLS	2	02.VisualB	(0.996094, 0.0, 0.0, 1.0)	102	2.4766873072166598	0.17998355295726404	0.18176689155009862	-0.9811129945758347
MdWfIbDeNiSoScLa	HCPur100	sub-127630	NNLS	2	02.VisualB	(0.996094, 0.0, 0.0, 1.0)	102	2.4766873072166598	0.17293230537264373	0.17229458758895783	0.3701322209884522
MdWfIbDeNiSoScLa	HCPur100	sub-128632	NNLS	2	02.VisualB	(0.996094, 0.0, 0.0, 1.0)	102	2.4766873072166598	0.18808456874591514	0.1895573483372452	-0.7769572660985935
MdWfIbDeNiSoScLa	HCPur100	sub-130013	NNLS	2	02.VisualB	(0.996094, 0.0, 0.0, 1.0)	102	2.4766873072166598	0.22298439010850954	0.22329373145215037	-0.1385356147837574
MdWfIbDeNiSoScLa	HCPur100	sub-130316	NNLS	2	02.VisualB	(0.996094, 0.0, 0.0, 1.0)	102	2.4766873072166598	0.13924614678905686	0.14080050547223483	-1.103943965232764
MdWfIbDeNiSoScLa	HCPur100	sub-131217	NNLS	2	02.VisualB	(0.996094, 0.0, 0.0, 1.0)	102	2.4766873072166598	0.19303014665303722	0.1944347795467546	-0.7224185390040279
MdWfIbDeNiSoScLa	HCPur100	sub-153025	NNLS	2	02.VisualB	(0.996094, 0.0, 0.0, 1.0)	102	2.4766873072166598	0.2788094041022743	0.27884184880287627	-0.011635520543733752
MdWfIbDeNiSoScLa	HCPur100	sub-154734	NNLS	2	02.VisualB	(0.996094, 0.0, 0.0, 1.0)	102	2.4766873072166598	0.20393229651641645	0.20425780203606414	-0.15936014017727354
MdWfIbDeNiSoScLa	HCPur100	sub-156637	NNLS	2	02.VisualB	(0.996094, 0.0, 0.0, 1.0)	102	2.4766873072166598	0.08292707622956469	0.08285140964109254	0.09132806406062523
MdWfIbDeNiSoScLa	HCPur100	sub-159340	NNLS	2	02.VisualB	(0.996094, 0.0, 0.0, 1.0)	102	2.4766873072166598	0.2339854957763742	0.2338336846521734	0.06492269256527716
MdWfIbDeNiSoScLa	HCPur100	sub-160123	NNLS	2	02.VisualB	(0.996094, 0.0, 0.0, 1.0)	102	2.4766873072166598	0.18597143565115293	0.18523827697045683	0.3957922156731268
MdWfIbDeNiSoScLa	HCPur100	sub-161731	NNLS	2	02.VisualB	(0.996094, 0.0, 0.0, 1.0)	102	2.4766873072166598	0.25344665746767375	0.25539493586712825	-0.7628492682674437
MdWfIbDeNiSoScLa	HCPur100	sub-162733	NNLS	2	02.VisualB	(0.996094, 0.0, 0.0, 1.0)	102	2.4766873072166598	0.1828917074613379	0.18436778933079379	-0.8006180877981303
MdWfIbDeNiSoScLa	HCPur100	sub-163129	NNLS	2	02.VisualB	(0.996094, 0.0, 0.0, 1.0)	102	2.4766873072166598	0.2823390250131001	0.2825339110945543	-0.06897794346143474
MdWfIbDeNiSoScLa	HCPur100	sub-178950	NNLS	2	02.VisualB	(0.996094, 0.0, 0.0, 1.0)	102	2.4766873072166598	0.1695216725842756	0.1689685412027811	0.3273576119892611
MdWfIbDeNiSoScLa	HCPur100	sub-188347	NNLS	2	02.VisualB	(0.996094, 0.0, 0.0, 1.0)	102	2.4766873072166598	0.28602240046898453	0.286038765540971	-0.005721277658131427
MdWfIbDeNiSoScLa	HCPur100	sub-189450	NNLS	2	02.VisualB	(0.996094, 0.0, 0.0, 1.0)	102	2.4766873072166598	0.14864511493595525	0.1479109837680173	0.49633309794582064
MdWfIbDeNiSoScLa	HCPur100	sub-190031	NNLS	2	02.VisualB	(0.996094, 0.0, 0.0, 1.0)	102	2.4766873072166598	0.18563799377971368	0.18635813902531742	-0.3864307989821163
MdWfIbDeNiSoScLa	HCPur100	sub-196750	NNLS	2	02.VisualB	(0.996094, 0.0, 0.0, 1.0)	102	2.4766873072166598	0.21933803725365425	0.2171086520333398	1.0268523153891218
MdWfIbDeNiSoScLa	HCPur100	sub-198451	NNLS	2	02.VisualB	(0.996094, 0.0, 0.0, 1.0)	102	2.4766873072166598	0.06766323030736587	0.06695721130567817	1.0544331042470332
MdWfIbDeNiSoScLa	HCPur100	sub-199655	NNLS	2	02.VisualB	(0.996094, 0.0, 0.0, 1.0)	102	2.4766873072166598	0.17842521661758876	0.18161736566788042	-1.7576232529047227
MdWfIbDeNiSoScLa	HCPur100	sub-201111	NNLS	2	02.VisualB	(0.996094, 0.0, 0.0, 1.0)	102	2.4766873072166598	0.1243034143081231	0.12468109738561882	-0.3029192759890524
MdWfIbDeNiSoScLa	HCPur100	sub-208226	NNLS	2	02.VisualB	(0.996094, 0.0, 0.0, 1.0)	102	2.4766873072166598	0.10450874699812539	0.10383802588588399	0.645930146031961
MdWfIbDeNiSoScLa	HCPur100	sub-211417	NNLS	2	02.VisualB	(0.996094, 0.0, 0.0, 1.0)	102	2.4766873072166598	0.16173150128731487	0.16275565523196112	-0.6292585920818633
MdWfIbDeNiSoScLa	HCPur100	sub-211720	NNLS	2	02.VisualB	(0.996094, 0.0, 0.0, 1.0)	102	2.4766873072166598	0.12251693390771677	0.12026191158296709	1.87509269981458
MdWfIbDeNiSoScLa	HCPur100	sub-212318	NNLS	2	02.VisualB	(0.996094, 0.0, 0.0, 1.0)	102	2.4766873072166598	0.16335775572075756	0.16292537610147914	0.26538506746125684
MdWfIbDeNiSoScLa	HCPur100	sub-214423	NNLS	2	02.VisualB	(0.996094, 0.0, 0.0, 1.0)	102	2.4766873072166598	0.11951353011142744	0.12046417637168592	-0.7891526667025984
MdWfIbDeNiSoScLa	HCPur100	sub-221319	NNLS	2	02.VisualB	(0.996094, 0.0, 0.0, 1.0)	102	2.4766873072166598	0.274370638065391	0.2745085951405999	-0.050256012981379015
MdWfIbDeNiSoScLa	HCPur100	sub-239944	NNLS	2	02.VisualB	(0.996094, 0.0, 0.0, 1.0)	102	2.4766873072166598	0.1551845954661878	0.15464515988740857	0.3488215080070834
MdWfIbDeNiSoScLa	HCPur100	sub-245333	NNLS	2	02.VisualB	(0.996094, 0.0, 0.0, 1.0)	102	2.4766873072166598	0.09484714908753866	0.09574715158214822	-0.9399783489510736
MdWfIbDeNiSoScLa	HCPur100	sub-280739	NNLS	2	02.VisualB	(0.996094, 0.0, 0.0, 1.0)	102	2.4766873072166598	0.11407347110497675	0.11449847659165661	-0.3711887697821465
MdWfIbDeNiSoScLa	HCPur100	sub-298051	NNLS	2	02.VisualB	(0.996094, 0.0, 0.0, 1.0)	102	2.4766873072166598	0.2158069233223137	0.21518173994875098	0.2905373726002994
MdWfIbDeNiSoScLa	HCPur100	sub-366446	NNLS	2	02.VisualB	(0.996094, 0.0, 0.0, 1.0)	102	2.4766873072166598	0.05710050453216019	0.05476394714932068	4.266597833915428
MdWfIbDeNiSoScLa	HCPur100	sub-397760	NNLS	2	02.VisualB	(0.996094, 0.0, 0.0, 1.0)	102	2.4766873072166598	0.25222216299757955	0.25176273762280144	0.18248346801282234
MdWfIbDeNiSoScLa	HCPur100	sub-414229	NNLS	2	02.VisualB	(0.996094, 0.0, 0.0, 1.0)	102	2.4766873072166598	0.3138922108618085	0.31454712710350313	-0.20820925872869633
MdWfIbDeNiSoScLa	HCPur100	sub-654754	NNLS	2	02.VisualB	(0.996094, 0.0, 0.0, 1.0)	102	2.4766873072166598	0.16775154535451664	0.16642289213002187	0.7983596532241051
MdWfIbDeNiSoScLa	HCPur100	sub-672756	NNLS	2	02.VisualB	(0.996094, 0.0, 0.0, 1.0)	102	2.4766873072166598	0.062326522554881254	0.061433092009181914	1.4543147943225885
MdWfIbDeNiSoScLa	HCPur100	sub-751348	NNLS	2	02.VisualB	(0.996094, 0.0, 0.0, 1.0)	102	2.4766873072166598	0.23555320371212232	0.23619867104178888	-0.27327305730367846
MdWfIbDeNiSoScLa	HCPur100	sub-792564	NNLS	2	02.VisualB	(0.996094, 0.0, 0.0, 1.0)	102	2.4766873072166598	0.17972928847278122	0.18228410101958484	-1.401555337252988
MdWfIbDeNiSoScLa	HCPur100	sub-899885	NNLS	2	02.VisualB	(0.996094, 0.0, 0.0, 1.0)	102	2.4766873072166598	0.21171391762856134	0.21373918388997906	-0.9475409349650235
MdWfIbDeNiSoScLa	HCPur100	sub-101309	NNLS	3	03.SomatomotorA	(0.273438, 0.507812, 0.703125, 1.0)	182	10.635247730293946	0.047143224827211345	0.0494946521981851	-4.750871592264625
MdWfIbDeNiSoScLa	HCPur100	sub-103111	NNLS	3	03.SomatomotorA	(0.273438, 0.507812, 0.703125, 1.0)	182	10.635247730293946	0.16686043521378763	0.17548274049890636	-4.91347767911823
MdWfIbDeNiSoScLa	HCPur100	sub-103414	NNLS	3	03.SomatomotorA	(0.273438, 0.507812, 0.703125, 1.0)	182	10.635247730293946	0.24153966954184233	0.24610675657567527	-1.8557341120492978
MdWfIbDeNiSoScLa	HCPur100	sub-103818	NNLS	3	03.SomatomotorA	(0.273438, 0.507812, 0.703125, 1.0)	182	10.635247730293946	0.1679979324513249	0.17429667486761086	-3.6138052668361182
MdWfIbDeNiSoScLa	HCPur100	sub-105014	NNLS	3	03.SomatomotorA	(0.273438, 0.507812, 0.703125, 1.0)	182	10.635247730293946	0.11476806817881494	0.12323949865903995	-6.8739572721424835
MdWfIbDeNiSoScLa	HCPur100	sub-105115	NNLS	3	03.SomatomotorA	(0.273438, 0.507812, 0.703125, 1.0)	182	10.635247730293946	0.16695992259977127	0.16259571654819466	2.6840842700078316
MdWfIbDeNiSoScLa	HCPur100	sub-110411	NNLS	3	03.SomatomotorA	(0.273438, 0.507812, 0.703125, 1.0)	182	10.635247730293946	0.09495920388753819	0.09817800460902436	-3.2785354869498984
MdWfIbDeNiSoScLa	HCPur100	sub-117122	NNLS	3	03.SomatomotorA	(0.273438, 0.507812, 0.703125, 1.0)	182	10.635247730293946	0.20091313291049182	0.20725364529241755	-3.059300777547146
MdWfIbDeNiSoScLa	HCPur100	sub-118730	NNLS	3	03.SomatomotorA	(0.273438, 0.507812, 0.703125, 1.0)	182	10.635247730293946	0.1656052778768408	0.16824410015024868	-1.5684486237861055
MdWfIbDeNiSoScLa	HCPur100	sub-123117	NNLS	3	03.SomatomotorA	(0.273438, 0.507812, 0.703125, 1.0)	182	10.635247730293946	0.16356806667587062	0.16502918345304854	-0.885368724855632
MdWfIbDeNiSoScLa	HCPur100	sub-124422	NNLS	3	03.SomatomotorA	(0.273438, 0.507812, 0.703125, 1.0)	182	10.635247730293946	0.17420381428345513	0.18176689155009862	-4.160866262357218
MdWfIbDeNiSoScLa	HCPur100	sub-127630	NNLS	3	03.SomatomotorA	(0.273438, 0.507812, 0.703125, 1.0)	182	10.635247730293946	0.1620828085012155	0.17229458758895783	-5.926929702576902
MdWfIbDeNiSoScLa	HCPur100	sub-128632	NNLS	3	03.SomatomotorA	(0.273438, 0.507812, 0.703125, 1.0)	182	10.635247730293946	0.18757103044543932	0.1895573483372452	-1.047871743949472
MdWfIbDeNiSoScLa	HCPur100	sub-130013	NNLS	3	03.SomatomotorA	(0.273438, 0.507812, 0.703125, 1.0)	182	10.635247730293946	0.2168316887206732	0.22329373145215037	-2.893965132586765
MdWfIbDeNiSoScLa	HCPur100	sub-130316	NNLS	3	03.SomatomotorA	(0.273438, 0.507812, 0.703125, 1.0)	182	10.635247730293946	0.14249977838911715	0.14080050547223483	1.2068656367270003
MdWfIbDeNiSoScLa	HCPur100	sub-131217	NNLS	3	03.SomatomotorA	(0.273438, 0.507812, 0.703125, 1.0)	182	10.635247730293946	0.19587972960399727	0.1944347795467546	0.7431541109111216
MdWfIbDeNiSoScLa	HCPur100	sub-153025	NNLS	3	03.SomatomotorA	(0.273438, 0.507812, 0.703125, 1.0)	182	10.635247730293946	0.2707114929446494	0.27884184880287627	-2.915758840766584
MdWfIbDeNiSoScLa	HCPur100	sub-154734	NNLS	3	03.SomatomotorA	(0.273438, 0.507812, 0.703125, 1.0)	182	10.635247730293946	0.20019246380174197	0.20425780203606414	-1.9902976502236085
MdWfIbDeNiSoScLa	HCPur100	sub-156637	NNLS	3	03.SomatomotorA	(0.273438, 0.507812, 0.703125, 1.0)	182	10.635247730293946	0.07501572508353463	0.08285140964109254	-9.45751507608819
MdWfIbDeNiSoScLa	HCPur100	sub-159340	NNLS	3	03.SomatomotorA	(0.273438, 0.507812, 0.703125, 1.0)	182	10.635247730293946	0.22852765876673067	0.2338336846521734	-2.2691452231680946
MdWfIbDeNiSoScLa	HCPur100	sub-160123	NNLS	3	03.SomatomotorA	(0.273438, 0.507812, 0.703125, 1.0)	182	10.635247730293946	0.17687371043197173	0.18523827697045683	-4.515571336165662
MdWfIbDeNiSoScLa	HCPur100	sub-161731	NNLS	3	03.SomatomotorA	(0.273438, 0.507812, 0.703125, 1.0)	182	10.635247730293946	0.2490801308466672	0.25539493586712825	-2.4725646963283547
MdWfIbDeNiSoScLa	HCPur100	sub-162733	NNLS	3	03.SomatomotorA	(0.273438, 0.507812, 0.703125, 1.0)	182	10.635247730293946	0.1741646744755779	0.18436778933079379	-5.5341092347261345
MdWfIbDeNiSoScLa	HCPur100	sub-163129	NNLS	3	03.SomatomotorA	(0.273438, 0.507812, 0.703125, 1.0)	182	10.635247730293946	0.27159094137369166	0.2825339110945543	-3.8731526698755765
MdWfIbDeNiSoScLa	HCPur100	sub-178950	NNLS	3	03.SomatomotorA	(0.273438, 0.507812, 0.703125, 1.0)	182	10.635247730293946	0.16239533730564362	0.1689685412027811	-3.890193908491461
MdWfIbDeNiSoScLa	HCPur100	sub-188347	NNLS	3	03.SomatomotorA	(0.273438, 0.507812, 0.703125, 1.0)	182	10.635247730293946	0.27482191206932044	0.286038765540971	-3.9214452105597286
MdWfIbDeNiSoScLa	HCPur100	sub-189450	NNLS	3	03.SomatomotorA	(0.273438, 0.507812, 0.703125, 1.0)	182	10.635247730293946	0.14947434743852608	0.1479109837680173	1.0569625261642108
MdWfIbDeNiSoScLa	HCPur100	sub-190031	NNLS	3	03.SomatomotorA	(0.273438, 0.507812, 0.703125, 1.0)	182	10.635247730293946	0.17550483637220055	0.18635813902531742	-5.823895167595774
MdWfIbDeNiSoScLa	HCPur100	sub-196750	NNLS	3	03.SomatomotorA	(0.273438, 0.507812, 0.703125, 1.0)	182	10.635247730293946	0.2175343234375695	0.2171086520333398	0.19606376818384666
MdWfIbDeNiSoScLa	HCPur100	sub-198451	NNLS	3	03.SomatomotorA	(0.273438, 0.507812, 0.703125, 1.0)	182	10.635247730293946	0.06242183054386412	0.06695721130567817	-6.773550859382094
MdWfIbDeNiSoScLa	HCPur100	sub-199655	NNLS	3	03.SomatomotorA	(0.273438, 0.507812, 0.703125, 1.0)	182	10.635247730293946	0.1860216212517826	0.18161736566788042	2.425018977511289
MdWfIbDeNiSoScLa	HCPur100	sub-201111	NNLS	3	03.SomatomotorA	(0.273438, 0.507812, 0.703125, 1.0)	182	10.635247730293946	0.12400962409039978	0.12468109738561882	-0.5385526028394467
MdWfIbDeNiSoScLa	HCPur100	sub-208226	NNLS	3	03.SomatomotorA	(0.273438, 0.507812, 0.703125, 1.0)	182	10.635247730293946	0.10719875800588838	0.10383802588588399	3.236513879508618
MdWfIbDeNiSoScLa	HCPur100	sub-211417	NNLS	3	03.SomatomotorA	(0.273438, 0.507812, 0.703125, 1.0)	182	10.635247730293946	0.15488318808868493	0.16275565523196112	-4.836985315229916
MdWfIbDeNiSoScLa	HCPur100	sub-211720	NNLS	3	03.SomatomotorA	(0.273438, 0.507812, 0.703125, 1.0)	182	10.635247730293946	0.113287023200351	0.12026191158296709	-5.799748474648357
MdWfIbDeNiSoScLa	HCPur100	sub-212318	NNLS	3	03.SomatomotorA	(0.273438, 0.507812, 0.703125, 1.0)	182	10.635247730293946	0.15838822379682957	0.16292537610147914	-2.7848039471908765
MdWfIbDeNiSoScLa	HCPur100	sub-214423	NNLS	3	03.SomatomotorA	(0.273438, 0.507812, 0.703125, 1.0)	182	10.635247730293946	0.11215802160546791	0.12046417637168592	-6.895124356796173
MdWfIbDeNiSoScLa	HCPur100	sub-221319	NNLS	3	03.SomatomotorA	(0.273438, 0.507812, 0.703125, 1.0)	182	10.635247730293946	0.2708012365147069	0.2745085951405999	-1.3505437321531355
MdWfIbDeNiSoScLa	HCPur100	sub-239944	NNLS	3	03.SomatomotorA	(0.273438, 0.507812, 0.703125, 1.0)	182	10.635247730293946	0.15010921890635115	0.15464515988740857	-2.9331283205758716
MdWfIbDeNiSoScLa	HCPur100	sub-245333	NNLS	3	03.SomatomotorA	(0.273438, 0.507812, 0.703125, 1.0)	182	10.635247730293946	0.08950983431620117	0.09574715158214822	-6.514363260817858
MdWfIbDeNiSoScLa	HCPur100	sub-280739	NNLS	3	03.SomatomotorA	(0.273438, 0.507812, 0.703125, 1.0)	182	10.635247730293946	0.10954974438877131	0.11449847659165661	-4.322094363346238
MdWfIbDeNiSoScLa	HCPur100	sub-298051	NNLS	3	03.SomatomotorA	(0.273438, 0.507812, 0.703125, 1.0)	182	10.635247730293946	0.21348497371364805	0.21518173994875098	-0.788527054157587
MdWfIbDeNiSoScLa	HCPur100	sub-366446	NNLS	3	03.SomatomotorA	(0.273438, 0.507812, 0.703125, 1.0)	182	10.635247730293946	0.05516033311268485	0.05476394714932068	0.7238082424617365
MdWfIbDeNiSoScLa	HCPur100	sub-397760	NNLS	3	03.SomatomotorA	(0.273438, 0.507812, 0.703125, 1.0)	182	10.635247730293946	0.2431174053006027	0.25176273762280144	-3.433920525265119
MdWfIbDeNiSoScLa	HCPur100	sub-414229	NNLS	3	03.SomatomotorA	(0.273438, 0.507812, 0.703125, 1.0)	182	10.635247730293946	0.3102852181168521	0.31454712710350313	-1.3549349586806492
MdWfIbDeNiSoScLa	HCPur100	sub-654754	NNLS	3	03.SomatomotorA	(0.273438, 0.507812, 0.703125, 1.0)	182	10.635247730293946	0.1588256705746897	0.16642289213002187	-4.565009932285441
MdWfIbDeNiSoScLa	HCPur100	sub-672756	NNLS	3	03.SomatomotorA	(0.273438, 0.507812, 0.703125, 1.0)	182	10.635247730293946	0.05331426336477345	0.061433092009181914	-13.215725236807238
MdWfIbDeNiSoScLa	HCPur100	sub-751348	NNLS	3	03.SomatomotorA	(0.273438, 0.507812, 0.703125, 1.0)	182	10.635247730293946	0.2342969726956201	0.23619867104178888	-0.8051266070977657
MdWfIbDeNiSoScLa	HCPur100	sub-792564	NNLS	3	03.SomatomotorA	(0.273438, 0.507812, 0.703125, 1.0)	182	10.635247730293946	0.18185333148668476	0.18228410101958484	-0.23631766593500123
MdWfIbDeNiSoScLa	HCPur100	sub-899885	NNLS	3	03.SomatomotorA	(0.273438, 0.507812, 0.703125, 1.0)	182	10.635247730293946	0.20831424125964174	0.21373918388997906	-2.5381132891055587
MdWfIbDeNiSoScLa	HCPur100	sub-101309	NNLS	4	04.SomatomotorB	(0.164062, 0.796875, 0.640625, 1.0)	146	4.1456570511404545	0.04327377035236696	0.0494946521981851	-12.568795959831503
MdWfIbDeNiSoScLa	HCPur100	sub-103111	NNLS	4	04.SomatomotorB	(0.164062, 0.796875, 0.640625, 1.0)	146	4.1456570511404545	0.17272988601793546	0.17548274049890636	-1.568732328401298
MdWfIbDeNiSoScLa	HCPur100	sub-103414	NNLS	4	04.SomatomotorB	(0.164062, 0.796875, 0.640625, 1.0)	146	4.1456570511404545	0.24794992222193687	0.24610675657567527	0.7489293150287214
MdWfIbDeNiSoScLa	HCPur100	sub-103818	NNLS	4	04.SomatomotorB	(0.164062, 0.796875, 0.640625, 1.0)	146	4.1456570511404545	0.17221281576132616	0.17429667486761086	-1.1955816758222824
MdWfIbDeNiSoScLa	HCPur100	sub-105014	NNLS	4	04.SomatomotorB	(0.164062, 0.796875, 0.640625, 1.0)	146	4.1456570511404545	0.12336213806393068	0.12323949865903995	0.09951306701597813
MdWfIbDeNiSoScLa	HCPur100	sub-105115	NNLS	4	04.SomatomotorB	(0.164062, 0.796875, 0.640625, 1.0)	146	4.1456570511404545	0.15789975748887697	0.16259571654819466	-2.8881197850779605
MdWfIbDeNiSoScLa	HCPur100	sub-110411	NNLS	4	04.SomatomotorB	(0.164062, 0.796875, 0.640625, 1.0)	146	4.1456570511404545	0.0958083297711227	0.09817800460902436	-2.413651456187608
MdWfIbDeNiSoScLa	HCPur100	sub-117122	NNLS	4	04.SomatomotorB	(0.164062, 0.796875, 0.640625, 1.0)	146	4.1456570511404545	0.2070685282175099	0.20725364529241755	-0.08931909238385813
MdWfIbDeNiSoScLa	HCPur100	sub-118730	NNLS	4	04.SomatomotorB	(0.164062, 0.796875, 0.640625, 1.0)	146	4.1456570511404545	0.16552538056095423	0.16824410015024868	-1.6159375495880868
MdWfIbDeNiSoScLa	HCPur100	sub-123117	NNLS	4	04.SomatomotorB	(0.164062, 0.796875, 0.640625, 1.0)	146	4.1456570511404545	0.16613816594847655	0.16502918345304854	0.6719917485039987
MdWfIbDeNiSoScLa	HCPur100	sub-124422	NNLS	4	04.SomatomotorB	(0.164062, 0.796875, 0.640625, 1.0)	146	4.1456570511404545	0.18026382526394935	0.18176689155009862	-0.8269197285221731
MdWfIbDeNiSoScLa	HCPur100	sub-127630	NNLS	4	04.SomatomotorB	(0.164062, 0.796875, 0.640625, 1.0)	146	4.1456570511404545	0.17025609504419228	0.17229458758895783	-1.1831436920286553
MdWfIbDeNiSoScLa	HCPur100	sub-128632	NNLS	4	04.SomatomotorB	(0.164062, 0.796875, 0.640625, 1.0)	146	4.1456570511404545	0.18874183150150742	0.1895573483372452	-0.43022169432697005
MdWfIbDeNiSoScLa	HCPur100	sub-130013	NNLS	4	04.SomatomotorB	(0.164062, 0.796875, 0.640625, 1.0)	146	4.1456570511404545	0.22205126922608545	0.22329373145215037	-0.5564250361999812
MdWfIbDeNiSoScLa	HCPur100	sub-130316	NNLS	4	04.SomatomotorB	(0.164062, 0.796875, 0.640625, 1.0)	146	4.1456570511404545	0.13705546418873887	0.14080050547223483	-2.6598209082668793
MdWfIbDeNiSoScLa	HCPur100	sub-131217	NNLS	4	04.SomatomotorB	(0.164062, 0.796875, 0.640625, 1.0)	146	4.1456570511404545	0.19490814983938035	0.1944347795467546	0.24345968027388284
MdWfIbDeNiSoScLa	HCPur100	sub-153025	NNLS	4	04.SomatomotorB	(0.164062, 0.796875, 0.640625, 1.0)	146	4.1456570511404545	0.2790208646151118	0.27884184880287627	0.06419976520886528
MdWfIbDeNiSoScLa	HCPur100	sub-154734	NNLS	4	04.SomatomotorB	(0.164062, 0.796875, 0.640625, 1.0)	146	4.1456570511404545	0.20306853101786015	0.20425780203606414	-0.5822401917328014
MdWfIbDeNiSoScLa	HCPur100	sub-156637	NNLS	4	04.SomatomotorB	(0.164062, 0.796875, 0.640625, 1.0)	146	4.1456570511404545	0.08226644435877792	0.08285140964109254	-0.7060414359256629
MdWfIbDeNiSoScLa	HCPur100	sub-159340	NNLS	4	04.SomatomotorB	(0.164062, 0.796875, 0.640625, 1.0)	146	4.1456570511404545	0.2332929750166605	0.2338336846521734	-0.23123684524632265
MdWfIbDeNiSoScLa	HCPur100	sub-160123	NNLS	4	04.SomatomotorB	(0.164062, 0.796875, 0.640625, 1.0)	146	4.1456570511404545	0.18593377669715372	0.18523827697045683	0.3754622090378269
MdWfIbDeNiSoScLa	HCPur100	sub-161731	NNLS	4	04.SomatomotorB	(0.164062, 0.796875, 0.640625, 1.0)	146	4.1456570511404545	0.2566507162428015	0.25539493586712825	0.49170136103504675
MdWfIbDeNiSoScLa	HCPur100	sub-162733	NNLS	4	04.SomatomotorB	(0.164062, 0.796875, 0.640625, 1.0)	146	4.1456570511404545	0.1854547979204651	0.18436778933079379	0.5895870388297573
MdWfIbDeNiSoScLa	HCPur100	sub-163129	NNLS	4	04.SomatomotorB	(0.164062, 0.796875, 0.640625, 1.0)	146	4.1456570511404545	0.2838592334230139	0.2825339110945543	0.46908433869946015
MdWfIbDeNiSoScLa	HCPur100	sub-178950	NNLS	4	04.SomatomotorB	(0.164062, 0.796875, 0.640625, 1.0)	146	4.1456570511404545	0.16888915718517647	0.1689685412027811	-0.04698153694145835
MdWfIbDeNiSoScLa	HCPur100	sub-188347	NNLS	4	04.SomatomotorB	(0.164062, 0.796875, 0.640625, 1.0)	146	4.1456570511404545	0.2875531472900609	0.286038765540971	0.5294323467750182
MdWfIbDeNiSoScLa	HCPur100	sub-189450	NNLS	4	04.SomatomotorB	(0.164062, 0.796875, 0.640625, 1.0)	146	4.1456570511404545	0.14735550956536714	0.1479109837680173	-0.37554628364948
MdWfIbDeNiSoScLa	HCPur100	sub-190031	NNLS	4	04.SomatomotorB	(0.164062, 0.796875, 0.640625, 1.0)	146	4.1456570511404545	0.1858030357507134	0.18635813902531742	-0.29786908020614794
MdWfIbDeNiSoScLa	HCPur100	sub-196750	NNLS	4	04.SomatomotorB	(0.164062, 0.796875, 0.640625, 1.0)	146	4.1456570511404545	0.21344331176581507	0.2171086520333398	-1.6882515888689016
MdWfIbDeNiSoScLa	HCPur100	sub-198451	NNLS	4	04.SomatomotorB	(0.164062, 0.796875, 0.640625, 1.0)	146	4.1456570511404545	0.06426886442275495	0.06695721130567817	-4.015022176849882
MdWfIbDeNiSoScLa	HCPur100	sub-199655	NNLS	4	04.SomatomotorB	(0.164062, 0.796875, 0.640625, 1.0)	146	4.1456570511404545	0.1746310028473722	0.18161736566788042	-3.846748241731475
MdWfIbDeNiSoScLa	HCPur100	sub-201111	NNLS	4	04.SomatomotorB	(0.164062, 0.796875, 0.640625, 1.0)	146	4.1456570511404545	0.12381086212759054	0.12468109738561882	-0.6979688792253543
MdWfIbDeNiSoScLa	HCPur100	sub-208226	NNLS	4	04.SomatomotorB	(0.164062, 0.796875, 0.640625, 1.0)	146	4.1456570511404545	0.10177140552103808	0.10383802588588399	-1.990234644018642
MdWfIbDeNiSoScLa	HCPur100	sub-211417	NNLS	4	04.SomatomotorB	(0.164062, 0.796875, 0.640625, 1.0)	146	4.1456570511404545	0.16151752104140887	0.16275565523196112	-0.7607319013201971
MdWfIbDeNiSoScLa	HCPur100	sub-211720	NNLS	4	04.SomatomotorB	(0.164062, 0.796875, 0.640625, 1.0)	146	4.1456570511404545	0.11977577132305932	0.12026191158296709	-0.4042346022185006
MdWfIbDeNiSoScLa	HCPur100	sub-212318	NNLS	4	04.SomatomotorB	(0.164062, 0.796875, 0.640625, 1.0)	146	4.1456570511404545	0.16321153853448234	0.16292537610147914	0.17564018561783595
MdWfIbDeNiSoScLa	HCPur100	sub-214423	NNLS	4	04.SomatomotorB	(0.164062, 0.796875, 0.640625, 1.0)	146	4.1456570511404545	0.12183568025496862	0.12046417637168592	1.1385159676441814
MdWfIbDeNiSoScLa	HCPur100	sub-221319	NNLS	4	04.SomatomotorB	(0.164062, 0.796875, 0.640625, 1.0)	146	4.1456570511404545	0.27727789870745195	0.2745085951405999	1.008822170188756
MdWfIbDeNiSoScLa	HCPur100	sub-239944	NNLS	4	04.SomatomotorB	(0.164062, 0.796875, 0.640625, 1.0)	146	4.1456570511404545	0.15340108325196877	0.15464515988740857	-0.8044717573738234
MdWfIbDeNiSoScLa	HCPur100	sub-245333	NNLS	4	04.SomatomotorB	(0.164062, 0.796875, 0.640625, 1.0)	146	4.1456570511404545	0.09441569391457982	0.09574715158214822	-1.3905976789565864
MdWfIbDeNiSoScLa	HCPur100	sub-280739	NNLS	4	04.SomatomotorB	(0.164062, 0.796875, 0.640625, 1.0)	146	4.1456570511404545	0.1148230182726082	0.11449847659165661	0.283446287332729
MdWfIbDeNiSoScLa	HCPur100	sub-298051	NNLS	4	04.SomatomotorB	(0.164062, 0.796875, 0.640625, 1.0)	146	4.1456570511404545	0.21547599359127254	0.21518173994875098	0.13674656715371822
MdWfIbDeNiSoScLa	HCPur100	sub-366446	NNLS	4	04.SomatomotorB	(0.164062, 0.796875, 0.640625, 1.0)	146	4.1456570511404545	0.0522703760639433	0.05476394714932068	-4.553307815045451
MdWfIbDeNiSoScLa	HCPur100	sub-397760	NNLS	4	04.SomatomotorB	(0.164062, 0.796875, 0.640625, 1.0)	146	4.1456570511404545	0.2537714519240605	0.25176273762280144	0.797860048800612
MdWfIbDeNiSoScLa	HCPur100	sub-414229	NNLS	4	04.SomatomotorB	(0.164062, 0.796875, 0.640625, 1.0)	146	4.1456570511404545	0.3142519726692835	0.31454712710350313	-0.09383472579690817
MdWfIbDeNiSoScLa	HCPur100	sub-654754	NNLS	4	04.SomatomotorB	(0.164062, 0.796875, 0.640625, 1.0)	146	4.1456570511404545	0.1658444637545336	0.16642289213002187	-0.3475653908456057
MdWfIbDeNiSoScLa	HCPur100	sub-672756	NNLS	4	04.SomatomotorB	(0.164062, 0.796875, 0.640625, 1.0)	146	4.1456570511404545	0.05865181230836464	0.061433092009181914	-4.527331459080036
MdWfIbDeNiSoScLa	HCPur100	sub-751348	NNLS	4	04.SomatomotorB	(0.164062, 0.796875, 0.640625, 1.0)	146	4.1456570511404545	0.2371053437358977	0.23619867104178888	0.38386020129148496
MdWfIbDeNiSoScLa	HCPur100	sub-792564	NNLS	4	04.SomatomotorB	(0.164062, 0.796875, 0.640625, 1.0)	146	4.1456570511404545	0.18295842235570992	0.18228410101958484	0.3699287718201094
MdWfIbDeNiSoScLa	HCPur100	sub-899885	NNLS	4	04.SomatomotorB	(0.164062, 0.796875, 0.640625, 1.0)	146	4.1456570511404545	0.21269744161018025	0.21373918388997906	-0.4873894719907969
MdWfIbDeNiSoScLa	HCPur100	sub-101309	NNLS	5	05.DorsalAttentionA	(0.289062, 0.605469, 0.234375, 1.0)	111	5.6593916230198715	0.04955781235183281	0.0494946521981851	0.12761005652652754
MdWfIbDeNiSoScLa	HCPur100	sub-103111	NNLS	5	05.DorsalAttentionA	(0.289062, 0.605469, 0.234375, 1.0)	111	5.6593916230198715	0.1756912209914678	0.17548274049890636	0.11880398720052257
MdWfIbDeNiSoScLa	HCPur100	sub-103414	NNLS	5	05.DorsalAttentionA	(0.289062, 0.605469, 0.234375, 1.0)	111	5.6593916230198715	0.24354868361759513	0.24610675657567527	-1.039415980964162
MdWfIbDeNiSoScLa	HCPur100	sub-103818	NNLS	5	05.DorsalAttentionA	(0.289062, 0.605469, 0.234375, 1.0)	111	5.6593916230198715	0.17331514910472745	0.17429667486761086	-0.563135104917484
MdWfIbDeNiSoScLa	HCPur100	sub-105014	NNLS	5	05.DorsalAttentionA	(0.289062, 0.605469, 0.234375, 1.0)	111	5.6593916230198715	0.12237540358210401	0.12323949865903995	-0.701151080893784
MdWfIbDeNiSoScLa	HCPur100	sub-105115	NNLS	5	05.DorsalAttentionA	(0.289062, 0.605469, 0.234375, 1.0)	111	5.6593916230198715	0.16064394245803706	0.16259571654819466	-1.2003846913021672
MdWfIbDeNiSoScLa	HCPur100	sub-110411	NNLS	5	05.DorsalAttentionA	(0.289062, 0.605469, 0.234375, 1.0)	111	5.6593916230198715	0.0965396523595971	0.09817800460902436	-1.668756923662979
MdWfIbDeNiSoScLa	HCPur100	sub-117122	NNLS	5	05.DorsalAttentionA	(0.289062, 0.605469, 0.234375, 1.0)	111	5.6593916230198715	0.20644082610854034	0.20725364529241755	-0.3921857117303734
MdWfIbDeNiSoScLa	HCPur100	sub-118730	NNLS	5	05.DorsalAttentionA	(0.289062, 0.605469, 0.234375, 1.0)	111	5.6593916230198715	0.16919048466371975	0.16824410015024868	0.5625068056626692
MdWfIbDeNiSoScLa	HCPur100	sub-123117	NNLS	5	05.DorsalAttentionA	(0.289062, 0.605469, 0.234375, 1.0)	111	5.6593916230198715	0.16453172072775327	0.16502918345304854	-0.3014392454028002
MdWfIbDeNiSoScLa	HCPur100	sub-124422	NNLS	5	05.DorsalAttentionA	(0.289062, 0.605469, 0.234375, 1.0)	111	5.6593916230198715	0.18037954185990732	0.18176689155009862	-0.763257641895098
MdWfIbDeNiSoScLa	HCPur100	sub-127630	NNLS	5	05.DorsalAttentionA	(0.289062, 0.605469, 0.234375, 1.0)	111	5.6593916230198715	0.17369291292329783	0.17229458758895783	0.8115898206135077
MdWfIbDeNiSoScLa	HCPur100	sub-128632	NNLS	5	05.DorsalAttentionA	(0.289062, 0.605469, 0.234375, 1.0)	111	5.6593916230198715	0.1867173011869023	0.1895573483372452	-1.4982522045466187
MdWfIbDeNiSoScLa	HCPur100	sub-130013	NNLS	5	05.DorsalAttentionA	(0.289062, 0.605469, 0.234375, 1.0)	111	5.6593916230198715	0.2241314935120932	0.22329373145215037	0.3751838685728374
MdWfIbDeNiSoScLa	HCPur100	sub-130316	NNLS	5	05.DorsalAttentionA	(0.289062, 0.605469, 0.234375, 1.0)	111	5.6593916230198715	0.14012888585464192	0.14080050547223483	-0.4770008568792715
MdWfIbDeNiSoScLa	HCPur100	sub-131217	NNLS	5	05.DorsalAttentionA	(0.289062, 0.605469, 0.234375, 1.0)	111	5.6593916230198715	0.19302158563940655	0.1944347795467546	-0.7268215648673156
MdWfIbDeNiSoScLa	HCPur100	sub-153025	NNLS	5	05.DorsalAttentionA	(0.289062, 0.605469, 0.234375, 1.0)	111	5.6593916230198715	0.27988917492381965	0.27884184880287627	0.37559861456942767
MdWfIbDeNiSoScLa	HCPur100	sub-154734	NNLS	5	05.DorsalAttentionA	(0.289062, 0.605469, 0.234375, 1.0)	111	5.6593916230198715	0.2035150374603216	0.20425780203606414	-0.36364073652931994
MdWfIbDeNiSoScLa	HCPur100	sub-156637	NNLS	5	05.DorsalAttentionA	(0.289062, 0.605469, 0.234375, 1.0)	111	5.6593916230198715	0.0825485973386986	0.08285140964109254	-0.36548841317933867
MdWfIbDeNiSoScLa	HCPur100	sub-159340	NNLS	5	05.DorsalAttentionA	(0.289062, 0.605469, 0.234375, 1.0)	111	5.6593916230198715	0.23395676989445746	0.2338336846521734	0.05263794327457043
MdWfIbDeNiSoScLa	HCPur100	sub-160123	NNLS	5	05.DorsalAttentionA	(0.289062, 0.605469, 0.234375, 1.0)	111	5.6593916230198715	0.1846032740547415	0.18523827697045683	-0.3428032942762729
MdWfIbDeNiSoScLa	HCPur100	sub-161731	NNLS	5	05.DorsalAttentionA	(0.289062, 0.605469, 0.234375, 1.0)	111	5.6593916230198715	0.25263419321717584	0.25539493586712825	-1.0809700045848645
MdWfIbDeNiSoScLa	HCPur100	sub-162733	NNLS	5	05.DorsalAttentionA	(0.289062, 0.605469, 0.234375, 1.0)	111	5.6593916230198715	0.18473820982008032	0.18436778933079379	0.2009138855713714
MdWfIbDeNiSoScLa	HCPur100	sub-163129	NNLS	5	05.DorsalAttentionA	(0.289062, 0.605469, 0.234375, 1.0)	111	5.6593916230198715	0.28260313566682893	0.2825339110945543	0.024501332249453018
MdWfIbDeNiSoScLa	HCPur100	sub-178950	NNLS	5	05.DorsalAttentionA	(0.289062, 0.605469, 0.234375, 1.0)	111	5.6593916230198715	0.16858619898907984	0.1689685412027811	-0.22628011757668287
MdWfIbDeNiSoScLa	HCPur100	sub-188347	NNLS	5	05.DorsalAttentionA	(0.289062, 0.605469, 0.234375, 1.0)	111	5.6593916230198715	0.2863755521277887	0.286038765540971	0.11774158869016775
MdWfIbDeNiSoScLa	HCPur100	sub-189450	NNLS	5	05.DorsalAttentionA	(0.289062, 0.605469, 0.234375, 1.0)	111	5.6593916230198715	0.1479171895417096	0.1479109837680173	0.004195613830828906
MdWfIbDeNiSoScLa	HCPur100	sub-190031	NNLS	5	05.DorsalAttentionA	(0.289062, 0.605469, 0.234375, 1.0)	111	5.6593916230198715	0.1864412449446382	0.18635813902531742	0.044594735574975834
MdWfIbDeNiSoScLa	HCPur100	sub-196750	NNLS	5	05.DorsalAttentionA	(0.289062, 0.605469, 0.234375, 1.0)	111	5.6593916230198715	0.21777257196444486	0.2171086520333398	0.3058007706680956
MdWfIbDeNiSoScLa	HCPur100	sub-198451	NNLS	5	05.DorsalAttentionA	(0.289062, 0.605469, 0.234375, 1.0)	111	5.6593916230198715	0.06563799857913327	0.06695721130567817	-1.9702324825362323
MdWfIbDeNiSoScLa	HCPur100	sub-199655	NNLS	5	05.DorsalAttentionA	(0.289062, 0.605469, 0.234375, 1.0)	111	5.6593916230198715	0.18344108010260038	0.18161736566788042	1.004152013775458
MdWfIbDeNiSoScLa	HCPur100	sub-201111	NNLS	5	05.DorsalAttentionA	(0.289062, 0.605469, 0.234375, 1.0)	111	5.6593916230198715	0.1233845196158367	0.12468109738561882	-1.0399152694108964
MdWfIbDeNiSoScLa	HCPur100	sub-208226	NNLS	5	05.DorsalAttentionA	(0.289062, 0.605469, 0.234375, 1.0)	111	5.6593916230198715	0.1042328889999065	0.10383802588588399	0.3802683175587872
MdWfIbDeNiSoScLa	HCPur100	sub-211417	NNLS	5	05.DorsalAttentionA	(0.289062, 0.605469, 0.234375, 1.0)	111	5.6593916230198715	0.16293495566053795	0.16275565523196112	0.11016540612447115
MdWfIbDeNiSoScLa	HCPur100	sub-211720	NNLS	5	05.DorsalAttentionA	(0.289062, 0.605469, 0.234375, 1.0)	111	5.6593916230198715	0.12066025748365017	0.12026191158296709	0.3312319714860549
MdWfIbDeNiSoScLa	HCPur100	sub-212318	NNLS	5	05.DorsalAttentionA	(0.289062, 0.605469, 0.234375, 1.0)	111	5.6593916230198715	0.16409577529949038	0.16292537610147914	0.7183651963965663
MdWfIbDeNiSoScLa	HCPur100	sub-214423	NNLS	5	05.DorsalAttentionA	(0.289062, 0.605469, 0.234375, 1.0)	111	5.6593916230198715	0.1215191370738369	0.12046417637168592	0.8757464118593596
MdWfIbDeNiSoScLa	HCPur100	sub-221319	NNLS	5	05.DorsalAttentionA	(0.289062, 0.605469, 0.234375, 1.0)	111	5.6593916230198715	0.2751131859713381	0.2745085951405999	0.22024477245550456
MdWfIbDeNiSoScLa	HCPur100	sub-239944	NNLS	5	05.DorsalAttentionA	(0.289062, 0.605469, 0.234375, 1.0)	111	5.6593916230198715	0.15285524912136877	0.15464515988740857	-1.1574308354318756
MdWfIbDeNiSoScLa	HCPur100	sub-245333	NNLS	5	05.DorsalAttentionA	(0.289062, 0.605469, 0.234375, 1.0)	111	5.6593916230198715	0.09617313056867771	0.09574715158214822	0.44489990510476246
MdWfIbDeNiSoScLa	HCPur100	sub-280739	NNLS	5	05.DorsalAttentionA	(0.289062, 0.605469, 0.234375, 1.0)	111	5.6593916230198715	0.11380779742509477	0.11449847659165661	-0.6032212716899819
MdWfIbDeNiSoScLa	HCPur100	sub-298051	NNLS	5	05.DorsalAttentionA	(0.289062, 0.605469, 0.234375, 1.0)	111	5.6593916230198715	0.21453598812621705	0.21518173994875098	-0.30009601311325307
MdWfIbDeNiSoScLa	HCPur100	sub-366446	NNLS	5	05.DorsalAttentionA	(0.289062, 0.605469, 0.234375, 1.0)	111	5.6593916230198715	0.05472564652166043	0.05476394714932068	-0.06993766821777259
MdWfIbDeNiSoScLa	HCPur100	sub-397760	NNLS	5	05.DorsalAttentionA	(0.289062, 0.605469, 0.234375, 1.0)	111	5.6593916230198715	0.2501761082052342	0.25176273762280144	-0.6302082002080647
MdWfIbDeNiSoScLa	HCPur100	sub-414229	NNLS	5	05.DorsalAttentionA	(0.289062, 0.605469, 0.234375, 1.0)	111	5.6593916230198715	0.3121264201215052	0.31454712710350313	-0.7695848327368057
MdWfIbDeNiSoScLa	HCPur100	sub-654754	NNLS	5	05.DorsalAttentionA	(0.289062, 0.605469, 0.234375, 1.0)	111	5.6593916230198715	0.16687326956909712	0.16642289213002187	0.2706222883828879
MdWfIbDeNiSoScLa	HCPur100	sub-672756	NNLS	5	05.DorsalAttentionA	(0.289062, 0.605469, 0.234375, 1.0)	111	5.6593916230198715	0.06074443103758392	0.061433092009181914	-1.1209935054140991
MdWfIbDeNiSoScLa	HCPur100	sub-751348	NNLS	5	05.DorsalAttentionA	(0.289062, 0.605469, 0.234375, 1.0)	111	5.6593916230198715	0.23479573497375003	0.23619867104178888	-0.5939644206510521
MdWfIbDeNiSoScLa	HCPur100	sub-792564	NNLS	5	05.DorsalAttentionA	(0.289062, 0.605469, 0.234375, 1.0)	111	5.6593916230198715	0.1827288219156825	0.18228410101958484	0.24397130282353516
MdWfIbDeNiSoScLa	HCPur100	sub-899885	NNLS	5	05.DorsalAttentionA	(0.289062, 0.605469, 0.234375, 1.0)	111	5.6593916230198715	0.21305699888757437	0.21373918388997906	-0.3191670287072117
MdWfIbDeNiSoScLa	HCPur100	sub-101309	NNLS	6	06.DorsalAttentionB	(0.0, 0.460938, 0.054688, 1.0)	109	8.621958533286843	0.048913626356924186	0.0494946521981851	-1.1739164040074201
MdWfIbDeNiSoScLa	HCPur100	sub-103111	NNLS	6	06.DorsalAttentionB	(0.0, 0.460938, 0.054688, 1.0)	109	8.621958533286843	0.17701811768660067	0.17548274049890636	0.8749448426262055
MdWfIbDeNiSoScLa	HCPur100	sub-103414	NNLS	6	06.DorsalAttentionB	(0.0, 0.460938, 0.054688, 1.0)	109	8.621958533286843	0.2465764998160283	0.24610675657567527	0.1908697050373733
MdWfIbDeNiSoScLa	HCPur100	sub-103818	NNLS	6	06.DorsalAttentionB	(0.0, 0.460938, 0.054688, 1.0)	109	8.621958533286843	0.1748264155874567	0.17429667486761086	0.3039304795964819
MdWfIbDeNiSoScLa	HCPur100	sub-105014	NNLS	6	06.DorsalAttentionB	(0.0, 0.460938, 0.054688, 1.0)	109	8.621958533286843	0.12371002972279262	0.12323949865903995	0.3818021566725607
MdWfIbDeNiSoScLa	HCPur100	sub-105115	NNLS	6	06.DorsalAttentionB	(0.0, 0.460938, 0.054688, 1.0)	109	8.621958533286843	0.1618267500483158	0.16259571654819466	-0.4729315852862228
MdWfIbDeNiSoScLa	HCPur100	sub-110411	NNLS	6	06.DorsalAttentionB	(0.0, 0.460938, 0.054688, 1.0)	109	8.621958533286843	0.09876347995563156	0.09817800460902436	0.5963406456861187
MdWfIbDeNiSoScLa	HCPur100	sub-117122	NNLS	6	06.DorsalAttentionB	(0.0, 0.460938, 0.054688, 1.0)	109	8.621958533286843	0.2080331852132359	0.20725364529241755	0.37612844865454415
MdWfIbDeNiSoScLa	HCPur100	sub-118730	NNLS	6	06.DorsalAttentionB	(0.0, 0.460938, 0.054688, 1.0)	109	8.621958533286843	0.16906326645450634	0.16824410015024868	0.486891548366991
MdWfIbDeNiSoScLa	HCPur100	sub-123117	NNLS	6	06.DorsalAttentionB	(0.0, 0.460938, 0.054688, 1.0)	109	8.621958533286843	0.16560524776158775	0.16502918345304854	0.349068144485549
MdWfIbDeNiSoScLa	HCPur100	sub-124422	NNLS	6	06.DorsalAttentionB	(0.0, 0.460938, 0.054688, 1.0)	109	8.621958533286843	0.18248964046520616	0.18176689155009862	0.3976240716579215
MdWfIbDeNiSoScLa	HCPur100	sub-127630	NNLS	6	06.DorsalAttentionB	(0.0, 0.460938, 0.054688, 1.0)	109	8.621958533286843	0.17149733156619507	0.17229458758895783	-0.46272841992272506
MdWfIbDeNiSoScLa	HCPur100	sub-128632	NNLS	6	06.DorsalAttentionB	(0.0, 0.460938, 0.054688, 1.0)	109	8.621958533286843	0.19027946794231532	0.1895573483372452	0.3809504677103781
MdWfIbDeNiSoScLa	HCPur100	sub-130013	NNLS	6	06.DorsalAttentionB	(0.0, 0.460938, 0.054688, 1.0)	109	8.621958533286843	0.22376537800285673	0.22329373145215037	0.2112224770660124
MdWfIbDeNiSoScLa	HCPur100	sub-130316	NNLS	6	06.DorsalAttentionB	(0.0, 0.460938, 0.054688, 1.0)	109	8.621958533286843	0.14075929040105956	0.14080050547223483	-0.02927196250967909
MdWfIbDeNiSoScLa	HCPur100	sub-131217	NNLS	6	06.DorsalAttentionB	(0.0, 0.460938, 0.054688, 1.0)	109	8.621958533286843	0.19576536093301788	0.1944347795467546	0.6843330135508702
MdWfIbDeNiSoScLa	HCPur100	sub-153025	NNLS	6	06.DorsalAttentionB	(0.0, 0.460938, 0.054688, 1.0)	109	8.621958533286843	0.27825160213034617	0.27884184880287627	-0.2116779368176443
MdWfIbDeNiSoScLa	HCPur100	sub-154734	NNLS	6	06.DorsalAttentionB	(0.0, 0.460938, 0.054688, 1.0)	109	8.621958533286843	0.20414328141259958	0.20425780203606414	-0.056066707035428015
MdWfIbDeNiSoScLa	HCPur100	sub-156637	NNLS	6	06.DorsalAttentionB	(0.0, 0.460938, 0.054688, 1.0)	109	8.621958533286843	0.08347226937657724	0.08285140964109254	0.7493653254352948
MdWfIbDeNiSoScLa	HCPur100	sub-159340	NNLS	6	06.DorsalAttentionB	(0.0, 0.460938, 0.054688, 1.0)	109	8.621958533286843	0.2339076581932369	0.2338336846521734	0.03163510901926387
MdWfIbDeNiSoScLa	HCPur100	sub-160123	NNLS	6	06.DorsalAttentionB	(0.0, 0.460938, 0.054688, 1.0)	109	8.621958533286843	0.18672136720116117	0.18523827697045683	0.8006391848164681
MdWfIbDeNiSoScLa	HCPur100	sub-161731	NNLS	6	06.DorsalAttentionB	(0.0, 0.460938, 0.054688, 1.0)	109	8.621958533286843	0.25504656841150347	0.25539493586712825	-0.1364034311964658
MdWfIbDeNiSoScLa	HCPur100	sub-162733	NNLS	6	06.DorsalAttentionB	(0.0, 0.460938, 0.054688, 1.0)	109	8.621958533286843	0.18458982831323562	0.18436778933079379	0.12043263264574183
MdWfIbDeNiSoScLa	HCPur100	sub-163129	NNLS	6	06.DorsalAttentionB	(0.0, 0.460938, 0.054688, 1.0)	109	8.621958533286843	0.2832765821066738	0.2825339110945543	0.26286084004654364
MdWfIbDeNiSoScLa	HCPur100	sub-178950	NNLS	6	06.DorsalAttentionB	(0.0, 0.460938, 0.054688, 1.0)	109	8.621958533286843	0.16976318524250975	0.1689685412027811	0.4702911169570829
MdWfIbDeNiSoScLa	HCPur100	sub-188347	NNLS	6	06.DorsalAttentionB	(0.0, 0.460938, 0.054688, 1.0)	109	8.621958533286843	0.2863750397209467	0.286038765540971	0.11756244973987774
MdWfIbDeNiSoScLa	HCPur100	sub-189450	NNLS	6	06.DorsalAttentionB	(0.0, 0.460938, 0.054688, 1.0)	109	8.621958533286843	0.14855401063492807	0.1479109837680173	0.4347390913978882
MdWfIbDeNiSoScLa	HCPur100	sub-190031	NNLS	6	06.DorsalAttentionB	(0.0, 0.460938, 0.054688, 1.0)	109	8.621958533286843	0.18724991301214144	0.18635813902531742	0.47852698652612813
MdWfIbDeNiSoScLa	HCPur100	sub-196750	NNLS	6	06.DorsalAttentionB	(0.0, 0.460938, 0.054688, 1.0)	109	8.621958533286843	0.21527234421391775	0.2171086520333398	-0.845801308342171
MdWfIbDeNiSoScLa	HCPur100	sub-198451	NNLS	6	06.DorsalAttentionB	(0.0, 0.460938, 0.054688, 1.0)	109	8.621958533286843	0.0675897315442498	0.06695721130567817	0.9446633547565215
MdWfIbDeNiSoScLa	HCPur100	sub-199655	NNLS	6	06.DorsalAttentionB	(0.0, 0.460938, 0.054688, 1.0)	109	8.621958533286843	0.1818434184424978	0.18161736566788042	0.12446649789577514
MdWfIbDeNiSoScLa	HCPur100	sub-201111	NNLS	6	06.DorsalAttentionB	(0.0, 0.460938, 0.054688, 1.0)	109	8.621958533286843	0.1267044102393328	0.12468109738561882	1.622790379728684
MdWfIbDeNiSoScLa	HCPur100	sub-208226	NNLS	6	06.DorsalAttentionB	(0.0, 0.460938, 0.054688, 1.0)	109	8.621958533286843	0.10339624637392653	0.10383802588588399	-0.42545060750959673
MdWfIbDeNiSoScLa	HCPur100	sub-211417	NNLS	6	06.DorsalAttentionB	(0.0, 0.460938, 0.054688, 1.0)	109	8.621958533286843	0.16398412253700087	0.16275565523196112	0.7547923931054374
MdWfIbDeNiSoScLa	HCPur100	sub-211720	NNLS	6	06.DorsalAttentionB	(0.0, 0.460938, 0.054688, 1.0)	109	8.621958533286843	0.12158309574434355	0.12026191158296709	1.098589024559941
MdWfIbDeNiSoScLa	HCPur100	sub-212318	NNLS	6	06.DorsalAttentionB	(0.0, 0.460938, 0.054688, 1.0)	109	8.621958533286843	0.164482353962062	0.16292537610147914	0.9556386474830637
MdWfIbDeNiSoScLa	HCPur100	sub-214423	NNLS	6	06.DorsalAttentionB	(0.0, 0.460938, 0.054688, 1.0)	109	8.621958533286843	0.12110135961243072	0.12046417637168592	0.5289400217860644
MdWfIbDeNiSoScLa	HCPur100	sub-221319	NNLS	6	06.DorsalAttentionB	(0.0, 0.460938, 0.054688, 1.0)	109	8.621958533286843	0.2767921082893146	0.2745085951405999	0.831854881463779
MdWfIbDeNiSoScLa	HCPur100	sub-239944	NNLS	6	06.DorsalAttentionB	(0.0, 0.460938, 0.054688, 1.0)	109	8.621958533286843	0.15491168817878545	0.15464515988740857	0.1723482917738469
MdWfIbDeNiSoScLa	HCPur100	sub-245333	NNLS	6	06.DorsalAttentionB	(0.0, 0.460938, 0.054688, 1.0)	109	8.621958533286843	0.09735153128520013	0.09574715158214822	1.6756422269913702
MdWfIbDeNiSoScLa	HCPur100	sub-280739	NNLS	6	06.DorsalAttentionB	(0.0, 0.460938, 0.054688, 1.0)	109	8.621958533286843	0.11452748531732725	0.11449847659165661	0.025335468675349665
MdWfIbDeNiSoScLa	HCPur100	sub-298051	NNLS	6	06.DorsalAttentionB	(0.0, 0.460938, 0.054688, 1.0)	109	8.621958533286843	0.21629163344778987	0.21518173994875098	0.5157935330866055
MdWfIbDeNiSoScLa	HCPur100	sub-366446	NNLS	6	06.DorsalAttentionB	(0.0, 0.460938, 0.054688, 1.0)	109	8.621958533286843	0.0553518848705711	0.05476394714932068	1.0735853638294774
MdWfIbDeNiSoScLa	HCPur100	sub-397760	NNLS	6	06.DorsalAttentionB	(0.0, 0.460938, 0.054688, 1.0)	109	8.621958533286843	0.2537216116147975	0.25176273762280144	0.7780635095138316
MdWfIbDeNiSoScLa	HCPur100	sub-414229	NNLS	6	06.DorsalAttentionB	(0.0, 0.460938, 0.054688, 1.0)	109	8.621958533286843	0.31534105215722896	0.31454712710350313	0.2524025766938846
MdWfIbDeNiSoScLa	HCPur100	sub-654754	NNLS	6	06.DorsalAttentionB	(0.0, 0.460938, 0.054688, 1.0)	109	8.621958533286843	0.16728543625420522	0.16642289213002187	0.5182845419544011
MdWfIbDeNiSoScLa	HCPur100	sub-672756	NNLS	6	06.DorsalAttentionB	(0.0, 0.460938, 0.054688, 1.0)	109	8.621958533286843	0.06217437614607441	0.061433092009181914	1.2066528195938848
MdWfIbDeNiSoScLa	HCPur100	sub-751348	NNLS	6	06.DorsalAttentionB	(0.0, 0.460938, 0.054688, 1.0)	109	8.621958533286843	0.2365265778269547	0.23619867104178888	0.13882668506115178
MdWfIbDeNiSoScLa	HCPur100	sub-792564	NNLS	6	06.DorsalAttentionB	(0.0, 0.460938, 0.054688, 1.0)	109	8.621958533286843	0.18179436074264946	0.18228410101958484	-0.26866867389754495
MdWfIbDeNiSoScLa	HCPur100	sub-899885	NNLS	6	06.DorsalAttentionB	(0.0, 0.460938, 0.054688, 1.0)	109	8.621958533286843	0.2154239158864542	0.21373918388997906	0.7882185969898494
MdWfIbDeNiSoScLa	HCPur100	sub-101309	NNLS	7	07.VentralAttentionA	(0.765625, 0.226562, 0.976562, 1.0)	151	5.897600006443144	0.0469811034668297	0.0494946521981851	-5.078424879703601
MdWfIbDeNiSoScLa	HCPur100	sub-103111	NNLS	7	07.VentralAttentionA	(0.765625, 0.226562, 0.976562, 1.0)	151	5.897600006443144	0.17385254444618342	0.17548274049890636	-0.9289779998239184
MdWfIbDeNiSoScLa	HCPur100	sub-103414	NNLS	7	07.VentralAttentionA	(0.765625, 0.226562, 0.976562, 1.0)	151	5.897600006443144	0.24822432819222795	0.24610675657567527	0.8604280703287198
MdWfIbDeNiSoScLa	HCPur100	sub-103818	NNLS	7	07.VentralAttentionA	(0.765625, 0.226562, 0.976562, 1.0)	151	5.897600006443144	0.17516092407067593	0.17429667486761086	0.49584950700954394
MdWfIbDeNiSoScLa	HCPur100	sub-105014	NNLS	7	07.VentralAttentionA	(0.765625, 0.226562, 0.976562, 1.0)	151	5.897600006443144	0.12063119920394737	0.12323949865903995	-2.116447635273837
MdWfIbDeNiSoScLa	HCPur100	sub-105115	NNLS	7	07.VentralAttentionA	(0.765625, 0.226562, 0.976562, 1.0)	151	5.897600006443144	0.16149482125308726	0.16259571654819466	-0.6770752135903206
MdWfIbDeNiSoScLa	HCPur100	sub-110411	NNLS	7	07.VentralAttentionA	(0.765625, 0.226562, 0.976562, 1.0)	151	5.897600006443144	0.09734462681110218	0.09817800460902436	-0.8488436908459842
MdWfIbDeNiSoScLa	HCPur100	sub-117122	NNLS	7	07.VentralAttentionA	(0.765625, 0.226562, 0.976562, 1.0)	151	5.897600006443144	0.20929425046389263	0.20725364529241755	0.984593138806298
MdWfIbDeNiSoScLa	HCPur100	sub-118730	NNLS	7	07.VentralAttentionA	(0.765625, 0.226562, 0.976562, 1.0)	151	5.897600006443144	0.1652332746287718	0.16824410015024868	-1.7895578619328092
MdWfIbDeNiSoScLa	HCPur100	sub-123117	NNLS	7	07.VentralAttentionA	(0.765625, 0.226562, 0.976562, 1.0)	151	5.897600006443144	0.16565325764596014	0.16502918345304854	0.3781598986637155
MdWfIbDeNiSoScLa	HCPur100	sub-124422	NNLS	7	07.VentralAttentionA	(0.765625, 0.226562, 0.976562, 1.0)	151	5.897600006443144	0.18276753705605714	0.18176689155009862	0.5505103252991052
MdWfIbDeNiSoScLa	HCPur100	sub-127630	NNLS	7	07.VentralAttentionA	(0.765625, 0.226562, 0.976562, 1.0)	151	5.897600006443144	0.17236687839490497	0.17229458758895783	0.04195767665064949
MdWfIbDeNiSoScLa	HCPur100	sub-128632	NNLS	7	07.VentralAttentionA	(0.765625, 0.226562, 0.976562, 1.0)	151	5.897600006443144	0.1879308058980565	0.1895573483372452	-0.8580740622594489
MdWfIbDeNiSoScLa	HCPur100	sub-130013	NNLS	7	07.VentralAttentionA	(0.765625, 0.226562, 0.976562, 1.0)	151	5.897600006443144	0.2250072253462256	0.22329373145215037	0.7673721438268076
MdWfIbDeNiSoScLa	HCPur100	sub-130316	NNLS	7	07.VentralAttentionA	(0.765625, 0.226562, 0.976562, 1.0)	151	5.897600006443144	0.14415432070422554	0.14080050547223483	2.3819624941986235
MdWfIbDeNiSoScLa	HCPur100	sub-131217	NNLS	7	07.VentralAttentionA	(0.765625, 0.226562, 0.976562, 1.0)	151	5.897600006443144	0.19379376312380384	0.1944347795467546	-0.3296819758507302
MdWfIbDeNiSoScLa	HCPur100	sub-153025	NNLS	7	07.VentralAttentionA	(0.765625, 0.226562, 0.976562, 1.0)	151	5.897600006443144	0.27753697292007856	0.27884184880287627	-0.4679627137747794
MdWfIbDeNiSoScLa	HCPur100	sub-154734	NNLS	7	07.VentralAttentionA	(0.765625, 0.226562, 0.976562, 1.0)	151	5.897600006443144	0.20373685322765128	0.20425780203606414	-0.2550447538453772
MdWfIbDeNiSoScLa	HCPur100	sub-156637	NNLS	7	07.VentralAttentionA	(0.765625, 0.226562, 0.976562, 1.0)	151	5.897600006443144	0.08392163060312499	0.08285140964109254	1.2917353689799425
MdWfIbDeNiSoScLa	HCPur100	sub-159340	NNLS	7	07.VentralAttentionA	(0.765625, 0.226562, 0.976562, 1.0)	151	5.897600006443144	0.23287501649473646	0.2338336846521734	-0.4099786388188523
MdWfIbDeNiSoScLa	HCPur100	sub-160123	NNLS	7	07.VentralAttentionA	(0.765625, 0.226562, 0.976562, 1.0)	151	5.897600006443144	0.1847675255810635	0.18523827697045683	-0.2541328914803182
MdWfIbDeNiSoScLa	HCPur100	sub-161731	NNLS	7	07.VentralAttentionA	(0.765625, 0.226562, 0.976562, 1.0)	151	5.897600006443144	0.25503364665481665	0.25539493586712825	-0.14146295073742726
MdWfIbDeNiSoScLa	HCPur100	sub-162733	NNLS	7	07.VentralAttentionA	(0.765625, 0.226562, 0.976562, 1.0)	151	5.897600006443144	0.18299839360763412	0.18436778933079379	-0.7427521521683424
MdWfIbDeNiSoScLa	HCPur100	sub-163129	NNLS	7	07.VentralAttentionA	(0.765625, 0.226562, 0.976562, 1.0)	151	5.897600006443144	0.2824330307319108	0.2825339110945543	-0.03570557681117969
MdWfIbDeNiSoScLa	HCPur100	sub-178950	NNLS	7	07.VentralAttentionA	(0.765625, 0.226562, 0.976562, 1.0)	151	5.897600006443144	0.16755672318035747	0.1689685412027811	-0.8355508145917462
MdWfIbDeNiSoScLa	HCPur100	sub-188347	NNLS	7	07.VentralAttentionA	(0.765625, 0.226562, 0.976562, 1.0)	151	5.897600006443144	0.28389488988167	0.286038765540971	-0.7495052830501536
MdWfIbDeNiSoScLa	HCPur100	sub-189450	NNLS	7	07.VentralAttentionA	(0.765625, 0.226562, 0.976562, 1.0)	151	5.897600006443144	0.14682860744882859	0.1479109837680173	-0.7317754852380127
MdWfIbDeNiSoScLa	HCPur100	sub-190031	NNLS	7	07.VentralAttentionA	(0.765625, 0.226562, 0.976562, 1.0)	151	5.897600006443144	0.18768860528692743	0.18635813902531742	0.7139297851806007
MdWfIbDeNiSoScLa	HCPur100	sub-196750	NNLS	7	07.VentralAttentionA	(0.765625, 0.226562, 0.976562, 1.0)	151	5.897600006443144	0.21566232382876724	0.2171086520333398	-0.6661771380490391
MdWfIbDeNiSoScLa	HCPur100	sub-198451	NNLS	7	07.VentralAttentionA	(0.765625, 0.226562, 0.976562, 1.0)	151	5.897600006443144	0.06829709473503438	0.06695721130567817	2.001103993473204
MdWfIbDeNiSoScLa	HCPur100	sub-199655	NNLS	7	07.VentralAttentionA	(0.765625, 0.226562, 0.976562, 1.0)	151	5.897600006443144	0.181379845013429	0.18161736566788042	-0.13078080588712934
MdWfIbDeNiSoScLa	HCPur100	sub-201111	NNLS	7	07.VentralAttentionA	(0.765625, 0.226562, 0.976562, 1.0)	151	5.897600006443144	0.1234535258476845	0.12468109738561882	-0.9845690835858102
MdWfIbDeNiSoScLa	HCPur100	sub-208226	NNLS	7	07.VentralAttentionA	(0.765625, 0.226562, 0.976562, 1.0)	151	5.897600006443144	0.10044784533595315	0.10383802588588399	-3.264873846558473
MdWfIbDeNiSoScLa	HCPur100	sub-211417	NNLS	7	07.VentralAttentionA	(0.765625, 0.226562, 0.976562, 1.0)	151	5.897600006443144	0.16526570970041665	0.16275565523196112	1.542222581991501
MdWfIbDeNiSoScLa	HCPur100	sub-211720	NNLS	7	07.VentralAttentionA	(0.765625, 0.226562, 0.976562, 1.0)	151	5.897600006443144	0.12080661604560422	0.12026191158296709	0.4529318181187779
MdWfIbDeNiSoScLa	HCPur100	sub-212318	NNLS	7	07.VentralAttentionA	(0.765625, 0.226562, 0.976562, 1.0)	151	5.897600006443144	0.16228873231079627	0.16292537610147914	-0.3907579076486739
MdWfIbDeNiSoScLa	HCPur100	sub-214423	NNLS	7	07.VentralAttentionA	(0.765625, 0.226562, 0.976562, 1.0)	151	5.897600006443144	0.12172089391526025	0.12046417637168592	1.0432292665138825
MdWfIbDeNiSoScLa	HCPur100	sub-221319	NNLS	7	07.VentralAttentionA	(0.765625, 0.226562, 0.976562, 1.0)	151	5.897600006443144	0.27444696267882707	0.2745085951405999	-0.02245192422526987
MdWfIbDeNiSoScLa	HCPur100	sub-239944	NNLS	7	07.VentralAttentionA	(0.765625, 0.226562, 0.976562, 1.0)	151	5.897600006443144	0.15364646190016018	0.15464515988740857	-0.6457997055811525
MdWfIbDeNiSoScLa	HCPur100	sub-245333	NNLS	7	07.VentralAttentionA	(0.765625, 0.226562, 0.976562, 1.0)	151	5.897600006443144	0.09629114858490377	0.09574715158214822	0.5681599857190706
MdWfIbDeNiSoScLa	HCPur100	sub-280739	NNLS	7	07.VentralAttentionA	(0.765625, 0.226562, 0.976562, 1.0)	151	5.897600006443144	0.11582369161056974	0.11449847659165661	1.157408428794495
MdWfIbDeNiSoScLa	HCPur100	sub-298051	NNLS	7	07.VentralAttentionA	(0.765625, 0.226562, 0.976562, 1.0)	151	5.897600006443144	0.21232064956246535	0.21518173994875098	-1.3296157875510441
MdWfIbDeNiSoScLa	HCPur100	sub-366446	NNLS	7	07.VentralAttentionA	(0.765625, 0.226562, 0.976562, 1.0)	151	5.897600006443144	0.05386719422215243	0.05476394714932068	-1.6374877521577191
MdWfIbDeNiSoScLa	HCPur100	sub-397760	NNLS	7	07.VentralAttentionA	(0.765625, 0.226562, 0.976562, 1.0)	151	5.897600006443144	0.2519615873452881	0.25176273762280144	0.0789829838856476
MdWfIbDeNiSoScLa	HCPur100	sub-414229	NNLS	7	07.VentralAttentionA	(0.765625, 0.226562, 0.976562, 1.0)	151	5.897600006443144	0.31505660195190843	0.31454712710350313	0.16197091135334238
MdWfIbDeNiSoScLa	HCPur100	sub-654754	NNLS	7	07.VentralAttentionA	(0.765625, 0.226562, 0.976562, 1.0)	151	5.897600006443144	0.16402587227311893	0.16642289213002187	-1.4403185921262613
MdWfIbDeNiSoScLa	HCPur100	sub-672756	NNLS	7	07.VentralAttentionA	(0.765625, 0.226562, 0.976562, 1.0)	151	5.897600006443144	0.06167999625863118	0.061433092009181914	0.4019075735474346
MdWfIbDeNiSoScLa	HCPur100	sub-751348	NNLS	7	07.VentralAttentionA	(0.765625, 0.226562, 0.976562, 1.0)	151	5.897600006443144	0.23591301247370391	0.23619867104178888	-0.12093995568434959
MdWfIbDeNiSoScLa	HCPur100	sub-792564	NNLS	7	07.VentralAttentionA	(0.765625, 0.226562, 0.976562, 1.0)	151	5.897600006443144	0.18113928002517518	0.18228410101958484	-0.6280421539817428
MdWfIbDeNiSoScLa	HCPur100	sub-899885	NNLS	7	07.VentralAttentionA	(0.765625, 0.226562, 0.976562, 1.0)	151	5.897600006443144	0.21400708058215315	0.21373918388997906	0.12533812813282927
MdWfIbDeNiSoScLa	HCPur100	sub-101309	NNLS	8	08.VentralAttentionB	(0.996094, 0.59375, 0.832031, 1.0)	97	4.28670950023027	0.04932890319815423	0.0494946521981851	-0.33488264422423536
MdWfIbDeNiSoScLa	HCPur100	sub-103111	NNLS	8	08.VentralAttentionB	(0.996094, 0.59375, 0.832031, 1.0)	97	4.28670950023027	0.17537118893618356	0.17548274049890636	-0.06356839561865374
MdWfIbDeNiSoScLa	HCPur100	sub-103414	NNLS	8	08.VentralAttentionB	(0.996094, 0.59375, 0.832031, 1.0)	97	4.28670950023027	0.24608662293453412	0.24610675657567527	-0.00818085672302735
MdWfIbDeNiSoScLa	HCPur100	sub-103818	NNLS	8	08.VentralAttentionB	(0.996094, 0.59375, 0.832031, 1.0)	97	4.28670950023027	0.17448626252236082	0.17429667486761086	0.10877296132813269
MdWfIbDeNiSoScLa	HCPur100	sub-105014	NNLS	8	08.VentralAttentionB	(0.996094, 0.59375, 0.832031, 1.0)	97	4.28670950023027	0.12406620958313819	0.12323949865903995	0.6708165264331797
MdWfIbDeNiSoScLa	HCPur100	sub-105115	NNLS	8	08.VentralAttentionB	(0.996094, 0.59375, 0.832031, 1.0)	97	4.28670950023027	0.16281654991094927	0.16259571654819466	0.13581745413886778
MdWfIbDeNiSoScLa	HCPur100	sub-110411	NNLS	8	08.VentralAttentionB	(0.996094, 0.59375, 0.832031, 1.0)	97	4.28670950023027	0.09889386837073619	0.09817800460902436	0.7291488195982633
MdWfIbDeNiSoScLa	HCPur100	sub-117122	NNLS	8	08.VentralAttentionB	(0.996094, 0.59375, 0.832031, 1.0)	97	4.28670950023027	0.20611642301014005	0.20725364529241755	-0.5487103885063034
MdWfIbDeNiSoScLa	HCPur100	sub-118730	NNLS	8	08.VentralAttentionB	(0.996094, 0.59375, 0.832031, 1.0)	97	4.28670950023027	0.16881318258767838	0.16824410015024868	0.3382480793807859
MdWfIbDeNiSoScLa	HCPur100	sub-123117	NNLS	8	08.VentralAttentionB	(0.996094, 0.59375, 0.832031, 1.0)	97	4.28670950023027	0.16553217745958188	0.16502918345304854	0.3047909442492272
MdWfIbDeNiSoScLa	HCPur100	sub-124422	NNLS	8	08.VentralAttentionB	(0.996094, 0.59375, 0.832031, 1.0)	97	4.28670950023027	0.18161312161800924	0.18176689155009862	-0.08459732725692448
MdWfIbDeNiSoScLa	HCPur100	sub-127630	NNLS	8	08.VentralAttentionB	(0.996094, 0.59375, 0.832031, 1.0)	97	4.28670950023027	0.17111624423728408	0.17229458758895783	-0.6839119952420739
MdWfIbDeNiSoScLa	HCPur100	sub-128632	NNLS	8	08.VentralAttentionB	(0.996094, 0.59375, 0.832031, 1.0)	97	4.28670950023027	0.18974070151783098	0.1895573483372452	0.09672702334893728
MdWfIbDeNiSoScLa	HCPur100	sub-130013	NNLS	8	08.VentralAttentionB	(0.996094, 0.59375, 0.832031, 1.0)	97	4.28670950023027	0.22248628596232245	0.22329373145215037	-0.36160687744203235
MdWfIbDeNiSoScLa	HCPur100	sub-130316	NNLS	8	08.VentralAttentionB	(0.996094, 0.59375, 0.832031, 1.0)	97	4.28670950023027	0.14007252314561444	0.14080050547223483	-0.5170310462869326
MdWfIbDeNiSoScLa	HCPur100	sub-131217	NNLS	8	08.VentralAttentionB	(0.996094, 0.59375, 0.832031, 1.0)	97	4.28670950023027	0.19409213519477414	0.1944347795467546	-0.17622585464348686
MdWfIbDeNiSoScLa	HCPur100	sub-153025	NNLS	8	08.VentralAttentionB	(0.996094, 0.59375, 0.832031, 1.0)	97	4.28670950023027	0.2785550528779536	0.27884184880287627	-0.1028525403033716
MdWfIbDeNiSoScLa	HCPur100	sub-154734	NNLS	8	08.VentralAttentionB	(0.996094, 0.59375, 0.832031, 1.0)	97	4.28670950023027	0.20410979368337	0.20425780203606414	-0.0724615418450436
MdWfIbDeNiSoScLa	HCPur100	sub-156637	NNLS	8	08.VentralAttentionB	(0.996094, 0.59375, 0.832031, 1.0)	97	4.28670950023027	0.08218543846096033	0.08285140964109254	-0.8038139399403874
MdWfIbDeNiSoScLa	HCPur100	sub-159340	NNLS	8	08.VentralAttentionB	(0.996094, 0.59375, 0.832031, 1.0)	97	4.28670950023027	0.23382657939274196	0.2338336846521734	-0.0030385953341259763
MdWfIbDeNiSoScLa	HCPur100	sub-160123	NNLS	8	08.VentralAttentionB	(0.996094, 0.59375, 0.832031, 1.0)	97	4.28670950023027	0.18508175190563403	0.18523827697045683	-0.08449930942068105
MdWfIbDeNiSoScLa	HCPur100	sub-161731	NNLS	8	08.VentralAttentionB	(0.996094, 0.59375, 0.832031, 1.0)	97	4.28670950023027	0.25614957037528613	0.25539493586712825	0.2954774751487191
MdWfIbDeNiSoScLa	HCPur100	sub-162733	NNLS	8	08.VentralAttentionB	(0.996094, 0.59375, 0.832031, 1.0)	97	4.28670950023027	0.18514388991876468	0.18436778933079379	0.42095237502599314
MdWfIbDeNiSoScLa	HCPur100	sub-163129	NNLS	8	08.VentralAttentionB	(0.996094, 0.59375, 0.832031, 1.0)	97	4.28670950023027	0.28280652069373335	0.2825339110945543	0.09648739088450219
MdWfIbDeNiSoScLa	HCPur100	sub-178950	NNLS	8	08.VentralAttentionB	(0.996094, 0.59375, 0.832031, 1.0)	97	4.28670950023027	0.16958698342507475	0.1689685412027811	0.3660102749845327
MdWfIbDeNiSoScLa	HCPur100	sub-188347	NNLS	8	08.VentralAttentionB	(0.996094, 0.59375, 0.832031, 1.0)	97	4.28670950023027	0.2862409109801202	0.286038765540971	0.07067064450753596
MdWfIbDeNiSoScLa	HCPur100	sub-189450	NNLS	8	08.VentralAttentionB	(0.996094, 0.59375, 0.832031, 1.0)	97	4.28670950023027	0.14805518335922668	0.1479109837680173	0.09749079313510112
MdWfIbDeNiSoScLa	HCPur100	sub-190031	NNLS	8	08.VentralAttentionB	(0.996094, 0.59375, 0.832031, 1.0)	97	4.28670950023027	0.18588079371626215	0.18635813902531742	-0.2561440630132191
MdWfIbDeNiSoScLa	HCPur100	sub-196750	NNLS	8	08.VentralAttentionB	(0.996094, 0.59375, 0.832031, 1.0)	97	4.28670950023027	0.2167759386425793	0.2171086520333398	-0.15324741213417853
MdWfIbDeNiSoScLa	HCPur100	sub-198451	NNLS	8	08.VentralAttentionB	(0.996094, 0.59375, 0.832031, 1.0)	97	4.28670950023027	0.06657274480693709	0.06695721130567817	-0.5741972989076268
MdWfIbDeNiSoScLa	HCPur100	sub-199655	NNLS	8	08.VentralAttentionB	(0.996094, 0.59375, 0.832031, 1.0)	97	4.28670950023027	0.18124476242010945	0.18161736566788042	-0.2051583814140002
MdWfIbDeNiSoScLa	HCPur100	sub-201111	NNLS	8	08.VentralAttentionB	(0.996094, 0.59375, 0.832031, 1.0)	97	4.28670950023027	0.12474388852657745	0.12468109738561882	0.05036139581321075
MdWfIbDeNiSoScLa	HCPur100	sub-208226	NNLS	8	08.VentralAttentionB	(0.996094, 0.59375, 0.832031, 1.0)	97	4.28670950023027	0.10379564432952296	0.10383802588588399	-0.04081506365270388
MdWfIbDeNiSoScLa	HCPur100	sub-211417	NNLS	8	08.VentralAttentionB	(0.996094, 0.59375, 0.832031, 1.0)	97	4.28670950023027	0.16183227013798232	0.16275565523196112	-0.5673443989781967
MdWfIbDeNiSoScLa	HCPur100	sub-211720	NNLS	8	08.VentralAttentionB	(0.996094, 0.59375, 0.832031, 1.0)	97	4.28670950023027	0.1199872781828839	0.12026191158296709	-0.2283627430067243
MdWfIbDeNiSoScLa	HCPur100	sub-212318	NNLS	8	08.VentralAttentionB	(0.996094, 0.59375, 0.832031, 1.0)	97	4.28670950023027	0.16295309009939654	0.16292537610147914	0.01701024025879081
MdWfIbDeNiSoScLa	HCPur100	sub-214423	NNLS	8	08.VentralAttentionB	(0.996094, 0.59375, 0.832031, 1.0)	97	4.28670950023027	0.11918003884514086	0.12046417637168592	-1.0659912060353303
MdWfIbDeNiSoScLa	HCPur100	sub-221319	NNLS	8	08.VentralAttentionB	(0.996094, 0.59375, 0.832031, 1.0)	97	4.28670950023027	0.2739331722619474	0.2745085951405999	-0.2096192574071321
MdWfIbDeNiSoScLa	HCPur100	sub-239944	NNLS	8	08.VentralAttentionB	(0.996094, 0.59375, 0.832031, 1.0)	97	4.28670950023027	0.1547550434079432	0.15464515988740857	0.07105526006415112
MdWfIbDeNiSoScLa	HCPur100	sub-245333	NNLS	8	08.VentralAttentionB	(0.996094, 0.59375, 0.832031, 1.0)	97	4.28670950023027	0.0954879791447723	0.09574715158214822	-0.27068422725197516
MdWfIbDeNiSoScLa	HCPur100	sub-280739	NNLS	8	08.VentralAttentionB	(0.996094, 0.59375, 0.832031, 1.0)	97	4.28670950023027	0.11406403832637489	0.11449847659165661	-0.3794271139790689
MdWfIbDeNiSoScLa	HCPur100	sub-298051	NNLS	8	08.VentralAttentionB	(0.996094, 0.59375, 0.832031, 1.0)	97	4.28670950023027	0.2153482150042399	0.21518173994875098	0.07736486168787696
MdWfIbDeNiSoScLa	HCPur100	sub-366446	NNLS	8	08.VentralAttentionB	(0.996094, 0.59375, 0.832031, 1.0)	97	4.28670950023027	0.05444283898100137	0.05476394714932068	-0.5863495694416788
MdWfIbDeNiSoScLa	HCPur100	sub-397760	NNLS	8	08.VentralAttentionB	(0.996094, 0.59375, 0.832031, 1.0)	97	4.28670950023027	0.2518308148428556	0.25176273762280144	0.027040228707767174
MdWfIbDeNiSoScLa	HCPur100	sub-414229	NNLS	8	08.VentralAttentionB	(0.996094, 0.59375, 0.832031, 1.0)	97	4.28670950023027	0.31511489302351203	0.31454712710350313	0.18050265638639082
MdWfIbDeNiSoScLa	HCPur100	sub-654754	NNLS	8	08.VentralAttentionB	(0.996094, 0.59375, 0.832031, 1.0)	97	4.28670950023027	0.1666135420490862	0.16642289213002187	0.11455750866016064
MdWfIbDeNiSoScLa	HCPur100	sub-672756	NNLS	8	08.VentralAttentionB	(0.996094, 0.59375, 0.832031, 1.0)	97	4.28670950023027	0.061059435887554685	0.061433092009181914	-0.608232646944389
MdWfIbDeNiSoScLa	HCPur100	sub-751348	NNLS	8	08.VentralAttentionB	(0.996094, 0.59375, 0.832031, 1.0)	97	4.28670950023027	0.23591923953540792	0.23619867104178888	-0.11830358957926729
MdWfIbDeNiSoScLa	HCPur100	sub-792564	NNLS	8	08.VentralAttentionB	(0.996094, 0.59375, 0.832031, 1.0)	97	4.28670950023027	0.1824149617175772	0.18228410101958484	0.07178941951624675
MdWfIbDeNiSoScLa	HCPur100	sub-899885	NNLS	8	08.VentralAttentionB	(0.996094, 0.59375, 0.832031, 1.0)	97	4.28670950023027	0.21365091159650076	0.21373918388997906	-0.041299069207513764
MdWfIbDeNiSoScLa	HCPur100	sub-101309	NNLS	9	09.LimbicA	(0.859375, 0.96875, 0.640625, 1.0)	71	1.071238148005384	0.050043669468955866	0.0494946521981851	1.1092456384427276
MdWfIbDeNiSoScLa	HCPur100	sub-103111	NNLS	9	09.LimbicA	(0.859375, 0.96875, 0.640625, 1.0)	71	1.071238148005384	0.17571449980108675	0.17548274049890636	0.13206957078598522
MdWfIbDeNiSoScLa	HCPur100	sub-103414	NNLS	9	09.LimbicA	(0.859375, 0.96875, 0.640625, 1.0)	71	1.071238148005384	0.24598955809133802	0.24610675657567527	-0.04762099422541147
MdWfIbDeNiSoScLa	HCPur100	sub-103818	NNLS	9	09.LimbicA	(0.859375, 0.96875, 0.640625, 1.0)	71	1.071238148005384	0.17395811628886185	0.17429667486761086	-0.19424270658414225
MdWfIbDeNiSoScLa	HCPur100	sub-105014	NNLS	9	09.LimbicA	(0.859375, 0.96875, 0.640625, 1.0)	71	1.071238148005384	0.12317605078808164	0.12323949865903995	-0.05148338937490439
MdWfIbDeNiSoScLa	HCPur100	sub-105115	NNLS	9	09.LimbicA	(0.859375, 0.96875, 0.640625, 1.0)	71	1.071238148005384	0.16237821035412067	0.16259571654819466	-0.13377117103175024
MdWfIbDeNiSoScLa	HCPur100	sub-110411	NNLS	9	09.LimbicA	(0.859375, 0.96875, 0.640625, 1.0)	71	1.071238148005384	0.09793228576306981	0.09817800460902436	-0.25027891627363785
MdWfIbDeNiSoScLa	HCPur100	sub-117122	NNLS	9	09.LimbicA	(0.859375, 0.96875, 0.640625, 1.0)	71	1.071238148005384	0.20754899748293623	0.20725364529241755	0.1425075974427208
MdWfIbDeNiSoScLa	HCPur100	sub-118730	NNLS	9	09.LimbicA	(0.859375, 0.96875, 0.640625, 1.0)	71	1.071238148005384	0.1682469715430681	0.16824410015024868	0.0017066826217781218
MdWfIbDeNiSoScLa	HCPur100	sub-123117	NNLS	9	09.LimbicA	(0.859375, 0.96875, 0.640625, 1.0)	71	1.071238148005384	0.16487833498076543	0.16502918345304854	-0.09140714940641241
MdWfIbDeNiSoScLa	HCPur100	sub-124422	NNLS	9	09.LimbicA	(0.859375, 0.96875, 0.640625, 1.0)	71	1.071238148005384	0.18170499404629287	0.18176689155009862	-0.034053233390247045
MdWfIbDeNiSoScLa	HCPur100	sub-127630	NNLS	9	09.LimbicA	(0.859375, 0.96875, 0.640625, 1.0)	71	1.071238148005384	0.17250840211981042	0.17229458758895783	0.12409822841486279
MdWfIbDeNiSoScLa	HCPur100	sub-128632	NNLS	9	09.LimbicA	(0.859375, 0.96875, 0.640625, 1.0)	71	1.071238148005384	0.18953763947565566	0.1895573483372452	-0.010397308129919972
MdWfIbDeNiSoScLa	HCPur100	sub-130013	NNLS	9	09.LimbicA	(0.859375, 0.96875, 0.640625, 1.0)	71	1.071238148005384	0.22335211911734426	0.22329373145215037	0.026148367360865635
MdWfIbDeNiSoScLa	HCPur100	sub-130316	NNLS	9	09.LimbicA	(0.859375, 0.96875, 0.640625, 1.0)	71	1.071238148005384	0.14079931008901697	0.14080050547223483	-0.0008489907148035427
MdWfIbDeNiSoScLa	HCPur100	sub-131217	NNLS	9	09.LimbicA	(0.859375, 0.96875, 0.640625, 1.0)	71	1.071238148005384	0.19441332946616527	0.1944347795467546	-0.011032018365912366
MdWfIbDeNiSoScLa	HCPur100	sub-153025	NNLS	9	09.LimbicA	(0.859375, 0.96875, 0.640625, 1.0)	71	1.071238148005384	0.27858844416923073	0.27884184880287627	-0.09087754751786874
MdWfIbDeNiSoScLa	HCPur100	sub-154734	NNLS	9	09.LimbicA	(0.859375, 0.96875, 0.640625, 1.0)	71	1.071238148005384	0.20435351129002313	0.20425780203606414	0.04685708599865061
MdWfIbDeNiSoScLa	HCPur100	sub-156637	NNLS	9	09.LimbicA	(0.859375, 0.96875, 0.640625, 1.0)	71	1.071238148005384	0.0828309753685717	0.08285140964109254	-0.024663759626250212
MdWfIbDeNiSoScLa	HCPur100	sub-159340	NNLS	9	09.LimbicA	(0.859375, 0.96875, 0.640625, 1.0)	71	1.071238148005384	0.23365584185263877	0.2338336846521734	-0.07605525260365491
MdWfIbDeNiSoScLa	HCPur100	sub-160123	NNLS	9	09.LimbicA	(0.859375, 0.96875, 0.640625, 1.0)	71	1.071238148005384	0.1854304711313548	0.18523827697045683	0.10375510074984166
MdWfIbDeNiSoScLa	HCPur100	sub-161731	NNLS	9	09.LimbicA	(0.859375, 0.96875, 0.640625, 1.0)	71	1.071238148005384	0.2552721637747529	0.25539493586712825	-0.04807146702360466
MdWfIbDeNiSoScLa	HCPur100	sub-162733	NNLS	9	09.LimbicA	(0.859375, 0.96875, 0.640625, 1.0)	71	1.071238148005384	0.1843340171697385	0.18436778933079379	-0.01831782068759378
MdWfIbDeNiSoScLa	HCPur100	sub-163129	NNLS	9	09.LimbicA	(0.859375, 0.96875, 0.640625, 1.0)	71	1.071238148005384	0.2827347878099561	0.2825339110945543	0.07109826732784065
MdWfIbDeNiSoScLa	HCPur100	sub-178950	NNLS	9	09.LimbicA	(0.859375, 0.96875, 0.640625, 1.0)	71	1.071238148005384	0.16866356513729427	0.1689685412027811	-0.18049280849316054
MdWfIbDeNiSoScLa	HCPur100	sub-188347	NNLS	9	09.LimbicA	(0.859375, 0.96875, 0.640625, 1.0)	71	1.071238148005384	0.2863584960952043	0.286038765540971	0.11177874915961053
MdWfIbDeNiSoScLa	HCPur100	sub-189450	NNLS	9	09.LimbicA	(0.859375, 0.96875, 0.640625, 1.0)	71	1.071238148005384	0.1483879552027858	0.1479109837680173	0.32247195077586044
MdWfIbDeNiSoScLa	HCPur100	sub-190031	NNLS	9	09.LimbicA	(0.859375, 0.96875, 0.640625, 1.0)	71	1.071238148005384	0.1865732211810132	0.18635813902531742	0.11541334165530999
MdWfIbDeNiSoScLa	HCPur100	sub-196750	NNLS	9	09.LimbicA	(0.859375, 0.96875, 0.640625, 1.0)	71	1.071238148005384	0.2170337736137892	0.2171086520333398	-0.034488915503510485
MdWfIbDeNiSoScLa	HCPur100	sub-198451	NNLS	9	09.LimbicA	(0.859375, 0.96875, 0.640625, 1.0)	71	1.071238148005384	0.06668464393629366	0.06695721130567817	-0.4070769437218123
MdWfIbDeNiSoScLa	HCPur100	sub-199655	NNLS	9	09.LimbicA	(0.859375, 0.96875, 0.640625, 1.0)	71	1.071238148005384	0.18168986818747473	0.18161736566788042	0.039920477498224374
MdWfIbDeNiSoScLa	HCPur100	sub-201111	NNLS	9	09.LimbicA	(0.859375, 0.96875, 0.640625, 1.0)	71	1.071238148005384	0.12489351388302879	0.12468109738561882	0.17036784393467191
MdWfIbDeNiSoScLa	HCPur100	sub-208226	NNLS	9	09.LimbicA	(0.859375, 0.96875, 0.640625, 1.0)	71	1.071238148005384	0.1036331834330785	0.10383802588588399	-0.1972711355574268
MdWfIbDeNiSoScLa	HCPur100	sub-211417	NNLS	9	09.LimbicA	(0.859375, 0.96875, 0.640625, 1.0)	71	1.071238148005384	0.1630030988020242	0.16275565523196112	0.15203377708162255
MdWfIbDeNiSoScLa	HCPur100	sub-211720	NNLS	9	09.LimbicA	(0.859375, 0.96875, 0.640625, 1.0)	71	1.071238148005384	0.12017034715254753	0.12026191158296709	-0.07613751454166295
MdWfIbDeNiSoScLa	HCPur100	sub-212318	NNLS	9	09.LimbicA	(0.859375, 0.96875, 0.640625, 1.0)	71	1.071238148005384	0.16320988494720626	0.16292537610147914	0.17462525024334324
MdWfIbDeNiSoScLa	HCPur100	sub-214423	NNLS	9	09.LimbicA	(0.859375, 0.96875, 0.640625, 1.0)	71	1.071238148005384	0.12066753135383403	0.12046417637168592	0.16880950691985025
MdWfIbDeNiSoScLa	HCPur100	sub-221319	NNLS	9	09.LimbicA	(0.859375, 0.96875, 0.640625, 1.0)	71	1.071238148005384	0.274447692142849	0.2745085951405999	-0.022186189732863366
MdWfIbDeNiSoScLa	HCPur100	sub-239944	NNLS	9	09.LimbicA	(0.859375, 0.96875, 0.640625, 1.0)	71	1.071238148005384	0.15512863281849756	0.15464515988740857	0.31263372965632746
MdWfIbDeNiSoScLa	HCPur100	sub-245333	NNLS	9	09.LimbicA	(0.859375, 0.96875, 0.640625, 1.0)	71	1.071238148005384	0.09562653697765533	0.09574715158214822	-0.12597200282183596
MdWfIbDeNiSoScLa	HCPur100	sub-280739	NNLS	9	09.LimbicA	(0.859375, 0.96875, 0.640625, 1.0)	71	1.071238148005384	0.11479474377009861	0.11449847659165661	0.25875207012456336
MdWfIbDeNiSoScLa	HCPur100	sub-298051	NNLS	9	09.LimbicA	(0.859375, 0.96875, 0.640625, 1.0)	71	1.071238148005384	0.21514767975460597	0.21518173994875098	-0.015828570841150386
MdWfIbDeNiSoScLa	HCPur100	sub-366446	NNLS	9	09.LimbicA	(0.859375, 0.96875, 0.640625, 1.0)	71	1.071238148005384	0.05495663434529768	0.05476394714932068	0.3518504527287085
MdWfIbDeNiSoScLa	HCPur100	sub-397760	NNLS	9	09.LimbicA	(0.859375, 0.96875, 0.640625, 1.0)	71	1.071238148005384	0.2514290209249295	0.25176273762280144	-0.13255206112824183
MdWfIbDeNiSoScLa	HCPur100	sub-414229	NNLS	9	09.LimbicA	(0.859375, 0.96875, 0.640625, 1.0)	71	1.071238148005384	0.314139131548914	0.31454712710350313	-0.12970887966650987
MdWfIbDeNiSoScLa	HCPur100	sub-654754	NNLS	9	09.LimbicA	(0.859375, 0.96875, 0.640625, 1.0)	71	1.071238148005384	0.16621344253409784	0.16642289213002187	-0.12585383731968514
MdWfIbDeNiSoScLa	HCPur100	sub-672756	NNLS	9	09.LimbicA	(0.859375, 0.96875, 0.640625, 1.0)	71	1.071238148005384	0.061616280096862194	0.061433092009181914	0.2981912218465267
MdWfIbDeNiSoScLa	HCPur100	sub-751348	NNLS	9	09.LimbicA	(0.859375, 0.96875, 0.640625, 1.0)	71	1.071238148005384	0.23633112606057188	0.23619867104178888	0.05607780018354641
MdWfIbDeNiSoScLa	HCPur100	sub-792564	NNLS	9	09.LimbicA	(0.859375, 0.96875, 0.640625, 1.0)	71	1.071238148005384	0.18263607187671324	0.18228410101958484	0.19308916968605333
MdWfIbDeNiSoScLa	HCPur100	sub-899885	NNLS	9	09.LimbicA	(0.859375, 0.96875, 0.640625, 1.0)	71	1.071238148005384	0.21411883682240743	0.21373918388997906	0.17762439507759553
MdWfIbDeNiSoScLa	HCPur100	sub-101309	NNLS	10	10.LimbicB	(0.476562, 0.527344, 0.195312, 1.0)	75	8.13233281140498	0.05196619730995574	0.0494946521981851	4.993559914057276
MdWfIbDeNiSoScLa	HCPur100	sub-103111	NNLS	10	10.LimbicB	(0.476562, 0.527344, 0.195312, 1.0)	75	8.13233281140498	0.1706393824993872	0.17548274049890636	-2.7600195812700674
MdWfIbDeNiSoScLa	HCPur100	sub-103414	NNLS	10	10.LimbicB	(0.476562, 0.527344, 0.195312, 1.0)	75	8.13233281140498	0.24690378256144327	0.24610675657567527	0.32385376039967617
MdWfIbDeNiSoScLa	HCPur100	sub-103818	NNLS	10	10.LimbicB	(0.476562, 0.527344, 0.195312, 1.0)	75	8.13233281140498	0.17458004873842603	0.17429667486761086	0.16258134071141256
MdWfIbDeNiSoScLa	HCPur100	sub-105014	NNLS	10	10.LimbicB	(0.476562, 0.527344, 0.195312, 1.0)	75	8.13233281140498	0.11936372138596725	0.12323949865903995	-3.144914832699542
MdWfIbDeNiSoScLa	HCPur100	sub-105115	NNLS	10	10.LimbicB	(0.476562, 0.527344, 0.195312, 1.0)	75	8.13233281140498	0.16069099785815888	0.16259571654819466	-1.1714445684497505
MdWfIbDeNiSoScLa	HCPur100	sub-110411	NNLS	10	10.LimbicB	(0.476562, 0.527344, 0.195312, 1.0)	75	8.13233281140498	0.09393046426556675	0.09817800460902436	-4.326366542457899
MdWfIbDeNiSoScLa	HCPur100	sub-117122	NNLS	10	10.LimbicB	(0.476562, 0.527344, 0.195312, 1.0)	75	8.13233281140498	0.20684356356362454	0.20725364529241755	-0.19786466395532573
MdWfIbDeNiSoScLa	HCPur100	sub-118730	NNLS	10	10.LimbicB	(0.476562, 0.527344, 0.195312, 1.0)	75	8.13233281140498	0.16265332274417252	0.16824410015024868	-3.3230154288223934
MdWfIbDeNiSoScLa	HCPur100	sub-123117	NNLS	10	10.LimbicB	(0.476562, 0.527344, 0.195312, 1.0)	75	8.13233281140498	0.16234382570227418	0.16502918345304854	-1.627201743707563
MdWfIbDeNiSoScLa	HCPur100	sub-124422	NNLS	10	10.LimbicB	(0.476562, 0.527344, 0.195312, 1.0)	75	8.13233281140498	0.18419549203537156	0.18176689155009862	1.3361071780245328
MdWfIbDeNiSoScLa	HCPur100	sub-127630	NNLS	10	10.LimbicB	(0.476562, 0.527344, 0.195312, 1.0)	75	8.13233281140498	0.17395454029716795	0.17229458758895783	0.9634386845454838
MdWfIbDeNiSoScLa	HCPur100	sub-128632	NNLS	10	10.LimbicB	(0.476562, 0.527344, 0.195312, 1.0)	75	8.13233281140498	0.188567169972104	0.1895573483372452	-0.5223634819893965
MdWfIbDeNiSoScLa	HCPur100	sub-130013	NNLS	10	10.LimbicB	(0.476562, 0.527344, 0.195312, 1.0)	75	8.13233281140498	0.21879275673524082	0.22329373145215037	-2.0157192446193077
MdWfIbDeNiSoScLa	HCPur100	sub-130316	NNLS	10	10.LimbicB	(0.476562, 0.527344, 0.195312, 1.0)	75	8.13233281140498	0.1379793332903155	0.14080050547223483	-2.0036662314934977
MdWfIbDeNiSoScLa	HCPur100	sub-131217	NNLS	10	10.LimbicB	(0.476562, 0.527344, 0.195312, 1.0)	75	8.13233281140498	0.19490837171254055	0.1944347795467546	0.24357379214251187
MdWfIbDeNiSoScLa	HCPur100	sub-153025	NNLS	10	10.LimbicB	(0.476562, 0.527344, 0.195312, 1.0)	75	8.13233281140498	0.27649176327878217	0.27884184880287627	-0.8428023032351455
MdWfIbDeNiSoScLa	HCPur100	sub-154734	NNLS	10	10.LimbicB	(0.476562, 0.527344, 0.195312, 1.0)	75	8.13233281140498	0.20147866145924656	0.20425780203606414	-1.3606043681635667
MdWfIbDeNiSoScLa	HCPur100	sub-156637	NNLS	10	10.LimbicB	(0.476562, 0.527344, 0.195312, 1.0)	75	8.13233281140498	0.08068019587620835	0.08285140964109254	-2.620611736468649
MdWfIbDeNiSoScLa	HCPur100	sub-159340	NNLS	10	10.LimbicB	(0.476562, 0.527344, 0.195312, 1.0)	75	8.13233281140498	0.23321440733319956	0.2338336846521734	-0.26483665939533946
MdWfIbDeNiSoScLa	HCPur100	sub-160123	NNLS	10	10.LimbicB	(0.476562, 0.527344, 0.195312, 1.0)	75	8.13233281140498	0.17791506438267932	0.18523827697045683	-3.9534013744607854
MdWfIbDeNiSoScLa	HCPur100	sub-161731	NNLS	10	10.LimbicB	(0.476562, 0.527344, 0.195312, 1.0)	75	8.13233281140498	0.2527221806401517	0.25539493586712825	-1.0465184902362759
MdWfIbDeNiSoScLa	HCPur100	sub-162733	NNLS	10	10.LimbicB	(0.476562, 0.527344, 0.195312, 1.0)	75	8.13233281140498	0.1841278979896542	0.18436778933079379	-0.13011564656186575
MdWfIbDeNiSoScLa	HCPur100	sub-163129	NNLS	10	10.LimbicB	(0.476562, 0.527344, 0.195312, 1.0)	75	8.13233281140498	0.27471958856942497	0.2825339110945543	-2.765799862698298
MdWfIbDeNiSoScLa	HCPur100	sub-178950	NNLS	10	10.LimbicB	(0.476562, 0.527344, 0.195312, 1.0)	75	8.13233281140498	0.1657113558045523	0.1689685412027811	-1.9276874707226246
MdWfIbDeNiSoScLa	HCPur100	sub-188347	NNLS	10	10.LimbicB	(0.476562, 0.527344, 0.195312, 1.0)	75	8.13233281140498	0.28400322224587815	0.286038765540971	-0.711631967521306
MdWfIbDeNiSoScLa	HCPur100	sub-189450	NNLS	10	10.LimbicB	(0.476562, 0.527344, 0.195312, 1.0)	75	8.13233281140498	0.13822840152880464	0.1479109837680173	-6.546222594529406
MdWfIbDeNiSoScLa	HCPur100	sub-190031	NNLS	10	10.LimbicB	(0.476562, 0.527344, 0.195312, 1.0)	75	8.13233281140498	0.1855212942252546	0.18635813902531742	-0.44905191929885946
MdWfIbDeNiSoScLa	HCPur100	sub-196750	NNLS	10	10.LimbicB	(0.476562, 0.527344, 0.195312, 1.0)	75	8.13233281140498	0.21690505157492454	0.2171086520333398	-0.09377814127093517
MdWfIbDeNiSoScLa	HCPur100	sub-198451	NNLS	10	10.LimbicB	(0.476562, 0.527344, 0.195312, 1.0)	75	8.13233281140498	0.069201123512731	0.06695721130567817	3.3512629383693335
MdWfIbDeNiSoScLa	HCPur100	sub-199655	NNLS	10	10.LimbicB	(0.476562, 0.527344, 0.195312, 1.0)	75	8.13233281140498	0.1775557414129304	0.18161736566788042	-2.2363633785865056
MdWfIbDeNiSoScLa	HCPur100	sub-201111	NNLS	10	10.LimbicB	(0.476562, 0.527344, 0.195312, 1.0)	75	8.13233281140498	0.12241676379987713	0.12468109738561882	-1.8161001412575484
MdWfIbDeNiSoScLa	HCPur100	sub-208226	NNLS	10	10.LimbicB	(0.476562, 0.527344, 0.195312, 1.0)	75	8.13233281140498	0.10336629897572519	0.10383802588588399	-0.45429110013822877
MdWfIbDeNiSoScLa	HCPur100	sub-211417	NNLS	10	10.LimbicB	(0.476562, 0.527344, 0.195312, 1.0)	75	8.13233281140498	0.1618951078672468	0.16275565523196112	-0.5287357686513825
MdWfIbDeNiSoScLa	HCPur100	sub-211720	NNLS	10	10.LimbicB	(0.476562, 0.527344, 0.195312, 1.0)	75	8.13233281140498	0.11565095806953553	0.12026191158296709	-3.8340929831724204
MdWfIbDeNiSoScLa	HCPur100	sub-212318	NNLS	10	10.LimbicB	(0.476562, 0.527344, 0.195312, 1.0)	75	8.13233281140498	0.15645473537766813	0.16292537610147914	-3.971536465737989
MdWfIbDeNiSoScLa	HCPur100	sub-214423	NNLS	10	10.LimbicB	(0.476562, 0.527344, 0.195312, 1.0)	75	8.13233281140498	0.11944456462607028	0.12046417637168592	-0.846402454510363
MdWfIbDeNiSoScLa	HCPur100	sub-221319	NNLS	10	10.LimbicB	(0.476562, 0.527344, 0.195312, 1.0)	75	8.13233281140498	0.27271929196437844	0.2745085951405999	-0.6518204558604029
MdWfIbDeNiSoScLa	HCPur100	sub-239944	NNLS	10	10.LimbicB	(0.476562, 0.527344, 0.195312, 1.0)	75	8.13233281140498	0.14901353616761498	0.15464515988740857	-3.6416424050347036
MdWfIbDeNiSoScLa	HCPur100	sub-245333	NNLS	10	10.LimbicB	(0.476562, 0.527344, 0.195312, 1.0)	75	8.13233281140498	0.09294987025388732	0.09574715158214822	-2.9215295515720054
MdWfIbDeNiSoScLa	HCPur100	sub-280739	NNLS	10	10.LimbicB	(0.476562, 0.527344, 0.195312, 1.0)	75	8.13233281140498	0.1148240397965823	0.11449847659165661	0.28433845987904777
MdWfIbDeNiSoScLa	HCPur100	sub-298051	NNLS	10	10.LimbicB	(0.476562, 0.527344, 0.195312, 1.0)	75	8.13233281140498	0.21154838370384885	0.21518173994875098	-1.68850583965325
MdWfIbDeNiSoScLa	HCPur100	sub-366446	NNLS	10	10.LimbicB	(0.476562, 0.527344, 0.195312, 1.0)	75	8.13233281140498	0.05162414872149171	0.05476394714932068	-5.733331126165767
MdWfIbDeNiSoScLa	HCPur100	sub-397760	NNLS	10	10.LimbicB	(0.476562, 0.527344, 0.195312, 1.0)	75	8.13233281140498	0.24569776704059615	0.25176273762280144	-2.409002475692813
MdWfIbDeNiSoScLa	HCPur100	sub-414229	NNLS	10	10.LimbicB	(0.476562, 0.527344, 0.195312, 1.0)	75	8.13233281140498	0.3098554910503918	0.31454712710350313	-1.4915526637658796
MdWfIbDeNiSoScLa	HCPur100	sub-654754	NNLS	10	10.LimbicB	(0.476562, 0.527344, 0.195312, 1.0)	75	8.13233281140498	0.16175639880041662	0.16642289213002187	-2.803997256554972
MdWfIbDeNiSoScLa	HCPur100	sub-672756	NNLS	10	10.LimbicB	(0.476562, 0.527344, 0.195312, 1.0)	75	8.13233281140498	0.054874960238703335	0.061433092009181914	-10.675242863403957
MdWfIbDeNiSoScLa	HCPur100	sub-751348	NNLS	10	10.LimbicB	(0.476562, 0.527344, 0.195312, 1.0)	75	8.13233281140498	0.23647223885109458	0.23619867104178888	0.11582106203184683
MdWfIbDeNiSoScLa	HCPur100	sub-792564	NNLS	10	10.LimbicB	(0.476562, 0.527344, 0.195312, 1.0)	75	8.13233281140498	0.18165428540400236	0.18228410101958484	-0.34551319180316853
MdWfIbDeNiSoScLa	HCPur100	sub-899885	NNLS	10	10.LimbicB	(0.476562, 0.527344, 0.195312, 1.0)	75	8.13233281140498	0.21181537205321296	0.21373918388997906	-0.9000744747656417
MdWfIbDeNiSoScLa	HCPur100	sub-101309	NNLS	11	11.ControlC	(0.464844, 0.546875, 0.6875, 1.0)	43	1.874999887695092	0.05010576743672646	0.0494946521981851	1.2347096330616731
MdWfIbDeNiSoScLa	HCPur100	sub-103111	NNLS	11	11.ControlC	(0.464844, 0.546875, 0.6875, 1.0)	43	1.874999887695092	0.17592313485886674	0.17548274049890636	0.2509616379983092
MdWfIbDeNiSoScLa	HCPur100	sub-103414	NNLS	11	11.ControlC	(0.464844, 0.546875, 0.6875, 1.0)	43	1.874999887695092	0.24629787398854242	0.24610675657567527	0.077656304737973
MdWfIbDeNiSoScLa	HCPur100	sub-103818	NNLS	11	11.ControlC	(0.464844, 0.546875, 0.6875, 1.0)	43	1.874999887695092	0.1749302789718804	0.17429667486761086	0.36352047722700903
MdWfIbDeNiSoScLa	HCPur100	sub-105014	NNLS	11	11.ControlC	(0.464844, 0.546875, 0.6875, 1.0)	43	1.874999887695092	0.1229548344563903	0.12323949865903995	-0.23098455101413223
MdWfIbDeNiSoScLa	HCPur100	sub-105115	NNLS	11	11.ControlC	(0.464844, 0.546875, 0.6875, 1.0)	43	1.874999887695092	0.16357700635057598	0.16259571654819466	0.6035151621540179
MdWfIbDeNiSoScLa	HCPur100	sub-110411	NNLS	11	11.ControlC	(0.464844, 0.546875, 0.6875, 1.0)	43	1.874999887695092	0.09845718216482062	0.09817800460902436	0.2843585555726401
MdWfIbDeNiSoScLa	HCPur100	sub-117122	NNLS	11	11.ControlC	(0.464844, 0.546875, 0.6875, 1.0)	43	1.874999887695092	0.2082393294477339	0.20725364529241755	0.47559315732451396
MdWfIbDeNiSoScLa	HCPur100	sub-118730	NNLS	11	11.ControlC	(0.464844, 0.546875, 0.6875, 1.0)	43	1.874999887695092	0.1683172222786354	0.16824410015024868	0.043461927236334436
MdWfIbDeNiSoScLa	HCPur100	sub-123117	NNLS	11	11.ControlC	(0.464844, 0.546875, 0.6875, 1.0)	43	1.874999887695092	0.1648888798481272	0.16502918345304854	-0.08501745084454136
MdWfIbDeNiSoScLa	HCPur100	sub-124422	NNLS	11	11.ControlC	(0.464844, 0.546875, 0.6875, 1.0)	43	1.874999887695092	0.18242209023842043	0.18176689155009862	0.36046096334393546
MdWfIbDeNiSoScLa	HCPur100	sub-127630	NNLS	11	11.ControlC	(0.464844, 0.546875, 0.6875, 1.0)	43	1.874999887695092	0.17231795934052618	0.17229458758895783	0.01356499463820373
MdWfIbDeNiSoScLa	HCPur100	sub-128632	NNLS	11	11.ControlC	(0.464844, 0.546875, 0.6875, 1.0)	43	1.874999887695092	0.19056759452382127	0.1895573483372452	0.5329501575316045
MdWfIbDeNiSoScLa	HCPur100	sub-130013	NNLS	11	11.ControlC	(0.464844, 0.546875, 0.6875, 1.0)	43	1.874999887695092	0.2228913614139673	0.22329373145215037	-0.18019764171897712
MdWfIbDeNiSoScLa	HCPur100	sub-130316	NNLS	11	11.ControlC	(0.464844, 0.546875, 0.6875, 1.0)	43	1.874999887695092	0.14200416282118916	0.14080050547223483	0.8548672072712763
MdWfIbDeNiSoScLa	HCPur100	sub-131217	NNLS	11	11.ControlC	(0.464844, 0.546875, 0.6875, 1.0)	43	1.874999887695092	0.19483419727784668	0.1944347795467546	0.2054250438235219
MdWfIbDeNiSoScLa	HCPur100	sub-153025	NNLS	11	11.ControlC	(0.464844, 0.546875, 0.6875, 1.0)	43	1.874999887695092	0.2788139974184717	0.27884184880287627	-0.009988236889175155
MdWfIbDeNiSoScLa	HCPur100	sub-154734	NNLS	11	11.ControlC	(0.464844, 0.546875, 0.6875, 1.0)	43	1.874999887695092	0.20496843032217477	0.20425780203606414	0.34790753598002405
MdWfIbDeNiSoScLa	HCPur100	sub-156637	NNLS	11	11.ControlC	(0.464844, 0.546875, 0.6875, 1.0)	43	1.874999887695092	0.08270656341822563	0.08285140964109254	-0.17482650385114132
MdWfIbDeNiSoScLa	HCPur100	sub-159340	NNLS	11	11.ControlC	(0.464844, 0.546875, 0.6875, 1.0)	43	1.874999887695092	0.23357256198113055	0.2338336846521734	-0.11167025462190425
MdWfIbDeNiSoScLa	HCPur100	sub-160123	NNLS	11	11.ControlC	(0.464844, 0.546875, 0.6875, 1.0)	43	1.874999887695092	0.1854106588304407	0.18523827697045683	0.0930595246312693
MdWfIbDeNiSoScLa	HCPur100	sub-161731	NNLS	11	11.ControlC	(0.464844, 0.546875, 0.6875, 1.0)	43	1.874999887695092	0.25570095260592335	0.25539493586712825	0.11982098930665913
MdWfIbDeNiSoScLa	HCPur100	sub-162733	NNLS	11	11.ControlC	(0.464844, 0.546875, 0.6875, 1.0)	43	1.874999887695092	0.1837392835101267	0.18436778933079379	-0.34089784498062314
MdWfIbDeNiSoScLa	HCPur100	sub-163129	NNLS	11	11.ControlC	(0.464844, 0.546875, 0.6875, 1.0)	43	1.874999887695092	0.2823652852340938	0.2825339110945543	-0.05968340572187997
MdWfIbDeNiSoScLa	HCPur100	sub-178950	NNLS	11	11.ControlC	(0.464844, 0.546875, 0.6875, 1.0)	43	1.874999887695092	0.16911205553556655	0.1689685412027811	0.08493553401352749
MdWfIbDeNiSoScLa	HCPur100	sub-188347	NNLS	11	11.ControlC	(0.464844, 0.546875, 0.6875, 1.0)	43	1.874999887695092	0.2852904560330899	0.286038765540971	-0.26161122128529946
MdWfIbDeNiSoScLa	HCPur100	sub-189450	NNLS	11	11.ControlC	(0.464844, 0.546875, 0.6875, 1.0)	43	1.874999887695092	0.1481575367693048	0.1479109837680173	0.16669012334754857
MdWfIbDeNiSoScLa	HCPur100	sub-190031	NNLS	11	11.ControlC	(0.464844, 0.546875, 0.6875, 1.0)	43	1.874999887695092	0.1871550222191259	0.18635813902531742	0.4276084736498727
MdWfIbDeNiSoScLa	HCPur100	sub-196750	NNLS	11	11.ControlC	(0.464844, 0.546875, 0.6875, 1.0)	43	1.874999887695092	0.2163894852323694	0.2171086520333398	-0.33124741655157863
MdWfIbDeNiSoScLa	HCPur100	sub-198451	NNLS	11	11.ControlC	(0.464844, 0.546875, 0.6875, 1.0)	43	1.874999887695092	0.06779086295635131	0.06695721130567817	1.2450513311662503
MdWfIbDeNiSoScLa	HCPur100	sub-199655	NNLS	11	11.ControlC	(0.464844, 0.546875, 0.6875, 1.0)	43	1.874999887695092	0.18210115034800706	0.18161736566788042	0.2663757831458269
MdWfIbDeNiSoScLa	HCPur100	sub-201111	NNLS	11	11.ControlC	(0.464844, 0.546875, 0.6875, 1.0)	43	1.874999887695092	0.12528150235504298	0.12468109738561882	0.48155252240618934
MdWfIbDeNiSoScLa	HCPur100	sub-208226	NNLS	11	11.ControlC	(0.464844, 0.546875, 0.6875, 1.0)	43	1.874999887695092	0.10333867406941973	0.10383802588588399	-0.4808949440285435
MdWfIbDeNiSoScLa	HCPur100	sub-211417	NNLS	11	11.ControlC	(0.464844, 0.546875, 0.6875, 1.0)	43	1.874999887695092	0.16342027812694115	0.16275565523196112	0.4083562528336176
MdWfIbDeNiSoScLa	HCPur100	sub-211720	NNLS	11	11.ControlC	(0.464844, 0.546875, 0.6875, 1.0)	43	1.874999887695092	0.12011535706062687	0.12026191158296709	-0.1218627913120388
MdWfIbDeNiSoScLa	HCPur100	sub-212318	NNLS	11	11.ControlC	(0.464844, 0.546875, 0.6875, 1.0)	43	1.874999887695092	0.16370546816645742	0.16292537610147914	0.47880329243027026
MdWfIbDeNiSoScLa	HCPur100	sub-214423	NNLS	11	11.ControlC	(0.464844, 0.546875, 0.6875, 1.0)	43	1.874999887695092	0.12087385463701367	0.12046417637168592	0.34008306673985933
MdWfIbDeNiSoScLa	HCPur100	sub-221319	NNLS	11	11.ControlC	(0.464844, 0.546875, 0.6875, 1.0)	43	1.874999887695092	0.2735184496219413	0.2745085951405999	-0.36069745581243956
MdWfIbDeNiSoScLa	HCPur100	sub-239944	NNLS	11	11.ControlC	(0.464844, 0.546875, 0.6875, 1.0)	43	1.874999887695092	0.15489861935099963	0.15464515988740857	0.16389744352529387
MdWfIbDeNiSoScLa	HCPur100	sub-245333	NNLS	11	11.ControlC	(0.464844, 0.546875, 0.6875, 1.0)	43	1.874999887695092	0.09669865108021229	0.09574715158214822	0.993762720186733
MdWfIbDeNiSoScLa	HCPur100	sub-280739	NNLS	11	11.ControlC	(0.464844, 0.546875, 0.6875, 1.0)	43	1.874999887695092	0.11507557571131952	0.11449847659165661	0.5040234043646261
MdWfIbDeNiSoScLa	HCPur100	sub-298051	NNLS	11	11.ControlC	(0.464844, 0.546875, 0.6875, 1.0)	43	1.874999887695092	0.21543728166696352	0.21518173994875098	0.11875622823451674
MdWfIbDeNiSoScLa	HCPur100	sub-366446	NNLS	11	11.ControlC	(0.464844, 0.546875, 0.6875, 1.0)	43	1.874999887695092	0.0552111720485569	0.05476394714932068	0.8166410978682787
MdWfIbDeNiSoScLa	HCPur100	sub-397760	NNLS	11	11.ControlC	(0.464844, 0.546875, 0.6875, 1.0)	43	1.874999887695092	0.2523488894629233	0.25176273762280144	0.23281913982045693
MdWfIbDeNiSoScLa	HCPur100	sub-414229	NNLS	11	11.ControlC	(0.464844, 0.546875, 0.6875, 1.0)	43	1.874999887695092	0.3150741149217788	0.31454712710350313	0.16753858893209364
MdWfIbDeNiSoScLa	HCPur100	sub-654754	NNLS	11	11.ControlC	(0.464844, 0.546875, 0.6875, 1.0)	43	1.874999887695092	0.1659287131260124	0.16642289213002187	-0.29694172339186453
MdWfIbDeNiSoScLa	HCPur100	sub-672756	NNLS	11	11.ControlC	(0.464844, 0.546875, 0.6875, 1.0)	43	1.874999887695092	0.06301309982942753	0.061433092009181914	2.571916484375334
MdWfIbDeNiSoScLa	HCPur100	sub-751348	NNLS	11	11.ControlC	(0.464844, 0.546875, 0.6875, 1.0)	43	1.874999887695092	0.23587100141908	0.23619867104178888	-0.13872627702080295
MdWfIbDeNiSoScLa	HCPur100	sub-792564	NNLS	11	11.ControlC	(0.464844, 0.546875, 0.6875, 1.0)	43	1.874999887695092	0.1823451917881932	0.18228410101958484	0.03351404114053458
MdWfIbDeNiSoScLa	HCPur100	sub-899885	NNLS	11	11.ControlC	(0.464844, 0.546875, 0.6875, 1.0)	43	1.874999887695092	0.21452432229641452	0.21373918388997906	0.36733480129670776
MdWfIbDeNiSoScLa	HCPur100	sub-101309	NNLS	12	12.ControlA	(0.898438, 0.578125, 0.132812, 1.0)	109	12.649694994002465	0.045708886784995316	0.0494946521981851	-7.648837288584084
MdWfIbDeNiSoScLa	HCPur100	sub-103111	NNLS	12	12.ControlA	(0.898438, 0.578125, 0.132812, 1.0)	109	12.649694994002465	0.17513515826247839	0.17548274049890636	-0.19807203571119272
MdWfIbDeNiSoScLa	HCPur100	sub-103414	NNLS	12	12.ControlA	(0.898438, 0.578125, 0.132812, 1.0)	109	12.649694994002465	0.24587757588497172	0.24610675657567527	-0.093122470058263
MdWfIbDeNiSoScLa	HCPur100	sub-103818	NNLS	12	12.ControlA	(0.898438, 0.578125, 0.132812, 1.0)	109	12.649694994002465	0.17310714895809506	0.17429667486761086	-0.6824719464208434
MdWfIbDeNiSoScLa	HCPur100	sub-105014	NNLS	12	12.ControlA	(0.898438, 0.578125, 0.132812, 1.0)	109	12.649694994002465	0.12406155205328333	0.12323949865903995	0.667037275539158
MdWfIbDeNiSoScLa	HCPur100	sub-105115	NNLS	12	12.ControlA	(0.898438, 0.578125, 0.132812, 1.0)	109	12.649694994002465	0.16242722050259845	0.16259571654819466	-0.10362883424808297
MdWfIbDeNiSoScLa	HCPur100	sub-110411	NNLS	12	12.ControlA	(0.898438, 0.578125, 0.132812, 1.0)	109	12.649694994002465	0.09891453413239257	0.09817800460902436	0.7501980981394981
MdWfIbDeNiSoScLa	HCPur100	sub-117122	NNLS	12	12.ControlA	(0.898438, 0.578125, 0.132812, 1.0)	109	12.649694994002465	0.20443991004154505	0.20725364529241755	-1.3576288353831152
MdWfIbDeNiSoScLa	HCPur100	sub-118730	NNLS	12	12.ControlA	(0.898438, 0.578125, 0.132812, 1.0)	109	12.649694994002465	0.16833370323848126	0.16824410015024868	0.0532577892196888
MdWfIbDeNiSoScLa	HCPur100	sub-123117	NNLS	12	12.ControlA	(0.898438, 0.578125, 0.132812, 1.0)	109	12.649694994002465	0.1648072522342463	0.16502918345304854	-0.13447998357537483
MdWfIbDeNiSoScLa	HCPur100	sub-124422	NNLS	12	12.ControlA	(0.898438, 0.578125, 0.132812, 1.0)	109	12.649694994002465	0.18132184875317917	0.18176689155009862	-0.24484260754208415
MdWfIbDeNiSoScLa	HCPur100	sub-127630	NNLS	12	12.ControlA	(0.898438, 0.578125, 0.132812, 1.0)	109	12.649694994002465	0.17193579626415256	0.17229458758895783	-0.20824294589057527
MdWfIbDeNiSoScLa	HCPur100	sub-128632	NNLS	12	12.ControlA	(0.898438, 0.578125, 0.132812, 1.0)	109	12.649694994002465	0.18996642001492756	0.1895573483372452	0.21580365059474144
MdWfIbDeNiSoScLa	HCPur100	sub-130013	NNLS	12	12.ControlA	(0.898438, 0.578125, 0.132812, 1.0)	109	12.649694994002465	0.223210172090878	0.22329373145215037	-0.03742127498561783
MdWfIbDeNiSoScLa	HCPur100	sub-130316	NNLS	12	12.ControlA	(0.898438, 0.578125, 0.132812, 1.0)	109	12.649694994002465	0.13900361848044318	0.14080050547223483	-1.2761935660422636
MdWfIbDeNiSoScLa	HCPur100	sub-131217	NNLS	12	12.ControlA	(0.898438, 0.578125, 0.132812, 1.0)	109	12.649694994002465	0.19383153910211862	0.1944347795467546	-0.31025336415747273
MdWfIbDeNiSoScLa	HCPur100	sub-153025	NNLS	12	12.ControlA	(0.898438, 0.578125, 0.132812, 1.0)	109	12.649694994002465	0.28071780535705876	0.27884184880287627	0.6727672199264012
MdWfIbDeNiSoScLa	HCPur100	sub-154734	NNLS	12	12.ControlA	(0.898438, 0.578125, 0.132812, 1.0)	109	12.649694994002465	0.20319794324776894	0.20425780203606414	-0.5188828909987355
MdWfIbDeNiSoScLa	HCPur100	sub-156637	NNLS	12	12.ControlA	(0.898438, 0.578125, 0.132812, 1.0)	109	12.649694994002465	0.08357737918812724	0.08285140964109254	0.8762307728734607
MdWfIbDeNiSoScLa	HCPur100	sub-159340	NNLS	12	12.ControlA	(0.898438, 0.578125, 0.132812, 1.0)	109	12.649694994002465	0.23273959504979633	0.2338336846521734	-0.46789221322177715
MdWfIbDeNiSoScLa	HCPur100	sub-160123	NNLS	12	12.ControlA	(0.898438, 0.578125, 0.132812, 1.0)	109	12.649694994002465	0.1869796681815121	0.18523827697045683	0.9400817366342678
MdWfIbDeNiSoScLa	HCPur100	sub-161731	NNLS	12	12.ControlA	(0.898438, 0.578125, 0.132812, 1.0)	109	12.649694994002465	0.2562257626893416	0.25539493586712825	0.3253106093871828
MdWfIbDeNiSoScLa	HCPur100	sub-162733	NNLS	12	12.ControlA	(0.898438, 0.578125, 0.132812, 1.0)	109	12.649694994002465	0.18307778237040329	0.18436778933079379	-0.6996921561368625
MdWfIbDeNiSoScLa	HCPur100	sub-163129	NNLS	12	12.ControlA	(0.898438, 0.578125, 0.132812, 1.0)	109	12.649694994002465	0.2834044248064137	0.2825339110945543	0.3081094614402203
MdWfIbDeNiSoScLa	HCPur100	sub-178950	NNLS	12	12.ControlA	(0.898438, 0.578125, 0.132812, 1.0)	109	12.649694994002465	0.1681803398341288	0.1689685412027811	-0.46647817578442724
MdWfIbDeNiSoScLa	HCPur100	sub-188347	NNLS	12	12.ControlA	(0.898438, 0.578125, 0.132812, 1.0)	109	12.649694994002465	0.28551161905983063	0.286038765540971	-0.18429197180438725
MdWfIbDeNiSoScLa	HCPur100	sub-189450	NNLS	12	12.ControlA	(0.898438, 0.578125, 0.132812, 1.0)	109	12.649694994002465	0.14922053762572793	0.1479109837680173	0.8853662009066967
MdWfIbDeNiSoScLa	HCPur100	sub-190031	NNLS	12	12.ControlA	(0.898438, 0.578125, 0.132812, 1.0)	109	12.649694994002465	0.1839163317777147	0.18635813902531742	-1.310276685726619
MdWfIbDeNiSoScLa	HCPur100	sub-196750	NNLS	12	12.ControlA	(0.898438, 0.578125, 0.132812, 1.0)	109	12.649694994002465	0.21883008763232278	0.2171086520333398	0.7928912933044452
MdWfIbDeNiSoScLa	HCPur100	sub-198451	NNLS	12	12.ControlA	(0.898438, 0.578125, 0.132812, 1.0)	109	12.649694994002465	0.0657916243365441	0.06695721130567817	-1.7407937791985308
MdWfIbDeNiSoScLa	HCPur100	sub-199655	NNLS	12	12.ControlA	(0.898438, 0.578125, 0.132812, 1.0)	109	12.649694994002465	0.17903479870452585	0.18161736566788042	-1.4219823935103504
MdWfIbDeNiSoScLa	HCPur100	sub-201111	NNLS	12	12.ControlA	(0.898438, 0.578125, 0.132812, 1.0)	109	12.649694994002465	0.12277754861684985	0.12468109738561882	-1.5267340508574418
MdWfIbDeNiSoScLa	HCPur100	sub-208226	NNLS	12	12.ControlA	(0.898438, 0.578125, 0.132812, 1.0)	109	12.649694994002465	0.10511560691509093	0.10383802588588399	1.230359512623034
MdWfIbDeNiSoScLa	HCPur100	sub-211417	NNLS	12	12.ControlA	(0.898438, 0.578125, 0.132812, 1.0)	109	12.649694994002465	0.16006880865462986	0.16275565523196112	-1.6508468314062181
MdWfIbDeNiSoScLa	HCPur100	sub-211720	NNLS	12	12.ControlA	(0.898438, 0.578125, 0.132812, 1.0)	109	12.649694994002465	0.12148857205217319	0.12026191158296709	1.0199908292326108
MdWfIbDeNiSoScLa	HCPur100	sub-212318	NNLS	12	12.ControlA	(0.898438, 0.578125, 0.132812, 1.0)	109	12.649694994002465	0.1619971049828935	0.16292537610147914	-0.5697523251426898
MdWfIbDeNiSoScLa	HCPur100	sub-214423	NNLS	12	12.ControlA	(0.898438, 0.578125, 0.132812, 1.0)	109	12.649694994002465	0.11895292978647366	0.12046417637168592	-1.254519501755766
MdWfIbDeNiSoScLa	HCPur100	sub-221319	NNLS	12	12.ControlA	(0.898438, 0.578125, 0.132812, 1.0)	109	12.649694994002465	0.27788758442003375	0.2745085951405999	1.2309229434885955
MdWfIbDeNiSoScLa	HCPur100	sub-239944	NNLS	12	12.ControlA	(0.898438, 0.578125, 0.132812, 1.0)	109	12.649694994002465	0.15532789283513046	0.15464515988740857	0.44148355384608545
MdWfIbDeNiSoScLa	HCPur100	sub-245333	NNLS	12	12.ControlA	(0.898438, 0.578125, 0.132812, 1.0)	109	12.649694994002465	0.09489683793687007	0.09574715158214822	-0.8880824455113024
MdWfIbDeNiSoScLa	HCPur100	sub-280739	NNLS	12	12.ControlA	(0.898438, 0.578125, 0.132812, 1.0)	109	12.649694994002465	0.11263438799770394	0.11449847659165661	-1.6280466338436095
MdWfIbDeNiSoScLa	HCPur100	sub-298051	NNLS	12	12.ControlA	(0.898438, 0.578125, 0.132812, 1.0)	109	12.649694994002465	0.21605006929014026	0.21518173994875098	0.40353300498271166
MdWfIbDeNiSoScLa	HCPur100	sub-366446	NNLS	12	12.ControlA	(0.898438, 0.578125, 0.132812, 1.0)	109	12.649694994002465	0.05431269742733165	0.05476394714932068	-0.8239905000978903
MdWfIbDeNiSoScLa	HCPur100	sub-397760	NNLS	12	12.ControlA	(0.898438, 0.578125, 0.132812, 1.0)	109	12.649694994002465	0.25337127082515554	0.25176273762280144	0.6389083696587595
MdWfIbDeNiSoScLa	HCPur100	sub-414229	NNLS	12	12.ControlA	(0.898438, 0.578125, 0.132812, 1.0)	109	12.649694994002465	0.3159180367900883	0.31454712710350313	0.4358360221595823
MdWfIbDeNiSoScLa	HCPur100	sub-654754	NNLS	12	12.ControlA	(0.898438, 0.578125, 0.132812, 1.0)	109	12.649694994002465	0.1670033362993222	0.16642289213002187	0.34877663876124154
MdWfIbDeNiSoScLa	HCPur100	sub-672756	NNLS	12	12.ControlA	(0.898438, 0.578125, 0.132812, 1.0)	109	12.649694994002465	0.06177498053062502	0.061433092009181914	0.5565217544186285
MdWfIbDeNiSoScLa	HCPur100	sub-751348	NNLS	12	12.ControlA	(0.898438, 0.578125, 0.132812, 1.0)	109	12.649694994002465	0.23796503412162456	0.23619867104178888	0.7478293895748368
MdWfIbDeNiSoScLa	HCPur100	sub-792564	NNLS	12	12.ControlA	(0.898438, 0.578125, 0.132812, 1.0)	109	12.649694994002465	0.17989599334279616	0.18228410101958484	-1.310102012973748
MdWfIbDeNiSoScLa	HCPur100	sub-899885	NNLS	12	12.ControlA	(0.898438, 0.578125, 0.132812, 1.0)	109	12.649694994002465	0.21120374454778706	0.21373918388997906	-1.1862304777476362
MdWfIbDeNiSoScLa	HCPur100	sub-101309	NNLS	13	13.ControlB	(0.527344, 0.195312, 0.289062, 1.0)	100	6.145994489494519	0.05150756423960497	0.0494946521981851	4.06692834886448
MdWfIbDeNiSoScLa	HCPur100	sub-103111	NNLS	13	13.ControlB	(0.527344, 0.195312, 0.289062, 1.0)	100	6.145994489494519	0.17386516851744294	0.17548274049890636	-0.92178408934382
MdWfIbDeNiSoScLa	HCPur100	sub-103414	NNLS	13	13.ControlB	(0.527344, 0.195312, 0.289062, 1.0)	100	6.145994489494519	0.2452838533614097	0.24610675657567527	-0.3343683959414293
MdWfIbDeNiSoScLa	HCPur100	sub-103818	NNLS	13	13.ControlB	(0.527344, 0.195312, 0.289062, 1.0)	100	6.145994489494519	0.17288045255309564	0.17429667486761086	-0.8125354746961886
MdWfIbDeNiSoScLa	HCPur100	sub-105014	NNLS	13	13.ControlB	(0.527344, 0.195312, 0.289062, 1.0)	100	6.145994489494519	0.12349246287682182	0.12323949865903995	0.20526229052727055
MdWfIbDeNiSoScLa	HCPur100	sub-105115	NNLS	13	13.ControlB	(0.527344, 0.195312, 0.289062, 1.0)	100	6.145994489494519	0.16267794868307206	0.16259571654819466	0.05057460099388792
MdWfIbDeNiSoScLa	HCPur100	sub-110411	NNLS	13	13.ControlB	(0.527344, 0.195312, 0.289062, 1.0)	100	6.145994489494519	0.09744459897755155	0.09817800460902436	-0.7470162328043461
MdWfIbDeNiSoScLa	HCPur100	sub-117122	NNLS	13	13.ControlB	(0.527344, 0.195312, 0.289062, 1.0)	100	6.145994489494519	0.20604010410715395	0.20725364529241755	-0.5855343019667469
MdWfIbDeNiSoScLa	HCPur100	sub-118730	NNLS	13	13.ControlB	(0.527344, 0.195312, 0.289062, 1.0)	100	6.145994489494519	0.1675597391893538	0.16824410015024868	-0.40676669213584593
MdWfIbDeNiSoScLa	HCPur100	sub-123117	NNLS	13	13.ControlB	(0.527344, 0.195312, 0.289062, 1.0)	100	6.145994489494519	0.1641641872162906	0.16502918345304854	-0.524147437840302
MdWfIbDeNiSoScLa	HCPur100	sub-124422	NNLS	13	13.ControlB	(0.527344, 0.195312, 0.289062, 1.0)	100	6.145994489494519	0.1800568316656647	0.18176689155009862	-0.9407983323313871
MdWfIbDeNiSoScLa	HCPur100	sub-127630	NNLS	13	13.ControlB	(0.527344, 0.195312, 0.289062, 1.0)	100	6.145994489494519	0.17115667913360408	0.17229458758895783	-0.6604435294673616
MdWfIbDeNiSoScLa	HCPur100	sub-128632	NNLS	13	13.ControlB	(0.527344, 0.195312, 0.289062, 1.0)	100	6.145994489494519	0.1894063771112292	0.1895573483372452	-0.07964409047724576
MdWfIbDeNiSoScLa	HCPur100	sub-130013	NNLS	13	13.ControlB	(0.527344, 0.195312, 0.289062, 1.0)	100	6.145994489494519	0.22133344131010693	0.22329373145215037	-0.8778975250648748
MdWfIbDeNiSoScLa	HCPur100	sub-130316	NNLS	13	13.ControlB	(0.527344, 0.195312, 0.289062, 1.0)	100	6.145994489494519	0.13913365286110183	0.14080050547223483	-1.1838399340559875
MdWfIbDeNiSoScLa	HCPur100	sub-131217	NNLS	13	13.ControlB	(0.527344, 0.195312, 0.289062, 1.0)	100	6.145994489494519	0.1946826318872452	0.1944347795467546	0.12747325404866736
MdWfIbDeNiSoScLa	HCPur100	sub-153025	NNLS	13	13.ControlB	(0.527344, 0.195312, 0.289062, 1.0)	100	6.145994489494519	0.27629567575554176	0.27884184880287627	-0.9131244317399771
MdWfIbDeNiSoScLa	HCPur100	sub-154734	NNLS	13	13.ControlB	(0.527344, 0.195312, 0.289062, 1.0)	100	6.145994489494519	0.2041199781448394	0.20425780203606414	-0.06747545986047945
MdWfIbDeNiSoScLa	HCPur100	sub-156637	NNLS	13	13.ControlB	(0.527344, 0.195312, 0.289062, 1.0)	100	6.145994489494519	0.08186282392117485	0.08285140964109254	-1.1932032589429564
MdWfIbDeNiSoScLa	HCPur100	sub-159340	NNLS	13	13.ControlB	(0.527344, 0.195312, 0.289062, 1.0)	100	6.145994489494519	0.2336414657215244	0.2338336846521734	-0.08220326807703043
MdWfIbDeNiSoScLa	HCPur100	sub-160123	NNLS	13	13.ControlB	(0.527344, 0.195312, 0.289062, 1.0)	100	6.145994489494519	0.18222917637689504	0.18523827697045683	-1.6244485981921064
MdWfIbDeNiSoScLa	HCPur100	sub-161731	NNLS	13	13.ControlB	(0.527344, 0.195312, 0.289062, 1.0)	100	6.145994489494519	0.2542076272601142	0.25539493586712825	-0.4648912097582692
MdWfIbDeNiSoScLa	HCPur100	sub-162733	NNLS	13	13.ControlB	(0.527344, 0.195312, 0.289062, 1.0)	100	6.145994489494519	0.18570096307356732	0.18436778933079379	0.7231055639450891
MdWfIbDeNiSoScLa	HCPur100	sub-163129	NNLS	13	13.ControlB	(0.527344, 0.195312, 0.289062, 1.0)	100	6.145994489494519	0.28026433005701207	0.2825339110945543	-0.8032950907555526
MdWfIbDeNiSoScLa	HCPur100	sub-178950	NNLS	13	13.ControlB	(0.527344, 0.195312, 0.289062, 1.0)	100	6.145994489494519	0.16906736457903693	0.1689685412027811	0.058486257591128084
MdWfIbDeNiSoScLa	HCPur100	sub-188347	NNLS	13	13.ControlB	(0.527344, 0.195312, 0.289062, 1.0)	100	6.145994489494519	0.28653738857386757	0.286038765540971	0.17432008977997407
MdWfIbDeNiSoScLa	HCPur100	sub-189450	NNLS	13	13.ControlB	(0.527344, 0.195312, 0.289062, 1.0)	100	6.145994489494519	0.14558474755715692	0.1479109837680173	-1.5727271576456072
MdWfIbDeNiSoScLa	HCPur100	sub-190031	NNLS	13	13.ControlB	(0.527344, 0.195312, 0.289062, 1.0)	100	6.145994489494519	0.18469004137851958	0.18635813902531742	-0.8951031897626043
MdWfIbDeNiSoScLa	HCPur100	sub-196750	NNLS	13	13.ControlB	(0.527344, 0.195312, 0.289062, 1.0)	100	6.145994489494519	0.2169002283189493	0.2171086520333398	-0.09599972752742736
MdWfIbDeNiSoScLa	HCPur100	sub-198451	NNLS	13	13.ControlB	(0.527344, 0.195312, 0.289062, 1.0)	100	6.145994489494519	0.06726025430278236	0.06695721130567817	0.4525920228677375
MdWfIbDeNiSoScLa	HCPur100	sub-199655	NNLS	13	13.ControlB	(0.527344, 0.195312, 0.289062, 1.0)	100	6.145994489494519	0.1816949734425171	0.18161736566788042	0.04273147248407251
MdWfIbDeNiSoScLa	HCPur100	sub-201111	NNLS	13	13.ControlB	(0.527344, 0.195312, 0.289062, 1.0)	100	6.145994489494519	0.12417473439102983	0.12468109738561882	-0.4061265141281926
MdWfIbDeNiSoScLa	HCPur100	sub-208226	NNLS	13	13.ControlB	(0.527344, 0.195312, 0.289062, 1.0)	100	6.145994489494519	0.10472843464753828	0.10383802588588399	0.8574977750759945
MdWfIbDeNiSoScLa	HCPur100	sub-211417	NNLS	13	13.ControlB	(0.527344, 0.195312, 0.289062, 1.0)	100	6.145994489494519	0.15838151361716832	0.16275565523196112	-2.6875512304372613
MdWfIbDeNiSoScLa	HCPur100	sub-211720	NNLS	13	13.ControlB	(0.527344, 0.195312, 0.289062, 1.0)	100	6.145994489494519	0.11852777082870566	0.12026191158296709	-1.4419700563840328
MdWfIbDeNiSoScLa	HCPur100	sub-212318	NNLS	13	13.ControlB	(0.527344, 0.195312, 0.289062, 1.0)	100	6.145994489494519	0.1593303612151479	0.16292537610147914	-2.2065407933089927
MdWfIbDeNiSoScLa	HCPur100	sub-214423	NNLS	13	13.ControlB	(0.527344, 0.195312, 0.289062, 1.0)	100	6.145994489494519	0.12064570302739769	0.12046417637168592	0.15068932622066242
MdWfIbDeNiSoScLa	HCPur100	sub-221319	NNLS	13	13.ControlB	(0.527344, 0.195312, 0.289062, 1.0)	100	6.145994489494519	0.27241770251908776	0.2745085951405999	-0.7616856661414194
MdWfIbDeNiSoScLa	HCPur100	sub-239944	NNLS	13	13.ControlB	(0.527344, 0.195312, 0.289062, 1.0)	100	6.145994489494519	0.15522719010347025	0.15464515988740857	0.376364974167594
MdWfIbDeNiSoScLa	HCPur100	sub-245333	NNLS	13	13.ControlB	(0.527344, 0.195312, 0.289062, 1.0)	100	6.145994489494519	0.09318076637549631	0.09574715158214822	-2.6803776031394793
MdWfIbDeNiSoScLa	HCPur100	sub-280739	NNLS	13	13.ControlB	(0.527344, 0.195312, 0.289062, 1.0)	100	6.145994489494519	0.11448683548151635	0.11449847659165661	-0.010167043690704418
MdWfIbDeNiSoScLa	HCPur100	sub-298051	NNLS	13	13.ControlB	(0.527344, 0.195312, 0.289062, 1.0)	100	6.145994489494519	0.21357314137331	0.21518173994875098	-0.747553475412971
MdWfIbDeNiSoScLa	HCPur100	sub-366446	NNLS	13	13.ControlB	(0.527344, 0.195312, 0.289062, 1.0)	100	6.145994489494519	0.05504824429567969	0.05476394714932068	0.5191319493166547
MdWfIbDeNiSoScLa	HCPur100	sub-397760	NNLS	13	13.ControlB	(0.527344, 0.195312, 0.289062, 1.0)	100	6.145994489494519	0.24797470076796022	0.25176273762280144	-1.5046058406453189
MdWfIbDeNiSoScLa	HCPur100	sub-414229	NNLS	13	13.ControlB	(0.527344, 0.195312, 0.289062, 1.0)	100	6.145994489494519	0.310250598274523	0.31454712710350313	-1.3659412084111442
MdWfIbDeNiSoScLa	HCPur100	sub-654754	NNLS	13	13.ControlB	(0.527344, 0.195312, 0.289062, 1.0)	100	6.145994489494519	0.16651018328345307	0.16642289213002187	0.05245140996768835
MdWfIbDeNiSoScLa	HCPur100	sub-672756	NNLS	13	13.ControlB	(0.527344, 0.195312, 0.289062, 1.0)	100	6.145994489494519	0.05789184627663183	0.061433092009181914	-5.764394427714626
MdWfIbDeNiSoScLa	HCPur100	sub-751348	NNLS	13	13.ControlB	(0.527344, 0.195312, 0.289062, 1.0)	100	6.145994489494519	0.2356073639625925	0.23619867104178888	-0.25034310167298496
MdWfIbDeNiSoScLa	HCPur100	sub-792564	NNLS	13	13.ControlB	(0.527344, 0.195312, 0.289062, 1.0)	100	6.145994489494519	0.1837395198656589	0.18228410101958484	0.7984343329634032
MdWfIbDeNiSoScLa	HCPur100	sub-899885	NNLS	13	13.ControlB	(0.527344, 0.195312, 0.289062, 1.0)	100	6.145994489494519	0.21286934974587077	0.21373918388997906	-0.4069605433489614
MdWfIbDeNiSoScLa	HCPur100	sub-101309	NNLS	14	14.TemporalParietal	(0.046875, 0.1875, 0.996094, 1.0)	66	4.61829101482991	0.0476001729383289	0.0494946521981851	-3.8276443529098514
MdWfIbDeNiSoScLa	HCPur100	sub-103111	NNLS	14	14.TemporalParietal	(0.046875, 0.1875, 0.996094, 1.0)	66	4.61829101482991	0.17634012088207365	0.17548274049890636	0.4885838805170915
MdWfIbDeNiSoScLa	HCPur100	sub-103414	NNLS	14	14.TemporalParietal	(0.046875, 0.1875, 0.996094, 1.0)	66	4.61829101482991	0.2451214879100763	0.24610675657567527	-0.4003419813856335
MdWfIbDeNiSoScLa	HCPur100	sub-103818	NNLS	14	14.TemporalParietal	(0.046875, 0.1875, 0.996094, 1.0)	66	4.61829101482991	0.17519248079846864	0.17429667486761086	0.5139546876256816
MdWfIbDeNiSoScLa	HCPur100	sub-105014	NNLS	14	14.TemporalParietal	(0.046875, 0.1875, 0.996094, 1.0)	66	4.61829101482991	0.12176929737626037	0.12323949865903995	-1.192962726055149
MdWfIbDeNiSoScLa	HCPur100	sub-105115	NNLS	14	14.TemporalParietal	(0.046875, 0.1875, 0.996094, 1.0)	66	4.61829101482991	0.16143546182053448	0.16259571654819466	-0.7135825914062582
MdWfIbDeNiSoScLa	HCPur100	sub-110411	NNLS	14	14.TemporalParietal	(0.046875, 0.1875, 0.996094, 1.0)	66	4.61829101482991	0.09958596759053834	0.09817800460902436	1.4340920729861344
MdWfIbDeNiSoScLa	HCPur100	sub-117122	NNLS	14	14.TemporalParietal	(0.046875, 0.1875, 0.996094, 1.0)	66	4.61829101482991	0.20678951658828829	0.20725364529241755	-0.22394235984337757
MdWfIbDeNiSoScLa	HCPur100	sub-118730	NNLS	14	14.TemporalParietal	(0.046875, 0.1875, 0.996094, 1.0)	66	4.61829101482991	0.1678411618473578	0.16824410015024868	-0.23949624535483305
MdWfIbDeNiSoScLa	HCPur100	sub-123117	NNLS	14	14.TemporalParietal	(0.046875, 0.1875, 0.996094, 1.0)	66	4.61829101482991	0.16572607733752934	0.16502918345304854	0.4222852406459777
MdWfIbDeNiSoScLa	HCPur100	sub-124422	NNLS	14	14.TemporalParietal	(0.046875, 0.1875, 0.996094, 1.0)	66	4.61829101482991	0.18317570912564587	0.18176689155009862	0.7750683105888714
MdWfIbDeNiSoScLa	HCPur100	sub-127630	NNLS	14	14.TemporalParietal	(0.046875, 0.1875, 0.996094, 1.0)	66	4.61829101482991	0.17199632838335516	0.17229458758895783	-0.17311002613397478
MdWfIbDeNiSoScLa	HCPur100	sub-128632	NNLS	14	14.TemporalParietal	(0.046875, 0.1875, 0.996094, 1.0)	66	4.61829101482991	0.19115812316223021	0.1895573483372452	0.8444804904830459
MdWfIbDeNiSoScLa	HCPur100	sub-130013	NNLS	14	14.TemporalParietal	(0.046875, 0.1875, 0.996094, 1.0)	66	4.61829101482991	0.22429842316394472	0.22329373145215037	0.4499417450102683
MdWfIbDeNiSoScLa	HCPur100	sub-130316	NNLS	14	14.TemporalParietal	(0.046875, 0.1875, 0.996094, 1.0)	66	4.61829101482991	0.1420805695288172	0.14080050547223483	0.9091331400332205
MdWfIbDeNiSoScLa	HCPur100	sub-131217	NNLS	14	14.TemporalParietal	(0.046875, 0.1875, 0.996094, 1.0)	66	4.61829101482991	0.19490381257636838	0.1944347795467546	0.24122897699020235
MdWfIbDeNiSoScLa	HCPur100	sub-153025	NNLS	14	14.TemporalParietal	(0.046875, 0.1875, 0.996094, 1.0)	66	4.61829101482991	0.281615859798647	0.27884184880287627	0.9948330954195435
MdWfIbDeNiSoScLa	HCPur100	sub-154734	NNLS	14	14.TemporalParietal	(0.046875, 0.1875, 0.996094, 1.0)	66	4.61829101482991	0.2029080200506744	0.20425780203606414	-0.6608227308504065
MdWfIbDeNiSoScLa	HCPur100	sub-156637	NNLS	14	14.TemporalParietal	(0.046875, 0.1875, 0.996094, 1.0)	66	4.61829101482991	0.08228261631599144	0.08285140964109254	-0.6865222059166841
MdWfIbDeNiSoScLa	HCPur100	sub-159340	NNLS	14	14.TemporalParietal	(0.046875, 0.1875, 0.996094, 1.0)	66	4.61829101482991	0.23425656501555372	0.2338336846521734	0.180846640640909
MdWfIbDeNiSoScLa	HCPur100	sub-160123	NNLS	14	14.TemporalParietal	(0.046875, 0.1875, 0.996094, 1.0)	66	4.61829101482991	0.18641842017467394	0.18523827697045683	0.6370946780104891
MdWfIbDeNiSoScLa	HCPur100	sub-161731	NNLS	14	14.TemporalParietal	(0.046875, 0.1875, 0.996094, 1.0)	66	4.61829101482991	0.255488200226506	0.25539493586712825	0.03651770112867598
MdWfIbDeNiSoScLa	HCPur100	sub-162733	NNLS	14	14.TemporalParietal	(0.046875, 0.1875, 0.996094, 1.0)	66	4.61829101482991	0.18446132253890837	0.18436778933079379	0.05073185964537984
MdWfIbDeNiSoScLa	HCPur100	sub-163129	NNLS	14	14.TemporalParietal	(0.046875, 0.1875, 0.996094, 1.0)	66	4.61829101482991	0.2840649509793009	0.2825339110945543	0.5418959723508147
MdWfIbDeNiSoScLa	HCPur100	sub-178950	NNLS	14	14.TemporalParietal	(0.046875, 0.1875, 0.996094, 1.0)	66	4.61829101482991	0.16826937505742948	0.1689685412027811	-0.41378480300220105
MdWfIbDeNiSoScLa	HCPur100	sub-188347	NNLS	14	14.TemporalParietal	(0.046875, 0.1875, 0.996094, 1.0)	66	4.61829101482991	0.28512865290057915	0.286038765540971	-0.31817807585297675
MdWfIbDeNiSoScLa	HCPur100	sub-189450	NNLS	14	14.TemporalParietal	(0.046875, 0.1875, 0.996094, 1.0)	66	4.61829101482991	0.14869469938233856	0.1479109837680173	0.5298562651374328
MdWfIbDeNiSoScLa	HCPur100	sub-190031	NNLS	14	14.TemporalParietal	(0.046875, 0.1875, 0.996094, 1.0)	66	4.61829101482991	0.1880739948110888	0.18635813902531742	0.9207302641814188
MdWfIbDeNiSoScLa	HCPur100	sub-196750	NNLS	14	14.TemporalParietal	(0.046875, 0.1875, 0.996094, 1.0)	66	4.61829101482991	0.21643098674104871	0.2171086520333398	-0.31213186851116836
MdWfIbDeNiSoScLa	HCPur100	sub-198451	NNLS	14	14.TemporalParietal	(0.046875, 0.1875, 0.996094, 1.0)	66	4.61829101482991	0.06611936517610227	0.06695721130567817	-1.2513157481288995
MdWfIbDeNiSoScLa	HCPur100	sub-199655	NNLS	14	14.TemporalParietal	(0.046875, 0.1875, 0.996094, 1.0)	66	4.61829101482991	0.18090632553226146	0.18161736566788042	-0.3915044869218176
MdWfIbDeNiSoScLa	HCPur100	sub-201111	NNLS	14	14.TemporalParietal	(0.046875, 0.1875, 0.996094, 1.0)	66	4.61829101482991	0.12539726999600737	0.12468109738561882	0.5744035185811192
MdWfIbDeNiSoScLa	HCPur100	sub-208226	NNLS	14	14.TemporalParietal	(0.046875, 0.1875, 0.996094, 1.0)	66	4.61829101482991	0.1024536345104709	0.10383802588588399	-1.3332219710479742
MdWfIbDeNiSoScLa	HCPur100	sub-211417	NNLS	14	14.TemporalParietal	(0.046875, 0.1875, 0.996094, 1.0)	66	4.61829101482991	0.16516481952137854	0.16275565523196112	1.480233842556106
MdWfIbDeNiSoScLa	HCPur100	sub-211720	NNLS	14	14.TemporalParietal	(0.046875, 0.1875, 0.996094, 1.0)	66	4.61829101482991	0.12083560167329686	0.12026191158296709	0.47703390273652185
MdWfIbDeNiSoScLa	HCPur100	sub-212318	NNLS	14	14.TemporalParietal	(0.046875, 0.1875, 0.996094, 1.0)	66	4.61829101482991	0.1657641265847696	0.16292537610147914	1.742362393886591
MdWfIbDeNiSoScLa	HCPur100	sub-214423	NNLS	14	14.TemporalParietal	(0.046875, 0.1875, 0.996094, 1.0)	66	4.61829101482991	0.12146299852579177	0.12046417637168592	0.8291445508447557
MdWfIbDeNiSoScLa	HCPur100	sub-221319	NNLS	14	14.TemporalParietal	(0.046875, 0.1875, 0.996094, 1.0)	66	4.61829101482991	0.2770846543602326	0.2745085951405999	0.9384257051453324
MdWfIbDeNiSoScLa	HCPur100	sub-239944	NNLS	14	14.TemporalParietal	(0.046875, 0.1875, 0.996094, 1.0)	66	4.61829101482991	0.1533966217924605	0.15464515988740857	-0.8073567228725976
MdWfIbDeNiSoScLa	HCPur100	sub-245333	NNLS	14	14.TemporalParietal	(0.046875, 0.1875, 0.996094, 1.0)	66	4.61829101482991	0.09643214325963957	0.09574715158214822	0.7154172904074834
MdWfIbDeNiSoScLa	HCPur100	sub-280739	NNLS	14	14.TemporalParietal	(0.046875, 0.1875, 0.996094, 1.0)	66	4.61829101482991	0.11395215639565265	0.11449847659165661	-0.47714189067540463
MdWfIbDeNiSoScLa	HCPur100	sub-298051	NNLS	14	14.TemporalParietal	(0.046875, 0.1875, 0.996094, 1.0)	66	4.61829101482991	0.21675323543300562	0.21518173994875098	0.7303107989687785
MdWfIbDeNiSoScLa	HCPur100	sub-366446	NNLS	14	14.TemporalParietal	(0.046875, 0.1875, 0.996094, 1.0)	66	4.61829101482991	0.05388076189350638	0.05476394714932068	-1.6127129284640278
MdWfIbDeNiSoScLa	HCPur100	sub-397760	NNLS	14	14.TemporalParietal	(0.046875, 0.1875, 0.996094, 1.0)	66	4.61829101482991	0.2535624646584101	0.25176273762280144	0.7148504391881302
MdWfIbDeNiSoScLa	HCPur100	sub-414229	NNLS	14	14.TemporalParietal	(0.046875, 0.1875, 0.996094, 1.0)	66	4.61829101482991	0.31802469713064074	0.31454712710350313	1.1055799679878497
MdWfIbDeNiSoScLa	HCPur100	sub-654754	NNLS	14	14.TemporalParietal	(0.046875, 0.1875, 0.996094, 1.0)	66	4.61829101482991	0.1660467026038144	0.16642289213002187	-0.22604433884826275
MdWfIbDeNiSoScLa	HCPur100	sub-672756	NNLS	14	14.TemporalParietal	(0.046875, 0.1875, 0.996094, 1.0)	66	4.61829101482991	0.06272360857128058	0.061433092009181914	2.1006863237581817
MdWfIbDeNiSoScLa	HCPur100	sub-751348	NNLS	14	14.TemporalParietal	(0.046875, 0.1875, 0.996094, 1.0)	66	4.61829101482991	0.23588739986979446	0.23619867104178888	-0.13178362546305336
MdWfIbDeNiSoScLa	HCPur100	sub-792564	NNLS	14	14.TemporalParietal	(0.046875, 0.1875, 0.996094, 1.0)	66	4.61829101482991	0.18134125648851673	0.18228410101958484	-0.517239038289359
MdWfIbDeNiSoScLa	HCPur100	sub-899885	NNLS	14	14.TemporalParietal	(0.046875, 0.1875, 0.996094, 1.0)	66	4.61829101482991	0.21441723230399107	0.21373918388997906	0.3172316847438825
MdWfIbDeNiSoScLa	HCPur100	sub-101309	NNLS	15	15.DefaultC	(0.0, 0.0, 0.507812, 1.0)	46	0.5751930659740715	0.049402138766788645	0.0494946521981851	-0.1869160147363315
MdWfIbDeNiSoScLa	HCPur100	sub-103111	NNLS	15	15.DefaultC	(0.0, 0.0, 0.507812, 1.0)	46	0.5751930659740715	0.1755235906370334	0.17548274049890636	0.02327872132091595
MdWfIbDeNiSoScLa	HCPur100	sub-103414	NNLS	15	15.DefaultC	(0.0, 0.0, 0.507812, 1.0)	46	0.5751930659740715	0.2462885129777041	0.24610675657567527	0.07385266644353335
MdWfIbDeNiSoScLa	HCPur100	sub-103818	NNLS	15	15.DefaultC	(0.0, 0.0, 0.507812, 1.0)	46	0.5751930659740715	0.17417798106457125	0.17429667486761086	-0.06809871911197697
MdWfIbDeNiSoScLa	HCPur100	sub-105014	NNLS	15	15.DefaultC	(0.0, 0.0, 0.507812, 1.0)	46	0.5751930659740715	0.12334155863915003	0.12323949865903995	0.0828143421716132
MdWfIbDeNiSoScLa	HCPur100	sub-105115	NNLS	15	15.DefaultC	(0.0, 0.0, 0.507812, 1.0)	46	0.5751930659740715	0.16255439054708665	0.16259571654819466	-0.02541641439598528
MdWfIbDeNiSoScLa	HCPur100	sub-110411	NNLS	15	15.DefaultC	(0.0, 0.0, 0.507812, 1.0)	46	0.5751930659740715	0.098231936396436	0.09817800460902436	0.0549326579068461
MdWfIbDeNiSoScLa	HCPur100	sub-117122	NNLS	15	15.DefaultC	(0.0, 0.0, 0.507812, 1.0)	46	0.5751930659740715	0.20726710567989376	0.20725364529241755	0.006494644500567997
MdWfIbDeNiSoScLa	HCPur100	sub-118730	NNLS	15	15.DefaultC	(0.0, 0.0, 0.507812, 1.0)	46	0.5751930659740715	0.168175329626409	0.16824410015024868	-0.040875444534622496
MdWfIbDeNiSoScLa	HCPur100	sub-123117	NNLS	15	15.DefaultC	(0.0, 0.0, 0.507812, 1.0)	46	0.5751930659740715	0.1651518091142966	0.16502918345304854	0.07430544021503863
MdWfIbDeNiSoScLa	HCPur100	sub-124422	NNLS	15	15.DefaultC	(0.0, 0.0, 0.507812, 1.0)	46	0.5751930659740715	0.18188993344842358	0.18176689155009862	0.06769213979271221
MdWfIbDeNiSoScLa	HCPur100	sub-127630	NNLS	15	15.DefaultC	(0.0, 0.0, 0.507812, 1.0)	46	0.5751930659740715	0.17229695942312115	0.17229458758895783	0.0013766155957151897
MdWfIbDeNiSoScLa	HCPur100	sub-128632	NNLS	15	15.DefaultC	(0.0, 0.0, 0.507812, 1.0)	46	0.5751930659740715	0.1895882287260084	0.1895573483372452	0.01629078958641018
MdWfIbDeNiSoScLa	HCPur100	sub-130013	NNLS	15	15.DefaultC	(0.0, 0.0, 0.507812, 1.0)	46	0.5751930659740715	0.22345217988328353	0.22329373145215037	0.07095964141166065
MdWfIbDeNiSoScLa	HCPur100	sub-130316	NNLS	15	15.DefaultC	(0.0, 0.0, 0.507812, 1.0)	46	0.5751930659740715	0.14082685342613396	0.14080050547223483	0.018712968260140184
MdWfIbDeNiSoScLa	HCPur100	sub-131217	NNLS	15	15.DefaultC	(0.0, 0.0, 0.507812, 1.0)	46	0.5751930659740715	0.19462422209994767	0.1944347795467546	0.09743244168285871
MdWfIbDeNiSoScLa	HCPur100	sub-153025	NNLS	15	15.DefaultC	(0.0, 0.0, 0.507812, 1.0)	46	0.5751930659740715	0.2787367068261782	0.27884184880287627	-0.03770667034000889
MdWfIbDeNiSoScLa	HCPur100	sub-154734	NNLS	15	15.DefaultC	(0.0, 0.0, 0.507812, 1.0)	46	0.5751930659740715	0.20425677953046587	0.20425780203606414	-0.0005005956140144627
MdWfIbDeNiSoScLa	HCPur100	sub-156637	NNLS	15	15.DefaultC	(0.0, 0.0, 0.507812, 1.0)	46	0.5751930659740715	0.08310857154200352	0.08285140964109254	0.31038928851661896
MdWfIbDeNiSoScLa	HCPur100	sub-159340	NNLS	15	15.DefaultC	(0.0, 0.0, 0.507812, 1.0)	46	0.5751930659740715	0.23391775312746677	0.2338336846521734	0.03595225188295879
MdWfIbDeNiSoScLa	HCPur100	sub-160123	NNLS	15	15.DefaultC	(0.0, 0.0, 0.507812, 1.0)	46	0.5751930659740715	0.18531853332720336	0.18523827697045683	0.0433260112645735
MdWfIbDeNiSoScLa	HCPur100	sub-161731	NNLS	15	15.DefaultC	(0.0, 0.0, 0.507812, 1.0)	46	0.5751930659740715	0.2555651427797274	0.25539493586712825	0.066644591844108
MdWfIbDeNiSoScLa	HCPur100	sub-162733	NNLS	15	15.DefaultC	(0.0, 0.0, 0.507812, 1.0)	46	0.5751930659740715	0.18442539819817805	0.18436778933079379	0.031246709413486607
MdWfIbDeNiSoScLa	HCPur100	sub-163129	NNLS	15	15.DefaultC	(0.0, 0.0, 0.507812, 1.0)	46	0.5751930659740715	0.28262251880042943	0.2825339110945543	0.031361794954765806
MdWfIbDeNiSoScLa	HCPur100	sub-178950	NNLS	15	15.DefaultC	(0.0, 0.0, 0.507812, 1.0)	46	0.5751930659740715	0.1687394086856048	0.1689685412027811	-0.13560661383784464
MdWfIbDeNiSoScLa	HCPur100	sub-188347	NNLS	15	15.DefaultC	(0.0, 0.0, 0.507812, 1.0)	46	0.5751930659740715	0.2862135161823561	0.286038765540971	0.06109334203514695
MdWfIbDeNiSoScLa	HCPur100	sub-189450	NNLS	15	15.DefaultC	(0.0, 0.0, 0.507812, 1.0)	46	0.5751930659740715	0.1479351820825575	0.1479109837680173	0.01636005246109865
MdWfIbDeNiSoScLa	HCPur100	sub-190031	NNLS	15	15.DefaultC	(0.0, 0.0, 0.507812, 1.0)	46	0.5751930659740715	0.186468238786717	0.18635813902531742	0.0590796634777659
MdWfIbDeNiSoScLa	HCPur100	sub-196750	NNLS	15	15.DefaultC	(0.0, 0.0, 0.507812, 1.0)	46	0.5751930659740715	0.21716970615937645	0.2171086520333398	0.028121461519314547
MdWfIbDeNiSoScLa	HCPur100	sub-198451	NNLS	15	15.DefaultC	(0.0, 0.0, 0.507812, 1.0)	46	0.5751930659740715	0.06678911018195519	0.06695721130567817	-0.2510575342744668
MdWfIbDeNiSoScLa	HCPur100	sub-199655	NNLS	15	15.DefaultC	(0.0, 0.0, 0.507812, 1.0)	46	0.5751930659740715	0.18160978841941616	0.18161736566788042	-0.004172094687307668
MdWfIbDeNiSoScLa	HCPur100	sub-201111	NNLS	15	15.DefaultC	(0.0, 0.0, 0.507812, 1.0)	46	0.5751930659740715	0.12472900647483053	0.12468109738561882	0.03842530280554961
MdWfIbDeNiSoScLa	HCPur100	sub-208226	NNLS	15	15.DefaultC	(0.0, 0.0, 0.507812, 1.0)	46	0.5751930659740715	0.10384734988390645	0.10383802588588399	0.008979367570709367
MdWfIbDeNiSoScLa	HCPur100	sub-211417	NNLS	15	15.DefaultC	(0.0, 0.0, 0.507812, 1.0)	46	0.5751930659740715	0.16304487940771137	0.16275565523196112	0.17770453219462443
MdWfIbDeNiSoScLa	HCPur100	sub-211720	NNLS	15	15.DefaultC	(0.0, 0.0, 0.507812, 1.0)	46	0.5751930659740715	0.12031069259202454	0.12026191158296709	0.04056230972496526
MdWfIbDeNiSoScLa	HCPur100	sub-212318	NNLS	15	15.DefaultC	(0.0, 0.0, 0.507812, 1.0)	46	0.5751930659740715	0.16293340081373708	0.16292537610147914	0.00492539127418935
MdWfIbDeNiSoScLa	HCPur100	sub-214423	NNLS	15	15.DefaultC	(0.0, 0.0, 0.507812, 1.0)	46	0.5751930659740715	0.12048673586330734	0.12046417637168592	0.018727137229419506
MdWfIbDeNiSoScLa	HCPur100	sub-221319	NNLS	15	15.DefaultC	(0.0, 0.0, 0.507812, 1.0)	46	0.5751930659740715	0.2747919775598273	0.2745085951405999	0.10323262158049526
MdWfIbDeNiSoScLa	HCPur100	sub-239944	NNLS	15	15.DefaultC	(0.0, 0.0, 0.507812, 1.0)	46	0.5751930659740715	0.15470667443826497	0.15464515988740857	0.039777870126156724
MdWfIbDeNiSoScLa	HCPur100	sub-245333	NNLS	15	15.DefaultC	(0.0, 0.0, 0.507812, 1.0)	46	0.5751930659740715	0.09577859727075992	0.09574715158214822	0.032842427259803034
MdWfIbDeNiSoScLa	HCPur100	sub-280739	NNLS	15	15.DefaultC	(0.0, 0.0, 0.507812, 1.0)	46	0.5751930659740715	0.1144241883407909	0.11449847659165661	-0.06488143168109382
MdWfIbDeNiSoScLa	HCPur100	sub-298051	NNLS	15	15.DefaultC	(0.0, 0.0, 0.507812, 1.0)	46	0.5751930659740715	0.21526750677492307	0.21518173994875098	0.03985785512865397
MdWfIbDeNiSoScLa	HCPur100	sub-366446	NNLS	15	15.DefaultC	(0.0, 0.0, 0.507812, 1.0)	46	0.5751930659740715	0.05465973678436266	0.05476394714932068	-0.1902900911687028
MdWfIbDeNiSoScLa	HCPur100	sub-397760	NNLS	15	15.DefaultC	(0.0, 0.0, 0.507812, 1.0)	46	0.5751930659740715	0.2517796011720649	0.25176273762280144	0.006698191091610868
MdWfIbDeNiSoScLa	HCPur100	sub-414229	NNLS	15	15.DefaultC	(0.0, 0.0, 0.507812, 1.0)	46	0.5751930659740715	0.31476865026668266	0.31454712710350313	0.0704260646788974
MdWfIbDeNiSoScLa	HCPur100	sub-654754	NNLS	15	15.DefaultC	(0.0, 0.0, 0.507812, 1.0)	46	0.5751930659740715	0.16648669149506437	0.16642289213002187	0.038335690616802115
MdWfIbDeNiSoScLa	HCPur100	sub-672756	NNLS	15	15.DefaultC	(0.0, 0.0, 0.507812, 1.0)	46	0.5751930659740715	0.061411086579652024	0.061433092009181914	-0.03582015622231809
MdWfIbDeNiSoScLa	HCPur100	sub-751348	NNLS	15	15.DefaultC	(0.0, 0.0, 0.507812, 1.0)	46	0.5751930659740715	0.23630909167029518	0.23619867104178888	0.04674904732498119
MdWfIbDeNiSoScLa	HCPur100	sub-792564	NNLS	15	15.DefaultC	(0.0, 0.0, 0.507812, 1.0)	46	0.5751930659740715	0.18241743188608814	0.18228410101958484	0.07314453962662129
MdWfIbDeNiSoScLa	HCPur100	sub-899885	NNLS	15	15.DefaultC	(0.0, 0.0, 0.507812, 1.0)	46	0.5751930659740715	0.21376434174560394	0.21373918388997906	0.011770352617152422
MdWfIbDeNiSoScLa	HCPur100	sub-101309	NNLS	16	16.DefaultA	(0.996094, 0.996094, 0.0, 1.0)	154	3.8377395630450204	0.05165840401166282	0.0494946521981851	4.371688086247554
MdWfIbDeNiSoScLa	HCPur100	sub-103111	NNLS	16	16.DefaultA	(0.996094, 0.996094, 0.0, 1.0)	154	3.8377395630450204	0.17501610922183605	0.17548274049890636	-0.2659129186971037
MdWfIbDeNiSoScLa	HCPur100	sub-103414	NNLS	16	16.DefaultA	(0.996094, 0.996094, 0.0, 1.0)	154	3.8377395630450204	0.2461562106303197	0.24610675657567527	0.020094553815805376
MdWfIbDeNiSoScLa	HCPur100	sub-103818	NNLS	16	16.DefaultA	(0.996094, 0.996094, 0.0, 1.0)	154	3.8377395630450204	0.17346940137639555	0.17429667486761086	-0.47463526877014345
MdWfIbDeNiSoScLa	HCPur100	sub-105014	NNLS	16	16.DefaultA	(0.996094, 0.996094, 0.0, 1.0)	154	3.8377395630450204	0.12294016966088914	0.12323949865903995	-0.2428839790877037
MdWfIbDeNiSoScLa	HCPur100	sub-105115	NNLS	16	16.DefaultA	(0.996094, 0.996094, 0.0, 1.0)	154	3.8377395630450204	0.16383670715170762	0.16259571654819466	0.7632369596557729
MdWfIbDeNiSoScLa	HCPur100	sub-110411	NNLS	16	16.DefaultA	(0.996094, 0.996094, 0.0, 1.0)	154	3.8377395630450204	0.09885028757747197	0.09817800460902436	0.6847592504297189
MdWfIbDeNiSoScLa	HCPur100	sub-117122	NNLS	16	16.DefaultA	(0.996094, 0.996094, 0.0, 1.0)	154	3.8377395630450204	0.20741471690845897	0.20725364529241755	0.07771714500566028
MdWfIbDeNiSoScLa	HCPur100	sub-118730	NNLS	16	16.DefaultA	(0.996094, 0.996094, 0.0, 1.0)	154	3.8377395630450204	0.16837043114093614	0.16824410015024868	0.07508791724324239
MdWfIbDeNiSoScLa	HCPur100	sub-123117	NNLS	16	16.DefaultA	(0.996094, 0.996094, 0.0, 1.0)	154	3.8377395630450204	0.16447253508103135	0.16502918345304854	-0.3373029911255402
MdWfIbDeNiSoScLa	HCPur100	sub-124422	NNLS	16	16.DefaultA	(0.996094, 0.996094, 0.0, 1.0)	154	3.8377395630450204	0.18109946871363192	0.18176689155009862	-0.3671861419728065
MdWfIbDeNiSoScLa	HCPur100	sub-127630	NNLS	16	16.DefaultA	(0.996094, 0.996094, 0.0, 1.0)	154	3.8377395630450204	0.17295222401080515	0.17229458758895783	0.38169302416872397
MdWfIbDeNiSoScLa	HCPur100	sub-128632	NNLS	16	16.DefaultA	(0.996094, 0.996094, 0.0, 1.0)	154	3.8377395630450204	0.18927005074501255	0.1895573483372452	-0.1515623608120467
MdWfIbDeNiSoScLa	HCPur100	sub-130013	NNLS	16	16.DefaultA	(0.996094, 0.996094, 0.0, 1.0)	154	3.8377395630450204	0.22357540997284064	0.22329373145215037	0.1261470793910921
MdWfIbDeNiSoScLa	HCPur100	sub-130316	NNLS	16	16.DefaultA	(0.996094, 0.996094, 0.0, 1.0)	154	3.8377395630450204	0.14054836559018638	0.14080050547223483	-0.17907597788998517
MdWfIbDeNiSoScLa	HCPur100	sub-131217	NNLS	16	16.DefaultA	(0.996094, 0.996094, 0.0, 1.0)	154	3.8377395630450204	0.19377115763181857	0.1944347795467546	-0.34130823532856774
MdWfIbDeNiSoScLa	HCPur100	sub-153025	NNLS	16	16.DefaultA	(0.996094, 0.996094, 0.0, 1.0)	154	3.8377395630450204	0.27638551503247355	0.27884184880287627	-0.8809057108709651
MdWfIbDeNiSoScLa	HCPur100	sub-154734	NNLS	16	16.DefaultA	(0.996094, 0.996094, 0.0, 1.0)	154	3.8377395630450204	0.2055340453515241	0.20425780203606414	0.6248198613410176
MdWfIbDeNiSoScLa	HCPur100	sub-156637	NNLS	16	16.DefaultA	(0.996094, 0.996094, 0.0, 1.0)	154	3.8377395630450204	0.08289561340344472	0.08285140964109254	0.053353060067006894
MdWfIbDeNiSoScLa	HCPur100	sub-159340	NNLS	16	16.DefaultA	(0.996094, 0.996094, 0.0, 1.0)	154	3.8377395630450204	0.23331509627156816	0.2338336846521734	-0.22177659364032773
MdWfIbDeNiSoScLa	HCPur100	sub-160123	NNLS	16	16.DefaultA	(0.996094, 0.996094, 0.0, 1.0)	154	3.8377395630450204	0.18366685145676684	0.18523827697045683	-0.8483265658644715
MdWfIbDeNiSoScLa	HCPur100	sub-161731	NNLS	16	16.DefaultA	(0.996094, 0.996094, 0.0, 1.0)	154	3.8377395630450204	0.25525215139451257	0.25539493586712825	-0.055907323350358355
MdWfIbDeNiSoScLa	HCPur100	sub-162733	NNLS	16	16.DefaultA	(0.996094, 0.996094, 0.0, 1.0)	154	3.8377395630450204	0.18497837406419432	0.18436778933079379	0.3311775530947097
MdWfIbDeNiSoScLa	HCPur100	sub-163129	NNLS	16	16.DefaultA	(0.996094, 0.996094, 0.0, 1.0)	154	3.8377395630450204	0.2820505065583329	0.2825339110945543	-0.17109611173703926
MdWfIbDeNiSoScLa	HCPur100	sub-178950	NNLS	16	16.DefaultA	(0.996094, 0.996094, 0.0, 1.0)	154	3.8377395630450204	0.1704075360382169	0.1689685412027811	0.8516347630112097
MdWfIbDeNiSoScLa	HCPur100	sub-188347	NNLS	16	16.DefaultA	(0.996094, 0.996094, 0.0, 1.0)	154	3.8377395630450204	0.28560566018216926	0.286038765540971	-0.1514149167797744
MdWfIbDeNiSoScLa	HCPur100	sub-189450	NNLS	16	16.DefaultA	(0.996094, 0.996094, 0.0, 1.0)	154	3.8377395630450204	0.14717779686764385	0.1479109837680173	-0.49569469534689387
MdWfIbDeNiSoScLa	HCPur100	sub-190031	NNLS	16	16.DefaultA	(0.996094, 0.996094, 0.0, 1.0)	154	3.8377395630450204	0.185633018617557	0.18635813902531742	-0.3891004769380757
MdWfIbDeNiSoScLa	HCPur100	sub-196750	NNLS	16	16.DefaultA	(0.996094, 0.996094, 0.0, 1.0)	154	3.8377395630450204	0.2165756316893143	0.2171086520333398	-0.24550856865144446
MdWfIbDeNiSoScLa	HCPur100	sub-198451	NNLS	16	16.DefaultA	(0.996094, 0.996094, 0.0, 1.0)	154	3.8377395630450204	0.06842746485783313	0.06695721130567817	2.195810613203187
MdWfIbDeNiSoScLa	HCPur100	sub-199655	NNLS	16	16.DefaultA	(0.996094, 0.996094, 0.0, 1.0)	154	3.8377395630450204	0.18229010938835982	0.18161736566788042	0.37041816899251423
MdWfIbDeNiSoScLa	HCPur100	sub-201111	NNLS	16	16.DefaultA	(0.996094, 0.996094, 0.0, 1.0)	154	3.8377395630450204	0.12452997238283328	0.12468109738561882	-0.12120923376069753
MdWfIbDeNiSoScLa	HCPur100	sub-208226	NNLS	16	16.DefaultA	(0.996094, 0.996094, 0.0, 1.0)	154	3.8377395630450204	0.10392513833251452	0.10383802588588399	0.08389262593094697
MdWfIbDeNiSoScLa	HCPur100	sub-211417	NNLS	16	16.DefaultA	(0.996094, 0.996094, 0.0, 1.0)	154	3.8377395630450204	0.16081742438545252	0.16275565523196112	-1.190883870515105
MdWfIbDeNiSoScLa	HCPur100	sub-211720	NNLS	16	16.DefaultA	(0.996094, 0.996094, 0.0, 1.0)	154	3.8377395630450204	0.1195820835710959	0.12026191158296709	-0.5652895442312902
MdWfIbDeNiSoScLa	HCPur100	sub-212318	NNLS	16	16.DefaultA	(0.996094, 0.996094, 0.0, 1.0)	154	3.8377395630450204	0.1613874921103973	0.16292537610147914	-0.9439192517953521
MdWfIbDeNiSoScLa	HCPur100	sub-214423	NNLS	16	16.DefaultA	(0.996094, 0.996094, 0.0, 1.0)	154	3.8377395630450204	0.12092103837934134	0.12046417637168592	0.3792513437736016
MdWfIbDeNiSoScLa	HCPur100	sub-221319	NNLS	16	16.DefaultA	(0.996094, 0.996094, 0.0, 1.0)	154	3.8377395630450204	0.2712305306183587	0.2745085951405999	-1.1941573343312548
MdWfIbDeNiSoScLa	HCPur100	sub-239944	NNLS	16	16.DefaultA	(0.996094, 0.996094, 0.0, 1.0)	154	3.8377395630450204	0.15465871980603704	0.15464515988740857	0.00876840803704923
MdWfIbDeNiSoScLa	HCPur100	sub-245333	NNLS	16	16.DefaultA	(0.996094, 0.996094, 0.0, 1.0)	154	3.8377395630450204	0.09597216463131156	0.09574715158214822	0.23500756465875816
MdWfIbDeNiSoScLa	HCPur100	sub-280739	NNLS	16	16.DefaultA	(0.996094, 0.996094, 0.0, 1.0)	154	3.8377395630450204	0.1141660502236348	0.11449847659165661	-0.2903325685348391
MdWfIbDeNiSoScLa	HCPur100	sub-298051	NNLS	16	16.DefaultA	(0.996094, 0.996094, 0.0, 1.0)	154	3.8377395630450204	0.21346034693918386	0.21518173994875098	-0.7999716936841808
MdWfIbDeNiSoScLa	HCPur100	sub-366446	NNLS	16	16.DefaultA	(0.996094, 0.996094, 0.0, 1.0)	154	3.8377395630450204	0.05452314379217924	0.05476394714932068	-0.4397114701846801
MdWfIbDeNiSoScLa	HCPur100	sub-397760	NNLS	16	16.DefaultA	(0.996094, 0.996094, 0.0, 1.0)	154	3.8377395630450204	0.25120347992337133	0.25176273762280144	-0.22213680416360956
MdWfIbDeNiSoScLa	HCPur100	sub-414229	NNLS	16	16.DefaultA	(0.996094, 0.996094, 0.0, 1.0)	154	3.8377395630450204	0.3132751458339789	0.31454712710350313	-0.40438495853934875
MdWfIbDeNiSoScLa	HCPur100	sub-654754	NNLS	16	16.DefaultA	(0.996094, 0.996094, 0.0, 1.0)	154	3.8377395630450204	0.16559307612547802	0.16642289213002187	-0.4986189062833585
MdWfIbDeNiSoScLa	HCPur100	sub-672756	NNLS	16	16.DefaultA	(0.996094, 0.996094, 0.0, 1.0)	154	3.8377395630450204	0.06045623890525804	0.061433092009181914	-1.5901089656660514
MdWfIbDeNiSoScLa	HCPur100	sub-751348	NNLS	16	16.DefaultA	(0.996094, 0.996094, 0.0, 1.0)	154	3.8377395630450204	0.23566437114024832	0.23619867104178888	-0.22620783562580787
MdWfIbDeNiSoScLa	HCPur100	sub-792564	NNLS	16	16.DefaultA	(0.996094, 0.996094, 0.0, 1.0)	154	3.8377395630450204	0.18237412762508617	0.18228410101958484	0.04938807334143969
MdWfIbDeNiSoScLa	HCPur100	sub-899885	NNLS	16	16.DefaultA	(0.996094, 0.996094, 0.0, 1.0)	154	3.8377395630450204	0.2142060741221702	0.21373918388997906	0.21843923219593367
MdWfIbDeNiSoScLa	HCPur100	sub-101309	NNLS	17	17.DefaultB	(0.800781, 0.242188, 0.304688, 1.0)	148	7.013756763261677	0.04747856576730378	0.0494946521981851	-4.073341949769765
MdWfIbDeNiSoScLa	HCPur100	sub-103111	NNLS	17	17.DefaultB	(0.800781, 0.242188, 0.304688, 1.0)	148	7.013756763261677	0.17471291315531864	0.17548274049890636	-0.43869120199459855
MdWfIbDeNiSoScLa	HCPur100	sub-103414	NNLS	17	17.DefaultB	(0.800781, 0.242188, 0.304688, 1.0)	148	7.013756763261677	0.24621737155837767	0.24610675657567527	0.044945934943638
MdWfIbDeNiSoScLa	HCPur100	sub-103818	NNLS	17	17.DefaultB	(0.800781, 0.242188, 0.304688, 1.0)	148	7.013756763261677	0.17214823226945608	0.17429667486761086	-1.2326354474556969
MdWfIbDeNiSoScLa	HCPur100	sub-105014	NNLS	17	17.DefaultB	(0.800781, 0.242188, 0.304688, 1.0)	148	7.013756763261677	0.12267765024434955	0.12323949865903995	-0.45589962698958425
MdWfIbDeNiSoScLa	HCPur100	sub-105115	NNLS	17	17.DefaultB	(0.800781, 0.242188, 0.304688, 1.0)	148	7.013756763261677	0.16113214176172633	0.16259571654819466	-0.9001312073522644
MdWfIbDeNiSoScLa	HCPur100	sub-110411	NNLS	17	17.DefaultB	(0.800781, 0.242188, 0.304688, 1.0)	148	7.013756763261677	0.09726831930346189	0.09817800460902436	-0.9265673194165273
MdWfIbDeNiSoScLa	HCPur100	sub-117122	NNLS	17	17.DefaultB	(0.800781, 0.242188, 0.304688, 1.0)	148	7.013756763261677	0.20737125211291438	0.20725364529241755	0.056745356797414145
MdWfIbDeNiSoScLa	HCPur100	sub-118730	NNLS	17	17.DefaultB	(0.800781, 0.242188, 0.304688, 1.0)	148	7.013756763261677	0.1679372384276738	0.16824410015024868	-0.18239077762657988
MdWfIbDeNiSoScLa	HCPur100	sub-123117	NNLS	17	17.DefaultB	(0.800781, 0.242188, 0.304688, 1.0)	148	7.013756763261677	0.16535091034453808	0.16502918345304854	0.19495151388243756
MdWfIbDeNiSoScLa	HCPur100	sub-124422	NNLS	17	17.DefaultB	(0.800781, 0.242188, 0.304688, 1.0)	148	7.013756763261677	0.18121922420265688	0.18176689155009862	-0.30130203733543826
MdWfIbDeNiSoScLa	HCPur100	sub-127630	NNLS	17	17.DefaultB	(0.800781, 0.242188, 0.304688, 1.0)	148	7.013756763261677	0.17200120916156575	0.17229458758895783	-0.17027721618974367
MdWfIbDeNiSoScLa	HCPur100	sub-128632	NNLS	17	17.DefaultB	(0.800781, 0.242188, 0.304688, 1.0)	148	7.013756763261677	0.18797129746882593	0.1895573483372452	-0.8367129432500209
MdWfIbDeNiSoScLa	HCPur100	sub-130013	NNLS	17	17.DefaultB	(0.800781, 0.242188, 0.304688, 1.0)	148	7.013756763261677	0.2234390953637125	0.22329373145215037	0.06509986223831403
MdWfIbDeNiSoScLa	HCPur100	sub-130316	NNLS	17	17.DefaultB	(0.800781, 0.242188, 0.304688, 1.0)	148	7.013756763261677	0.13900282258884175	0.14080050547223483	-1.2767588279344424
MdWfIbDeNiSoScLa	HCPur100	sub-131217	NNLS	17	17.DefaultB	(0.800781, 0.242188, 0.304688, 1.0)	148	7.013756763261677	0.19493834799804283	0.1944347795467546	0.2589909338556113
MdWfIbDeNiSoScLa	HCPur100	sub-153025	NNLS	17	17.DefaultB	(0.800781, 0.242188, 0.304688, 1.0)	148	7.013756763261677	0.2783153520000407	0.27884184880287627	-0.1888155616152737
MdWfIbDeNiSoScLa	HCPur100	sub-154734	NNLS	17	17.DefaultB	(0.800781, 0.242188, 0.304688, 1.0)	148	7.013756763261677	0.20133814244297163	0.20425780203606414	-1.429399300290625
MdWfIbDeNiSoScLa	HCPur100	sub-156637	NNLS	17	17.DefaultB	(0.800781, 0.242188, 0.304688, 1.0)	148	7.013756763261677	0.08188998441597774	0.08285140964109254	-1.160421083092782
MdWfIbDeNiSoScLa	HCPur100	sub-159340	NNLS	17	17.DefaultB	(0.800781, 0.242188, 0.304688, 1.0)	148	7.013756763261677	0.23450556796852806	0.2338336846521734	0.2873338447170571
MdWfIbDeNiSoScLa	HCPur100	sub-160123	NNLS	17	17.DefaultB	(0.800781, 0.242188, 0.304688, 1.0)	148	7.013756763261677	0.18512183555312786	0.18523827697045683	-0.06286034357118468
MdWfIbDeNiSoScLa	HCPur100	sub-161731	NNLS	17	17.DefaultB	(0.800781, 0.242188, 0.304688, 1.0)	148	7.013756763261677	0.2551596128045686	0.25539493586712825	-0.09214084913651648
MdWfIbDeNiSoScLa	HCPur100	sub-162733	NNLS	17	17.DefaultB	(0.800781, 0.242188, 0.304688, 1.0)	148	7.013756763261677	0.18562677564205057	0.18436778933079379	0.6828667392642579
MdWfIbDeNiSoScLa	HCPur100	sub-163129	NNLS	17	17.DefaultB	(0.800781, 0.242188, 0.304688, 1.0)	148	7.013756763261677	0.28219676919385256	0.2825339110945543	-0.11932794169578144
MdWfIbDeNiSoScLa	HCPur100	sub-178950	NNLS	17	17.DefaultB	(0.800781, 0.242188, 0.304688, 1.0)	148	7.013756763261677	0.1674897609001152	0.1689685412027811	-0.875180842622772
MdWfIbDeNiSoScLa	HCPur100	sub-188347	NNLS	17	17.DefaultB	(0.800781, 0.242188, 0.304688, 1.0)	148	7.013756763261677	0.2872359466479091	0.286038765540971	0.4185380623755285
MdWfIbDeNiSoScLa	HCPur100	sub-189450	NNLS	17	17.DefaultB	(0.800781, 0.242188, 0.304688, 1.0)	148	7.013756763261677	0.14711802150451073	0.1479109837680173	-0.5361077611046541
MdWfIbDeNiSoScLa	HCPur100	sub-190031	NNLS	17	17.DefaultB	(0.800781, 0.242188, 0.304688, 1.0)	148	7.013756763261677	0.18428112735962646	0.18635813902531742	-1.1145269407357599
MdWfIbDeNiSoScLa	HCPur100	sub-196750	NNLS	17	17.DefaultB	(0.800781, 0.242188, 0.304688, 1.0)	148	7.013756763261677	0.21749611191646714	0.2171086520333398	0.17846358470682058
MdWfIbDeNiSoScLa	HCPur100	sub-198451	NNLS	17	17.DefaultB	(0.800781, 0.242188, 0.304688, 1.0)	148	7.013756763261677	0.06496238684560969	0.06695721130567817	-2.9792526020260177
MdWfIbDeNiSoScLa	HCPur100	sub-199655	NNLS	17	17.DefaultB	(0.800781, 0.242188, 0.304688, 1.0)	148	7.013756763261677	0.18197539049373868	0.18161736566788042	0.19713138363264623
MdWfIbDeNiSoScLa	HCPur100	sub-201111	NNLS	17	17.DefaultB	(0.800781, 0.242188, 0.304688, 1.0)	148	7.013756763261677	0.12415032507852528	0.12468109738561882	-0.4257039103946522
MdWfIbDeNiSoScLa	HCPur100	sub-208226	NNLS	17	17.DefaultB	(0.800781, 0.242188, 0.304688, 1.0)	148	7.013756763261677	0.10508983622744161	0.10383802588588399	1.2055413523879366
MdWfIbDeNiSoScLa	HCPur100	sub-211417	NNLS	17	17.DefaultB	(0.800781, 0.242188, 0.304688, 1.0)	148	7.013756763261677	0.1636508448398659	0.16275565523196112	0.550020585539064
MdWfIbDeNiSoScLa	HCPur100	sub-211720	NNLS	17	17.DefaultB	(0.800781, 0.242188, 0.304688, 1.0)	148	7.013756763261677	0.11910597731171535	0.12026191158296709	-0.9611806897433831
MdWfIbDeNiSoScLa	HCPur100	sub-212318	NNLS	17	17.DefaultB	(0.800781, 0.242188, 0.304688, 1.0)	148	7.013756763261677	0.1625700562436876	0.16292537610147914	-0.21808748661119529
MdWfIbDeNiSoScLa	HCPur100	sub-214423	NNLS	17	17.DefaultB	(0.800781, 0.242188, 0.304688, 1.0)	148	7.013756763261677	0.12096743512379454	0.12046417637168592	0.41776631631617966
MdWfIbDeNiSoScLa	HCPur100	sub-221319	NNLS	17	17.DefaultB	(0.800781, 0.242188, 0.304688, 1.0)	148	7.013756763261677	0.27776956252924784	0.2745085951405999	1.187929065382351
MdWfIbDeNiSoScLa	HCPur100	sub-239944	NNLS	17	17.DefaultB	(0.800781, 0.242188, 0.304688, 1.0)	148	7.013756763261677	0.15347174128439822	0.15464515988740857	-0.7587813313165884
MdWfIbDeNiSoScLa	HCPur100	sub-245333	NNLS	17	17.DefaultB	(0.800781, 0.242188, 0.304688, 1.0)	148	7.013756763261677	0.09379903460425916	0.09574715158214822	-2.0346474497652647
MdWfIbDeNiSoScLa	HCPur100	sub-280739	NNLS	17	17.DefaultB	(0.800781, 0.242188, 0.304688, 1.0)	148	7.013756763261677	0.11407291822738883	0.11449847659165661	-0.3716716387288589
MdWfIbDeNiSoScLa	HCPur100	sub-298051	NNLS	17	17.DefaultB	(0.800781, 0.242188, 0.304688, 1.0)	148	7.013756763261677	0.21489211205150807	0.21518173994875098	-0.13459687486116861
MdWfIbDeNiSoScLa	HCPur100	sub-366446	NNLS	17	17.DefaultB	(0.800781, 0.242188, 0.304688, 1.0)	148	7.013756763261677	0.052599783924268194	0.05476394714932068	-3.951802851521327
MdWfIbDeNiSoScLa	HCPur100	sub-397760	NNLS	17	17.DefaultB	(0.800781, 0.242188, 0.304688, 1.0)	148	7.013756763261677	0.25037625516109574	0.25176273762280144	-0.5507099560471757
MdWfIbDeNiSoScLa	HCPur100	sub-414229	NNLS	17	17.DefaultB	(0.800781, 0.242188, 0.304688, 1.0)	148	7.013756763261677	0.31342308820093284	0.31454712710350313	-0.357351508157447
MdWfIbDeNiSoScLa	HCPur100	sub-654754	NNLS	17	17.DefaultB	(0.800781, 0.242188, 0.304688, 1.0)	148	7.013756763261677	0.16844824308564463	0.16642289213002187	1.216990601293242
MdWfIbDeNiSoScLa	HCPur100	sub-672756	NNLS	17	17.DefaultB	(0.800781, 0.242188, 0.304688, 1.0)	148	7.013756763261677	0.057502496443525626	0.061433092009181914	-6.398173097113219
MdWfIbDeNiSoScLa	HCPur100	sub-751348	NNLS	17	17.DefaultB	(0.800781, 0.242188, 0.304688, 1.0)	148	7.013756763261677	0.23770297471456248	0.23619867104178888	0.6368806675069962
MdWfIbDeNiSoScLa	HCPur100	sub-792564	NNLS	17	17.DefaultB	(0.800781, 0.242188, 0.304688, 1.0)	148	7.013756763261677	0.18269089974118663	0.18228410101958484	0.2231674179626259
MdWfIbDeNiSoScLa	HCPur100	sub-899885	NNLS	17	17.DefaultB	(0.800781, 0.242188, 0.304688, 1.0)	148	7.013756763261677	0.21161579840425226	0.21373918388997906	-0.9934469885595696
MdWfIbDeHtSoScLa	Nishimoto	sub-01	NNLS	1	01.VisualA	(0.46875, 0.070312, 0.523438, 1.0)	125	3.614156123131034	0.17199777130272204	0.17361263835879187	-0.9301552417701953
MdWfIbDeHtSoScLa	Nishimoto	sub-02	NNLS	1	01.VisualA	(0.46875, 0.070312, 0.523438, 1.0)	125	3.614156123131034	0.1848836136752195	0.1847181169345556	0.08959421166172926
MdWfIbDeHtSoScLa	Nishimoto	sub-03	NNLS	1	01.VisualA	(0.46875, 0.070312, 0.523438, 1.0)	125	3.614156123131034	0.17943273183162775	0.17900265612884597	0.24026219056336853
MdWfIbDeHtSoScLa	Nishimoto	sub-04	NNLS	1	01.VisualA	(0.46875, 0.070312, 0.523438, 1.0)	125	3.614156123131034	0.1529805740468226	0.15232666994958893	0.4292774846650817
MdWfIbDeHtSoScLa	Nishimoto	sub-05	NNLS	1	01.VisualA	(0.46875, 0.070312, 0.523438, 1.0)	125	3.614156123131034	0.19263344350700648	0.19336142242003052	-0.3764861180234178
MdWfIbDeHtSoScLa	Nishimoto	sub-06	NNLS	1	01.VisualA	(0.46875, 0.070312, 0.523438, 1.0)	125	3.614156123131034	0.1955864366282122	0.19489597072068482	0.35427408015372935
MdWfIbDeHtSoScLa	Nishimoto	sub-01	NNLS	2	02.VisualB	(0.996094, 0.0, 0.0, 1.0)	102	2.47752748020772	0.1750192705217696	0.17361263835879187	0.8102129984746589
MdWfIbDeHtSoScLa	Nishimoto	sub-02	NNLS	2	02.VisualB	(0.996094, 0.0, 0.0, 1.0)	102	2.47752748020772	0.18546257975547129	0.1847181169345556	0.4030264238669432
MdWfIbDeHtSoScLa	Nishimoto	sub-03	NNLS	2	02.VisualB	(0.996094, 0.0, 0.0, 1.0)	102	2.47752748020772	0.17919043517061475	0.17900265612884597	0.10490293598415584
MdWfIbDeHtSoScLa	Nishimoto	sub-04	NNLS	2	02.VisualB	(0.996094, 0.0, 0.0, 1.0)	102	2.47752748020772	0.1521417958412926	0.15232666994958893	-0.12136686790141739
MdWfIbDeHtSoScLa	Nishimoto	sub-05	NNLS	2	02.VisualB	(0.996094, 0.0, 0.0, 1.0)	102	2.47752748020772	0.19467951399660105	0.19336142242003052	0.6816724660347722
MdWfIbDeHtSoScLa	Nishimoto	sub-06	NNLS	2	02.VisualB	(0.996094, 0.0, 0.0, 1.0)	102	2.47752748020772	0.19567844820520067	0.19489597072068482	0.401484690331159
MdWfIbDeHtSoScLa	Nishimoto	sub-01	NNLS	3	03.SomatomotorA	(0.273438, 0.507812, 0.703125, 1.0)	182	10.7457679026627	0.16958736718013265	0.17361263835879187	-2.318535802871969
MdWfIbDeHtSoScLa	Nishimoto	sub-02	NNLS	3	03.SomatomotorA	(0.273438, 0.507812, 0.703125, 1.0)	182	10.7457679026627	0.17593259300305497	0.1847181169345556	-4.756178807633292
MdWfIbDeHtSoScLa	Nishimoto	sub-03	NNLS	3	03.SomatomotorA	(0.273438, 0.507812, 0.703125, 1.0)	182	10.7457679026627	0.17485874985777097	0.17900265612884597	-2.3149970847875116
MdWfIbDeHtSoScLa	Nishimoto	sub-04	NNLS	3	03.SomatomotorA	(0.273438, 0.507812, 0.703125, 1.0)	182	10.7457679026627	0.15428536192488781	0.15232666994958893	1.2858496650304851
MdWfIbDeHtSoScLa	Nishimoto	sub-05	NNLS	3	03.SomatomotorA	(0.273438, 0.507812, 0.703125, 1.0)	182	10.7457679026627	0.18635864625403145	0.19336142242003052	-3.6215994267911626
MdWfIbDeHtSoScLa	Nishimoto	sub-06	NNLS	3	03.SomatomotorA	(0.273438, 0.507812, 0.703125, 1.0)	182	10.7457679026627	0.1944319584818226	0.19489597072068482	-0.2380820071068686
MdWfIbDeHtSoScLa	Nishimoto	sub-01	NNLS	4	04.SomatomotorB	(0.164062, 0.796875, 0.640625, 1.0)	146	4.45648499305606	0.17433077851422052	0.17361263835879187	0.41364509071310995
MdWfIbDeHtSoScLa	Nishimoto	sub-02	NNLS	4	04.SomatomotorB	(0.164062, 0.796875, 0.640625, 1.0)	146	4.45648499305606	0.18584194950001276	0.1847181169345556	0.6084040829927574
MdWfIbDeHtSoScLa	Nishimoto	sub-03	NNLS	4	04.SomatomotorB	(0.164062, 0.796875, 0.640625, 1.0)	146	4.45648499305606	0.17885582269981454	0.17900265612884597	-0.08202863142195152
MdWfIbDeHtSoScLa	Nishimoto	sub-04	NNLS	4	04.SomatomotorB	(0.164062, 0.796875, 0.640625, 1.0)	146	4.45648499305606	0.15195383366393833	0.15232666994958893	-0.24476100329245587
MdWfIbDeHtSoScLa	Nishimoto	sub-05	NNLS	4	04.SomatomotorB	(0.164062, 0.796875, 0.640625, 1.0)	146	4.45648499305606	0.19328361232568977	0.19336142242003052	-0.040240754007134734
MdWfIbDeHtSoScLa	Nishimoto	sub-06	NNLS	4	04.SomatomotorB	(0.164062, 0.796875, 0.640625, 1.0)	146	4.45648499305606	0.19479820860231242	0.19489597072068482	-0.05016117983911748
MdWfIbDeHtSoScLa	Nishimoto	sub-01	NNLS	5	05.DorsalAttentionA	(0.289062, 0.605469, 0.234375, 1.0)	111	6.4186841121482665	0.17346716857258315	0.17361263835879187	-0.08378985976129642
MdWfIbDeHtSoScLa	Nishimoto	sub-02	NNLS	5	05.DorsalAttentionA	(0.289062, 0.605469, 0.234375, 1.0)	111	6.4186841121482665	0.18591232050988313	0.1847181169345556	0.6465005139428954
MdWfIbDeHtSoScLa	Nishimoto	sub-03	NNLS	5	05.DorsalAttentionA	(0.289062, 0.605469, 0.234375, 1.0)	111	6.4186841121482665	0.17937760600029937	0.17900265612884597	0.20946609372293692
MdWfIbDeHtSoScLa	Nishimoto	sub-04	NNLS	5	05.DorsalAttentionA	(0.289062, 0.605469, 0.234375, 1.0)	111	6.4186841121482665	0.15178658771836565	0.15232666994958893	-0.3545552669155197
MdWfIbDeHtSoScLa	Nishimoto	sub-05	NNLS	5	05.DorsalAttentionA	(0.289062, 0.605469, 0.234375, 1.0)	111	6.4186841121482665	0.19317035056224416	0.19336142242003052	-0.098815914464727
MdWfIbDeHtSoScLa	Nishimoto	sub-06	NNLS	5	05.DorsalAttentionA	(0.289062, 0.605469, 0.234375, 1.0)	111	6.4186841121482665	0.19572362721493888	0.19489597072068482	0.42466578000230715
MdWfIbDeHtSoScLa	Nishimoto	sub-01	NNLS	6	06.DorsalAttentionB	(0.0, 0.460938, 0.054688, 1.0)	109	7.751081784009765	0.17336234269285253	0.17361263835879187	-0.1441690353337504
MdWfIbDeHtSoScLa	Nishimoto	sub-02	NNLS	6	06.DorsalAttentionB	(0.0, 0.460938, 0.054688, 1.0)	109	7.751081784009765	0.1834925652948444	0.1847181169345556	-0.6634712718219171
MdWfIbDeHtSoScLa	Nishimoto	sub-03	NNLS	6	06.DorsalAttentionB	(0.0, 0.460938, 0.054688, 1.0)	109	7.751081784009765	0.18039954059586297	0.17900265612884597	0.7803708041133866
MdWfIbDeHtSoScLa	Nishimoto	sub-04	NNLS	6	06.DorsalAttentionB	(0.0, 0.460938, 0.054688, 1.0)	109	7.751081784009765	0.1514966488886618	0.15232666994958893	-0.5448954284905108
MdWfIbDeHtSoScLa	Nishimoto	sub-05	NNLS	6	06.DorsalAttentionB	(0.0, 0.460938, 0.054688, 1.0)	109	7.751081784009765	0.19367326803047527	0.19336142242003052	0.16127602214641698
MdWfIbDeHtSoScLa	Nishimoto	sub-06	NNLS	6	06.DorsalAttentionB	(0.0, 0.460938, 0.054688, 1.0)	109	7.751081784009765	0.19545745995304284	0.19489597072068482	0.2880968910140879
MdWfIbDeHtSoScLa	Nishimoto	sub-01	NNLS	7	07.VentralAttentionA	(0.765625, 0.226562, 0.976562, 1.0)	151	5.238152624658211	0.1735921384587595	0.17361263835879187	-0.011807838545714504
MdWfIbDeHtSoScLa	Nishimoto	sub-02	NNLS	7	07.VentralAttentionA	(0.765625, 0.226562, 0.976562, 1.0)	151	5.238152624658211	0.18442954772797737	0.1847181169345556	-0.15622138822498577
MdWfIbDeHtSoScLa	Nishimoto	sub-03	NNLS	7	07.VentralAttentionA	(0.765625, 0.226562, 0.976562, 1.0)	151	5.238152624658211	0.1778445115047778	0.17900265612884597	-0.646998569247222
MdWfIbDeHtSoScLa	Nishimoto	sub-04	NNLS	7	07.VentralAttentionA	(0.765625, 0.226562, 0.976562, 1.0)	151	5.238152624658211	0.15000728717810954	0.15232666994958893	-1.5226373505355082
MdWfIbDeHtSoScLa	Nishimoto	sub-05	NNLS	7	07.VentralAttentionA	(0.765625, 0.226562, 0.976562, 1.0)	151	5.238152624658211	0.19297615021664874	0.19336142242003052	-0.19924977720988515
MdWfIbDeHtSoScLa	Nishimoto	sub-06	NNLS	7	07.VentralAttentionA	(0.765625, 0.226562, 0.976562, 1.0)	151	5.238152624658211	0.19435351788217284	0.19489597072068482	-0.2783294269789688
MdWfIbDeHtSoScLa	Nishimoto	sub-01	NNLS	8	08.VentralAttentionB	(0.996094, 0.59375, 0.832031, 1.0)	97	4.405306137827612	0.17310347063041187	0.17361263835879187	-0.29327803159568505
MdWfIbDeHtSoScLa	Nishimoto	sub-02	NNLS	8	08.VentralAttentionB	(0.996094, 0.59375, 0.832031, 1.0)	97	4.405306137827612	0.18441806238875505	0.1847181169345556	-0.16243915365748615
MdWfIbDeHtSoScLa	Nishimoto	sub-03	NNLS	8	08.VentralAttentionB	(0.996094, 0.59375, 0.832031, 1.0)	97	4.405306137827612	0.1801108484628222	0.17900265612884597	0.6190926760207064
MdWfIbDeHtSoScLa	Nishimoto	sub-04	NNLS	8	08.VentralAttentionB	(0.996094, 0.59375, 0.832031, 1.0)	97	4.405306137827612	0.15324549547829708	0.15232666994958893	0.6031941281275442
MdWfIbDeHtSoScLa	Nishimoto	sub-05	NNLS	8	08.VentralAttentionB	(0.996094, 0.59375, 0.832031, 1.0)	97	4.405306137827612	0.19398240532135594	0.19336142242003052	0.3211513928442713
MdWfIbDeHtSoScLa	Nishimoto	sub-06	NNLS	8	08.VentralAttentionB	(0.996094, 0.59375, 0.832031, 1.0)	97	4.405306137827612	0.19633487719895001	0.19489597072068482	0.7382946260738064
MdWfIbDeHtSoScLa	Nishimoto	sub-01	NNLS	9	09.LimbicA	(0.859375, 0.96875, 0.640625, 1.0)	71	0.6747389480842657	0.17327640495762034	0.17361263835879187	-0.1936687353812711
MdWfIbDeHtSoScLa	Nishimoto	sub-02	NNLS	9	09.LimbicA	(0.859375, 0.96875, 0.640625, 1.0)	71	0.6747389480842657	0.18472410000350437	0.1847181169345556	0.0032390266033829676
MdWfIbDeHtSoScLa	Nishimoto	sub-03	NNLS	9	09.LimbicA	(0.859375, 0.96875, 0.640625, 1.0)	71	0.6747389480842657	0.17869502177602928	0.17900265612884597	-0.17186021675301769
MdWfIbDeHtSoScLa	Nishimoto	sub-04	NNLS	9	09.LimbicA	(0.859375, 0.96875, 0.640625, 1.0)	71	0.6747389480842657	0.15173637218672031	0.15232666994958893	-0.3875209528731722
MdWfIbDeHtSoScLa	Nishimoto	sub-05	NNLS	9	09.LimbicA	(0.859375, 0.96875, 0.640625, 1.0)	71	0.6747389480842657	0.19339730549019243	0.19336142242003052	0.01855751251352049
MdWfIbDeHtSoScLa	Nishimoto	sub-06	NNLS	9	09.LimbicA	(0.859375, 0.96875, 0.640625, 1.0)	71	0.6747389480842657	0.1947175759733025	0.19489597072068482	-0.09153331735009931
MdWfIbDeHtSoScLa	Nishimoto	sub-01	NNLS	10	10.LimbicB	(0.476562, 0.527344, 0.195312, 1.0)	75	10.288790955450315	0.1792057395926671	0.17361263835879187	3.2215979704866933
MdWfIbDeHtSoScLa	Nishimoto	sub-02	NNLS	10	10.LimbicB	(0.476562, 0.527344, 0.195312, 1.0)	75	10.288790955450315	0.18630585094101826	0.1847181169345556	0.8595442790406936
MdWfIbDeHtSoScLa	Nishimoto	sub-03	NNLS	10	10.LimbicB	(0.476562, 0.527344, 0.195312, 1.0)	75	10.288790955450315	0.18118180921773688	0.17900265612884597	1.2173858958396455
MdWfIbDeHtSoScLa	Nishimoto	sub-04	NNLS	10	10.LimbicB	(0.476562, 0.527344, 0.195312, 1.0)	75	10.288790955450315	0.14910257041104777	0.15232666994958893	-2.1165693043825806
MdWfIbDeHtSoScLa	Nishimoto	sub-05	NNLS	10	10.LimbicB	(0.476562, 0.527344, 0.195312, 1.0)	75	10.288790955450315	0.19380423335944377	0.19336142242003052	0.229006869038933
MdWfIbDeHtSoScLa	Nishimoto	sub-06	NNLS	10	10.LimbicB	(0.476562, 0.527344, 0.195312, 1.0)	75	10.288790955450315	0.19690851730592812	0.19489597072068482	1.0326260608679199
MdWfIbDeHtSoScLa	Nishimoto	sub-01	NNLS	11	11.ControlC	(0.464844, 0.546875, 0.6875, 1.0)	43	1.8485286054857855	0.17358738184820047	0.17361263835879187	-0.014547622125992973
MdWfIbDeHtSoScLa	Nishimoto	sub-02	NNLS	11	11.ControlC	(0.464844, 0.546875, 0.6875, 1.0)	43	1.8485286054857855	0.18442739910689715	0.1847181169345556	-0.15738457736738248
MdWfIbDeHtSoScLa	Nishimoto	sub-03	NNLS	11	11.ControlC	(0.464844, 0.546875, 0.6875, 1.0)	43	1.8485286054857855	0.17909660668110672	0.17900265612884597	0.05248556322712939
MdWfIbDeHtSoScLa	Nishimoto	sub-04	NNLS	11	11.ControlC	(0.464844, 0.546875, 0.6875, 1.0)	43	1.8485286054857855	0.15240622586362673	0.15232666994958893	0.052227173392635114
MdWfIbDeHtSoScLa	Nishimoto	sub-05	NNLS	11	11.ControlC	(0.464844, 0.546875, 0.6875, 1.0)	43	1.8485286054857855	0.19392827000219037	0.19336142242003052	0.29315443332254726
MdWfIbDeHtSoScLa	Nishimoto	sub-06	NNLS	11	11.ControlC	(0.464844, 0.546875, 0.6875, 1.0)	43	1.8485286054857855	0.1947617926766936	0.19489597072068482	-0.06884598152288608
MdWfIbDeHtSoScLa	Nishimoto	sub-01	NNLS	12	12.ControlA	(0.898438, 0.578125, 0.132812, 1.0)	109	11.131624214701667	0.17414464469023916	0.17361263835879187	0.30643295123931663
MdWfIbDeHtSoScLa	Nishimoto	sub-02	NNLS	12	12.ControlA	(0.898438, 0.578125, 0.132812, 1.0)	109	11.131624214701667	0.1834789290182728	0.1847181169345556	-0.6708534803447627
MdWfIbDeHtSoScLa	Nishimoto	sub-03	NNLS	12	12.ControlA	(0.898438, 0.578125, 0.132812, 1.0)	109	11.131624214701667	0.17627793863904964	0.17900265612884597	-1.522165954808559
MdWfIbDeHtSoScLa	Nishimoto	sub-04	NNLS	12	12.ControlA	(0.898438, 0.578125, 0.132812, 1.0)	109	11.131624214701667	0.15223066385839004	0.15232666994958893	-0.0630264491639341
MdWfIbDeHtSoScLa	Nishimoto	sub-05	NNLS	12	12.ControlA	(0.898438, 0.578125, 0.132812, 1.0)	109	11.131624214701667	0.1922940370220211	0.19336142242003052	-0.5520156940564768
MdWfIbDeHtSoScLa	Nishimoto	sub-06	NNLS	12	12.ControlA	(0.898438, 0.578125, 0.132812, 1.0)	109	11.131624214701667	0.1918020781500235	0.19489597072068482	-1.5874584575662283
MdWfIbDeHtSoScLa	Nishimoto	sub-01	NNLS	13	13.ControlB	(0.527344, 0.195312, 0.289062, 1.0)	100	6.710041763351433	0.17227681200702846	0.17361263835879187	-0.7694292099880188
MdWfIbDeHtSoScLa	Nishimoto	sub-02	NNLS	13	13.ControlB	(0.527344, 0.195312, 0.289062, 1.0)	100	6.710041763351433	0.18517276570717853	0.1847181169345556	0.24613112139077234
MdWfIbDeHtSoScLa	Nishimoto	sub-03	NNLS	13	13.ControlB	(0.527344, 0.195312, 0.289062, 1.0)	100	6.710041763351433	0.17715100693219396	0.17900265612884597	-1.034425542445133
MdWfIbDeHtSoScLa	Nishimoto	sub-04	NNLS	13	13.ControlB	(0.527344, 0.195312, 0.289062, 1.0)	100	6.710041763351433	0.15420254934146996	0.15232666994958893	1.2314845407582462
MdWfIbDeHtSoScLa	Nishimoto	sub-05	NNLS	13	13.ControlB	(0.527344, 0.195312, 0.289062, 1.0)	100	6.710041763351433	0.193321251253318	0.19336142242003052	-0.020775171287915103
MdWfIbDeHtSoScLa	Nishimoto	sub-06	NNLS	13	13.ControlB	(0.527344, 0.195312, 0.289062, 1.0)	100	6.710041763351433	0.19287447404261715	0.19489597072068482	-1.0372183019446706
MdWfIbDeHtSoScLa	Nishimoto	sub-01	NNLS	14	14.TemporalParietal	(0.046875, 0.1875, 0.996094, 1.0)	66	4.691543836930442	0.17394242521903944	0.17361263835879187	0.18995556047366846
MdWfIbDeHtSoScLa	Nishimoto	sub-02	NNLS	14	14.TemporalParietal	(0.046875, 0.1875, 0.996094, 1.0)	66	4.691543836930442	0.18481641065052234	0.1847181169345556	0.05321281831905108
MdWfIbDeHtSoScLa	Nishimoto	sub-03	NNLS	14	14.TemporalParietal	(0.046875, 0.1875, 0.996094, 1.0)	66	4.691543836930442	0.17862304298168968	0.17900265612884597	-0.212071237022898
MdWfIbDeHtSoScLa	Nishimoto	sub-04	NNLS	14	14.TemporalParietal	(0.046875, 0.1875, 0.996094, 1.0)	66	4.691543836930442	0.15044797649193906	0.15232666994958893	-1.2333319295114986
MdWfIbDeHtSoScLa	Nishimoto	sub-05	NNLS	14	14.TemporalParietal	(0.046875, 0.1875, 0.996094, 1.0)	66	4.691543836930442	0.19345268341739347	0.19336142242003052	0.047197106962064875
MdWfIbDeHtSoScLa	Nishimoto	sub-06	NNLS	14	14.TemporalParietal	(0.046875, 0.1875, 0.996094, 1.0)	66	4.691543836930442	0.1935990625768267	0.19489597072068482	-0.665436098582443
MdWfIbDeHtSoScLa	Nishimoto	sub-01	NNLS	15	15.DefaultC	(0.0, 0.0, 0.507812, 1.0)	46	0.6549830675965215	0.17364599955688004	0.17361263835879187	0.019215881057703582
MdWfIbDeHtSoScLa	Nishimoto	sub-02	NNLS	15	15.DefaultC	(0.0, 0.0, 0.507812, 1.0)	46	0.6549830675965215	0.1848288140186474	0.1847181169345556	0.05992757284929936
MdWfIbDeHtSoScLa	Nishimoto	sub-03	NNLS	15	15.DefaultC	(0.0, 0.0, 0.507812, 1.0)	46	0.6549830675965215	0.17913326987212627	0.17900265612884597	0.07296748892166405
MdWfIbDeHtSoScLa	Nishimoto	sub-04	NNLS	15	15.DefaultC	(0.0, 0.0, 0.507812, 1.0)	46	0.6549830675965215	0.1524895878180172	0.15232666994958893	0.10695295084056818
MdWfIbDeHtSoScLa	Nishimoto	sub-05	NNLS	15	15.DefaultC	(0.0, 0.0, 0.507812, 1.0)	46	0.6549830675965215	0.19315393199840455	0.19336142242003052	-0.10730704140934517
MdWfIbDeHtSoScLa	Nishimoto	sub-06	NNLS	15	15.DefaultC	(0.0, 0.0, 0.507812, 1.0)	46	0.6549830675965215	0.19497376329447283	0.19489597072068482	0.039914921534985826
MdWfIbDeHtSoScLa	Nishimoto	sub-01	NNLS	16	16.DefaultA	(0.996094, 0.996094, 0.0, 1.0)	154	3.4074120631248546	0.1731082726101857	0.17361263835879187	-0.29051211557758244
MdWfIbDeHtSoScLa	Nishimoto	sub-02	NNLS	16	16.DefaultA	(0.996094, 0.996094, 0.0, 1.0)	154	3.4074120631248546	0.18445372280903427	0.1847181169345556	-0.14313383544018576
MdWfIbDeHtSoScLa	Nishimoto	sub-03	NNLS	16	16.DefaultA	(0.996094, 0.996094, 0.0, 1.0)	154	3.4074120631248546	0.1784725273763027	0.17900265612884597	-0.29615691968374047
MdWfIbDeHtSoScLa	Nishimoto	sub-04	NNLS	16	16.DefaultA	(0.996094, 0.996094, 0.0, 1.0)	154	3.4074120631248546	0.15182959254926343	0.15232666994958893	-0.32632328960516926
MdWfIbDeHtSoScLa	Nishimoto	sub-05	NNLS	16	16.DefaultA	(0.996094, 0.996094, 0.0, 1.0)	154	3.4074120631248546	0.19322409952536296	0.19336142242003052	-0.07101876524742202
MdWfIbDeHtSoScLa	Nishimoto	sub-06	NNLS	16	16.DefaultA	(0.996094, 0.996094, 0.0, 1.0)	154	3.4074120631248546	0.19522498638970057	0.19489597072068482	0.16881604468225583
MdWfIbDeHtSoScLa	Nishimoto	sub-01	NNLS	17	17.DefaultB	(0.800781, 0.242188, 0.304688, 1.0)	148	6.859105639082975	0.17065176578775593	0.17361263835879187	-1.705447598185183
MdWfIbDeHtSoScLa	Nishimoto	sub-02	NNLS	17	17.DefaultB	(0.800781, 0.242188, 0.304688, 1.0)	148	6.859105639082975	0.1826710946720629	0.1847181169345556	-1.1081870562907061
MdWfIbDeHtSoScLa	Nishimoto	sub-03	NNLS	17	17.DefaultB	(0.800781, 0.242188, 0.304688, 1.0)	148	6.859105639082975	0.17632632890308708	0.17900265612884597	-1.4951326888872933
MdWfIbDeHtSoScLa	Nishimoto	sub-04	NNLS	17	17.DefaultB	(0.800781, 0.242188, 0.304688, 1.0)	148	6.859105639082975	0.1545004886893177	0.15232666994958893	1.4270769133521903
MdWfIbDeHtSoScLa	Nishimoto	sub-05	NNLS	17	17.DefaultB	(0.800781, 0.242188, 0.304688, 1.0)	148	6.859105639082975	0.19210044674581417	0.19336142242003052	-0.6521340495092061
MdWfIbDeHtSoScLa	Nishimoto	sub-06	NNLS	17	17.DefaultB	(0.800781, 0.242188, 0.304688, 1.0)	148	6.859105639082975	0.1924701523266978	0.19489597072068482	-1.244673445539604
MdWfIbDeHtNiScLa	Somatotopic	sub-01	NNLS	1	01.VisualA	(0.46875, 0.070312, 0.523438, 1.0)	125	3.5250593544403266	0.24606500313235555	0.25120952355428255	-2.0479002344890618
MdWfIbDeHtNiScLa	Somatotopic	sub-02	NNLS	1	01.VisualA	(0.46875, 0.070312, 0.523438, 1.0)	125	3.5250593544403266	0.18305728492750484	0.18469152869843244	-0.8848504219140602
MdWfIbDeHtNiScLa	Somatotopic	sub-03	NNLS	1	01.VisualA	(0.46875, 0.070312, 0.523438, 1.0)	125	3.5250593544403266	0.2085224272085759	0.211846337805199	-1.5690196163218848
MdWfIbDeHtNiScLa	Somatotopic	sub-04	NNLS	1	01.VisualA	(0.46875, 0.070312, 0.523438, 1.0)	125	3.5250593544403266	0.3387647585963087	0.34487468557616385	-1.7716368395226219
MdWfIbDeHtNiScLa	Somatotopic	sub-05	NNLS	1	01.VisualA	(0.46875, 0.070312, 0.523438, 1.0)	125	3.5250593544403266	0.341386545275082	0.34628601635932166	-1.4148625277307623
MdWfIbDeHtNiScLa	Somatotopic	sub-06	NNLS	1	01.VisualA	(0.46875, 0.070312, 0.523438, 1.0)	125	3.5250593544403266	0.3902872579663399	0.395096560798767	-1.2172474553319614
MdWfIbDeHtNiScLa	Somatotopic	sub-07	NNLS	1	01.VisualA	(0.46875, 0.070312, 0.523438, 1.0)	125	3.5250593544403266	0.17168332143128867	0.1755267817896274	-2.189671752168971
MdWfIbDeHtNiScLa	Somatotopic	sub-08	NNLS	1	01.VisualA	(0.46875, 0.070312, 0.523438, 1.0)	125	3.5250593544403266	0.299972038676392	0.2985040766183225	0.4917728677945224
MdWfIbDeHtNiScLa	Somatotopic	sub-01	NNLS	2	02.VisualB	(0.996094, 0.0, 0.0, 1.0)	102	2.16288930378502	0.25103368907172796	0.25120952355428255	-0.06999514989191803
MdWfIbDeHtNiScLa	Somatotopic	sub-02	NNLS	2	02.VisualB	(0.996094, 0.0, 0.0, 1.0)	102	2.16288930378502	0.18410698592170507	0.18469152869843244	-0.3164967992017771
MdWfIbDeHtNiScLa	Somatotopic	sub-03	NNLS	2	02.VisualB	(0.996094, 0.0, 0.0, 1.0)	102	2.16288930378502	0.2174469130690417	0.211846337805199	2.6436969937109183
MdWfIbDeHtNiScLa	Somatotopic	sub-04	NNLS	2	02.VisualB	(0.996094, 0.0, 0.0, 1.0)	102	2.16288930378502	0.3492423026376895	0.34487468557616385	1.266435967670088
MdWfIbDeHtNiScLa	Somatotopic	sub-05	NNLS	2	02.VisualB	(0.996094, 0.0, 0.0, 1.0)	102	2.16288930378502	0.3442997107114653	0.34628601635932166	-0.5736026157623608
MdWfIbDeHtNiScLa	Somatotopic	sub-06	NNLS	2	02.VisualB	(0.996094, 0.0, 0.0, 1.0)	102	2.16288930378502	0.3954003647823577	0.395096560798767	0.07689360367412451
MdWfIbDeHtNiScLa	Somatotopic	sub-07	NNLS	2	02.VisualB	(0.996094, 0.0, 0.0, 1.0)	102	2.16288930378502	0.17934994375606292	0.1755267817896274	2.1781074816364194
MdWfIbDeHtNiScLa	Somatotopic	sub-08	NNLS	2	02.VisualB	(0.996094, 0.0, 0.0, 1.0)	102	2.16288930378502	0.29125665896207675	0.2985040766183225	-2.4279124554511706
MdWfIbDeHtNiScLa	Somatotopic	sub-01	NNLS	3	03.SomatomotorA	(0.273438, 0.507812, 0.703125, 1.0)	182	9.853242736781349	0.18782536584473783	0.25120952355428255	-25.231590272829912
MdWfIbDeHtNiScLa	Somatotopic	sub-02	NNLS	3	03.SomatomotorA	(0.273438, 0.507812, 0.703125, 1.0)	182	9.853242736781349	0.11715860398433672	0.18469152869843244	-36.565252986976276
MdWfIbDeHtNiScLa	Somatotopic	sub-03	NNLS	3	03.SomatomotorA	(0.273438, 0.507812, 0.703125, 1.0)	182	9.853242736781349	0.15623077097991947	0.211846337805199	-26.252786525118132
MdWfIbDeHtNiScLa	Somatotopic	sub-04	NNLS	3	03.SomatomotorA	(0.273438, 0.507812, 0.703125, 1.0)	182	9.853242736781349	0.29177688232468857	0.34487468557616385	-15.396259995936667
MdWfIbDeHtNiScLa	Somatotopic	sub-05	NNLS	3	03.SomatomotorA	(0.273438, 0.507812, 0.703125, 1.0)	182	9.853242736781349	0.3125935194328173	0.34628601635932166	-9.729672968238923
MdWfIbDeHtNiScLa	Somatotopic	sub-06	NNLS	3	03.SomatomotorA	(0.273438, 0.507812, 0.703125, 1.0)	182	9.853242736781349	0.31921041768276875	0.395096560798767	-19.206986505420133
MdWfIbDeHtNiScLa	Somatotopic	sub-07	NNLS	3	03.SomatomotorA	(0.273438, 0.507812, 0.703125, 1.0)	182	9.853242736781349	0.12388782333060504	0.1755267817896274	-29.41941846852338
MdWfIbDeHtNiScLa	Somatotopic	sub-08	NNLS	3	03.SomatomotorA	(0.273438, 0.507812, 0.703125, 1.0)	182	9.853242736781349	0.24353632850337503	0.2985040766183225	-18.414404499148972
MdWfIbDeHtNiScLa	Somatotopic	sub-01	NNLS	4	04.SomatomotorB	(0.164062, 0.796875, 0.640625, 1.0)	146	4.166004727149436	0.22981340514563103	0.25120952355428255	-8.517240153129842
MdWfIbDeHtNiScLa	Somatotopic	sub-02	NNLS	4	04.SomatomotorB	(0.164062, 0.796875, 0.640625, 1.0)	146	4.166004727149436	0.1880085194984033	0.18469152869843244	1.7959626103842041
MdWfIbDeHtNiScLa	Somatotopic	sub-03	NNLS	4	04.SomatomotorB	(0.164062, 0.796875, 0.640625, 1.0)	146	4.166004727149436	0.1930582169080121	0.211846337805199	-8.868749439729902
MdWfIbDeHtNiScLa	Somatotopic	sub-04	NNLS	4	04.SomatomotorB	(0.164062, 0.796875, 0.640625, 1.0)	146	4.166004727149436	0.32399135304740423	0.34487468557616385	-6.055339345615045
MdWfIbDeHtNiScLa	Somatotopic	sub-05	NNLS	4	04.SomatomotorB	(0.164062, 0.796875, 0.640625, 1.0)	146	4.166004727149436	0.33705399886456106	0.34628601635932166	-2.6660093271514187
MdWfIbDeHtNiScLa	Somatotopic	sub-06	NNLS	4	04.SomatomotorB	(0.164062, 0.796875, 0.640625, 1.0)	146	4.166004727149436	0.38076996225810994	0.395096560798767	-3.62610054405256
MdWfIbDeHtNiScLa	Somatotopic	sub-07	NNLS	4	04.SomatomotorB	(0.164062, 0.796875, 0.640625, 1.0)	146	4.166004727149436	0.17034144593353875	0.1755267817896274	-2.9541565128809766
MdWfIbDeHtNiScLa	Somatotopic	sub-08	NNLS	4	04.SomatomotorB	(0.164062, 0.796875, 0.640625, 1.0)	146	4.166004727149436	0.2844821431144349	0.2985040766183225	-4.697401007965632
MdWfIbDeHtNiScLa	Somatotopic	sub-01	NNLS	5	05.DorsalAttentionA	(0.289062, 0.605469, 0.234375, 1.0)	111	5.942121823390818	0.2521720872477247	0.25120952355428255	0.3831716567999338
MdWfIbDeHtNiScLa	Somatotopic	sub-02	NNLS	5	05.DorsalAttentionA	(0.289062, 0.605469, 0.234375, 1.0)	111	5.942121823390818	0.18636803894991677	0.18469152869843244	0.907735326735944
MdWfIbDeHtNiScLa	Somatotopic	sub-03	NNLS	5	05.DorsalAttentionA	(0.289062, 0.605469, 0.234375, 1.0)	111	5.942121823390818	0.22010800536961417	0.211846337805199	3.8998396904137698
MdWfIbDeHtNiScLa	Somatotopic	sub-04	NNLS	5	05.DorsalAttentionA	(0.289062, 0.605469, 0.234375, 1.0)	111	5.942121823390818	0.3510993965867382	0.34487468557616385	1.8049196623913042
MdWfIbDeHtNiScLa	Somatotopic	sub-05	NNLS	5	05.DorsalAttentionA	(0.289062, 0.605469, 0.234375, 1.0)	111	5.942121823390818	0.3468880939673539	0.34628601635932166	0.17386714438030543
MdWfIbDeHtNiScLa	Somatotopic	sub-06	NNLS	5	05.DorsalAttentionA	(0.289062, 0.605469, 0.234375, 1.0)	111	5.942121823390818	0.4005166252988165	0.395096560798767	1.3718328727265445
MdWfIbDeHtNiScLa	Somatotopic	sub-07	NNLS	5	05.DorsalAttentionA	(0.289062, 0.605469, 0.234375, 1.0)	111	5.942121823390818	0.1798151995325399	0.1755267817896274	2.4431700388902806
MdWfIbDeHtNiScLa	Somatotopic	sub-08	NNLS	5	05.DorsalAttentionA	(0.289062, 0.605469, 0.234375, 1.0)	111	5.942121823390818	0.29631848204261435	0.2985040766183225	-0.7321824882488076
MdWfIbDeHtNiScLa	Somatotopic	sub-01	NNLS	6	06.DorsalAttentionB	(0.0, 0.460938, 0.054688, 1.0)	109	8.043164460393143	0.24973220422949863	0.25120952355428255	-0.5880825312200795
MdWfIbDeHtNiScLa	Somatotopic	sub-02	NNLS	6	06.DorsalAttentionB	(0.0, 0.460938, 0.054688, 1.0)	109	8.043164460393143	0.18133627111133294	0.18469152869843244	-1.8166819077977483
MdWfIbDeHtNiScLa	Somatotopic	sub-03	NNLS	6	06.DorsalAttentionB	(0.0, 0.460938, 0.054688, 1.0)	109	8.043164460393143	0.19622558911726712	0.211846337805199	-7.373622244202191
MdWfIbDeHtNiScLa	Somatotopic	sub-04	NNLS	6	06.DorsalAttentionB	(0.0, 0.460938, 0.054688, 1.0)	109	8.043164460393143	0.33797472459054917	0.34487468557616385	-2.000715411769723
MdWfIbDeHtNiScLa	Somatotopic	sub-05	NNLS	6	06.DorsalAttentionB	(0.0, 0.460938, 0.054688, 1.0)	109	8.043164460393143	0.3502281340135889	0.34628601635932166	1.1383993196470006
MdWfIbDeHtNiScLa	Somatotopic	sub-06	NNLS	6	06.DorsalAttentionB	(0.0, 0.460938, 0.054688, 1.0)	109	8.043164460393143	0.3846235245902607	0.395096560798767	-2.6507535746028554
MdWfIbDeHtNiScLa	Somatotopic	sub-07	NNLS	6	06.DorsalAttentionB	(0.0, 0.460938, 0.054688, 1.0)	109	8.043164460393143	0.17553738594360818	0.1755267817896274	0.0060413310565217765
MdWfIbDeHtNiScLa	Somatotopic	sub-08	NNLS	6	06.DorsalAttentionB	(0.0, 0.460938, 0.054688, 1.0)	109	8.043164460393143	0.30124119278295225	0.2985040766183225	0.9169443163516686
MdWfIbDeHtNiScLa	Somatotopic	sub-01	NNLS	7	07.VentralAttentionA	(0.765625, 0.226562, 0.976562, 1.0)	151	5.970087768364757	0.24229093887488695	0.25120952355428255	-3.550257392000679
MdWfIbDeHtNiScLa	Somatotopic	sub-02	NNLS	7	07.VentralAttentionA	(0.765625, 0.226562, 0.976562, 1.0)	151	5.970087768364757	0.18096388524817508	0.18469152869843244	-2.018307757008132
MdWfIbDeHtNiScLa	Somatotopic	sub-03	NNLS	7	07.VentralAttentionA	(0.765625, 0.226562, 0.976562, 1.0)	151	5.970087768364757	0.20319847773293132	0.211846337805199	-4.082138101542127
MdWfIbDeHtNiScLa	Somatotopic	sub-04	NNLS	7	07.VentralAttentionA	(0.765625, 0.226562, 0.976562, 1.0)	151	5.970087768364757	0.3343632967033108	0.34487468557616385	-3.0478864678897084
MdWfIbDeHtNiScLa	Somatotopic	sub-05	NNLS	7	07.VentralAttentionA	(0.765625, 0.226562, 0.976562, 1.0)	151	5.970087768364757	0.3299887223018865	0.34628601635932166	-4.7063101850824935
MdWfIbDeHtNiScLa	Somatotopic	sub-06	NNLS	7	07.VentralAttentionA	(0.765625, 0.226562, 0.976562, 1.0)	151	5.970087768364757	0.39057342385721366	0.395096560798767	-1.1448181002661448
MdWfIbDeHtNiScLa	Somatotopic	sub-07	NNLS	7	07.VentralAttentionA	(0.765625, 0.226562, 0.976562, 1.0)	151	5.970087768364757	0.14825966256318304	0.1755267817896274	-15.534449471719133
MdWfIbDeHtNiScLa	Somatotopic	sub-08	NNLS	7	07.VentralAttentionA	(0.765625, 0.226562, 0.976562, 1.0)	151	5.970087768364757	0.3119067885800282	0.2985040766183225	4.489959438256797
MdWfIbDeHtNiScLa	Somatotopic	sub-01	NNLS	8	08.VentralAttentionB	(0.996094, 0.59375, 0.832031, 1.0)	97	4.266503398921683	0.260832843797946	0.25120952355428255	3.830794353456913
MdWfIbDeHtNiScLa	Somatotopic	sub-02	NNLS	8	08.VentralAttentionB	(0.996094, 0.59375, 0.832031, 1.0)	97	4.266503398921683	0.1909282916929694	0.18469152869843244	3.3768538484082047
MdWfIbDeHtNiScLa	Somatotopic	sub-03	NNLS	8	08.VentralAttentionB	(0.996094, 0.59375, 0.832031, 1.0)	97	4.266503398921683	0.21871420335111902	0.211846337805199	3.2419090256992327
MdWfIbDeHtNiScLa	Somatotopic	sub-04	NNLS	8	08.VentralAttentionB	(0.996094, 0.59375, 0.832031, 1.0)	97	4.266503398921683	0.35237679919988785	0.34487468557616385	2.1753158284698717
MdWfIbDeHtNiScLa	Somatotopic	sub-05	NNLS	8	08.VentralAttentionB	(0.996094, 0.59375, 0.832031, 1.0)	97	4.266503398921683	0.3534957835072494	0.34628601635932166	2.0820266506073946
MdWfIbDeHtNiScLa	Somatotopic	sub-06	NNLS	8	08.VentralAttentionB	(0.996094, 0.59375, 0.832031, 1.0)	97	4.266503398921683	0.40289695054945274	0.395096560798767	1.9742995825920886
MdWfIbDeHtNiScLa	Somatotopic	sub-07	NNLS	8	08.VentralAttentionB	(0.996094, 0.59375, 0.832031, 1.0)	97	4.266503398921683	0.186692962886435	0.1755267817896274	6.361525564908091
MdWfIbDeHtNiScLa	Somatotopic	sub-08	NNLS	8	08.VentralAttentionB	(0.996094, 0.59375, 0.832031, 1.0)	97	4.266503398921683	0.3021734048378722	0.2985040766183225	1.2292388972099069
MdWfIbDeHtNiScLa	Somatotopic	sub-01	NNLS	9	09.LimbicA	(0.859375, 0.96875, 0.640625, 1.0)	71	0.9548307815858174	0.24408972886334962	0.25120952355428255	-2.834205722059122
MdWfIbDeHtNiScLa	Somatotopic	sub-02	NNLS	9	09.LimbicA	(0.859375, 0.96875, 0.640625, 1.0)	71	0.9548307815858174	0.1776853918674211	0.18469152869843244	-3.793426195768341
MdWfIbDeHtNiScLa	Somatotopic	sub-03	NNLS	9	09.LimbicA	(0.859375, 0.96875, 0.640625, 1.0)	71	0.9548307815858174	0.2043271421577328	0.211846337805199	-3.549363055017922
MdWfIbDeHtNiScLa	Somatotopic	sub-04	NNLS	9	09.LimbicA	(0.859375, 0.96875, 0.640625, 1.0)	71	0.9548307815858174	0.3344833333317278	0.34487468557616385	-3.0130805997186387
MdWfIbDeHtNiScLa	Somatotopic	sub-05	NNLS	9	09.LimbicA	(0.859375, 0.96875, 0.640625, 1.0)	71	0.9548307815858174	0.32613005969454206	0.34628601635932166	-5.820609470948109
MdWfIbDeHtNiScLa	Somatotopic	sub-06	NNLS	9	09.LimbicA	(0.859375, 0.96875, 0.640625, 1.0)	71	0.9548307815858174	0.39046097045075095	0.395096560798767	-1.17328035927325
MdWfIbDeHtNiScLa	Somatotopic	sub-07	NNLS	9	09.LimbicA	(0.859375, 0.96875, 0.640625, 1.0)	71	0.9548307815858174	0.1656348835673346	0.1755267817896274	-5.635549242934594
MdWfIbDeHtNiScLa	Somatotopic	sub-08	NNLS	9	09.LimbicA	(0.859375, 0.96875, 0.640625, 1.0)	71	0.9548307815858174	0.2877206538094477	0.2985040766183225	-3.6124876186072457
MdWfIbDeHtNiScLa	Somatotopic	sub-01	NNLS	10	10.LimbicB	(0.476562, 0.527344, 0.195312, 1.0)	75	10.374991915521267	0.22823562325152696	0.25120952355428255	-9.145314229216027
MdWfIbDeHtNiScLa	Somatotopic	sub-02	NNLS	10	10.LimbicB	(0.476562, 0.527344, 0.195312, 1.0)	75	10.374991915521267	0.1708110821944433	0.18469152869843244	-7.515475453480805
MdWfIbDeHtNiScLa	Somatotopic	sub-03	NNLS	10	10.LimbicB	(0.476562, 0.527344, 0.195312, 1.0)	75	10.374991915521267	0.19720810564183677	0.211846337805199	-6.909834890241361
MdWfIbDeHtNiScLa	Somatotopic	sub-04	NNLS	10	10.LimbicB	(0.476562, 0.527344, 0.195312, 1.0)	75	10.374991915521267	0.32859263611491263	0.34487468557616385	-4.721149490589507
MdWfIbDeHtNiScLa	Somatotopic	sub-05	NNLS	10	10.LimbicB	(0.476562, 0.527344, 0.195312, 1.0)	75	10.374991915521267	0.32363834998921603	0.34628601635932166	-6.540161975990796
MdWfIbDeHtNiScLa	Somatotopic	sub-06	NNLS	10	10.LimbicB	(0.476562, 0.527344, 0.195312, 1.0)	75	10.374991915521267	0.3770718790293891	0.395096560798767	-4.562095335109314
MdWfIbDeHtNiScLa	Somatotopic	sub-07	NNLS	10	10.LimbicB	(0.476562, 0.527344, 0.195312, 1.0)	75	10.374991915521267	0.15326913445468934	0.1755267817896274	-12.680485056470944
MdWfIbDeHtNiScLa	Somatotopic	sub-08	NNLS	10	10.LimbicB	(0.476562, 0.527344, 0.195312, 1.0)	75	10.374991915521267	0.2800581026688129	0.2985040766183225	-6.179471368860144
MdWfIbDeHtNiScLa	Somatotopic	sub-01	NNLS	11	11.ControlC	(0.464844, 0.546875, 0.6875, 1.0)	43	1.459623607478083	0.25120118997337804	0.25120952355428255	-0.00331738255246419
MdWfIbDeHtNiScLa	Somatotopic	sub-02	NNLS	11	11.ControlC	(0.464844, 0.546875, 0.6875, 1.0)	43	1.459623607478083	0.1846420041612097	0.18469152869843244	-0.026814731337027532
MdWfIbDeHtNiScLa	Somatotopic	sub-03	NNLS	11	11.ControlC	(0.464844, 0.546875, 0.6875, 1.0)	43	1.459623607478083	0.21464463840075945	0.211846337805199	1.3209105356985744
MdWfIbDeHtNiScLa	Somatotopic	sub-04	NNLS	11	11.ControlC	(0.464844, 0.546875, 0.6875, 1.0)	43	1.459623607478083	0.3468376291133453	0.34487468557616385	0.5691758830898461
MdWfIbDeHtNiScLa	Somatotopic	sub-05	NNLS	11	11.ControlC	(0.464844, 0.546875, 0.6875, 1.0)	43	1.459623607478083	0.3449269862760376	0.34628601635932166	-0.39245884011495735
MdWfIbDeHtNiScLa	Somatotopic	sub-06	NNLS	11	11.ControlC	(0.464844, 0.546875, 0.6875, 1.0)	43	1.459623607478083	0.39586048890626346	0.395096560798767	0.19335225443421908
MdWfIbDeHtNiScLa	Somatotopic	sub-07	NNLS	11	11.ControlC	(0.464844, 0.546875, 0.6875, 1.0)	43	1.459623607478083	0.17660102167344707	0.1755267817896274	0.6120091036062864
MdWfIbDeHtNiScLa	Somatotopic	sub-08	NNLS	11	11.ControlC	(0.464844, 0.546875, 0.6875, 1.0)	43	1.459623607478083	0.2962932291941836	0.2985040766183225	-0.7406422884354009
MdWfIbDeHtNiScLa	Somatotopic	sub-01	NNLS	12	12.ControlA	(0.898438, 0.578125, 0.132812, 1.0)	109	12.023907917354315	0.24703364095921782	0.25120952355428255	-1.6623106226155455
MdWfIbDeHtNiScLa	Somatotopic	sub-02	NNLS	12	12.ControlA	(0.898438, 0.578125, 0.132812, 1.0)	109	12.023907917354315	0.178755256009089	0.18469152869843244	-3.2141553709462687
MdWfIbDeHtNiScLa	Somatotopic	sub-03	NNLS	12	12.ControlA	(0.898438, 0.578125, 0.132812, 1.0)	109	12.023907917354315	0.20895464355555995	0.211846337805199	-1.3649961002856976
MdWfIbDeHtNiScLa	Somatotopic	sub-04	NNLS	12	12.ControlA	(0.898438, 0.578125, 0.132812, 1.0)	109	12.023907917354315	0.3410184371348619	0.34487468557616385	-1.118159320641211
MdWfIbDeHtNiScLa	Somatotopic	sub-05	NNLS	12	12.ControlA	(0.898438, 0.578125, 0.132812, 1.0)	109	12.023907917354315	0.3400891232007476	0.34628601635932166	-1.789530291671931
MdWfIbDeHtNiScLa	Somatotopic	sub-06	NNLS	12	12.ControlA	(0.898438, 0.578125, 0.132812, 1.0)	109	12.023907917354315	0.3924589053717005	0.395096560798767	-0.6675976682089968
MdWfIbDeHtNiScLa	Somatotopic	sub-07	NNLS	12	12.ControlA	(0.898438, 0.578125, 0.132812, 1.0)	109	12.023907917354315	0.16379918548414568	0.1755267817896274	-6.681371461329191
MdWfIbDeHtNiScLa	Somatotopic	sub-08	NNLS	12	12.ControlA	(0.898438, 0.578125, 0.132812, 1.0)	109	12.023907917354315	0.29353399823800735	0.2985040766183225	-1.664995143992646
MdWfIbDeHtNiScLa	Somatotopic	sub-01	NNLS	13	13.ControlB	(0.527344, 0.195312, 0.289062, 1.0)	100	6.810475966627406	0.26037121816879744	0.25120952355428255	3.6470331557852655
MdWfIbDeHtNiScLa	Somatotopic	sub-02	NNLS	13	13.ControlB	(0.527344, 0.195312, 0.289062, 1.0)	100	6.810475966627406	0.19624626078777926	0.18469152869843244	6.256232849863726
MdWfIbDeHtNiScLa	Somatotopic	sub-03	NNLS	13	13.ControlB	(0.527344, 0.195312, 0.289062, 1.0)	100	6.810475966627406	0.2112312522689509	0.211846337805199	-0.29034513535640355
MdWfIbDeHtNiScLa	Somatotopic	sub-04	NNLS	13	13.ControlB	(0.527344, 0.195312, 0.289062, 1.0)	100	6.810475966627406	0.3433314678639483	0.34487468557616385	-0.447472017158168
MdWfIbDeHtNiScLa	Somatotopic	sub-05	NNLS	13	13.ControlB	(0.527344, 0.195312, 0.289062, 1.0)	100	6.810475966627406	0.3521332582537803	0.34628601635932166	1.6885584800488347
MdWfIbDeHtNiScLa	Somatotopic	sub-06	NNLS	13	13.ControlB	(0.527344, 0.195312, 0.289062, 1.0)	100	6.810475966627406	0.4007367615156007	0.395096560798767	1.4275499400528686
MdWfIbDeHtNiScLa	Somatotopic	sub-07	NNLS	13	13.ControlB	(0.527344, 0.195312, 0.289062, 1.0)	100	6.810475966627406	0.18619301390728246	0.1755267817896274	6.0766978172247
MdWfIbDeHtNiScLa	Somatotopic	sub-08	NNLS	13	13.ControlB	(0.527344, 0.195312, 0.289062, 1.0)	100	6.810475966627406	0.30585772299519437	0.2985040766183225	2.4634994805362345
MdWfIbDeHtNiScLa	Somatotopic	sub-01	NNLS	14	14.TemporalParietal	(0.046875, 0.1875, 0.996094, 1.0)	66	4.654292414609632	0.25255192685654315	0.25120952355428255	0.5343759596640152
MdWfIbDeHtNiScLa	Somatotopic	sub-02	NNLS	14	14.TemporalParietal	(0.046875, 0.1875, 0.996094, 1.0)	66	4.654292414609632	0.18429691239811427	0.18469152869843244	-0.21366237157661405
MdWfIbDeHtNiScLa	Somatotopic	sub-03	NNLS	14	14.TemporalParietal	(0.046875, 0.1875, 0.996094, 1.0)	66	4.654292414609632	0.21334225199594858	0.211846337805199	0.7061317208726777
MdWfIbDeHtNiScLa	Somatotopic	sub-04	NNLS	14	14.TemporalParietal	(0.046875, 0.1875, 0.996094, 1.0)	66	4.654292414609632	0.344710110244082	0.34487468557616385	-0.04772032827138787
MdWfIbDeHtNiScLa	Somatotopic	sub-05	NNLS	14	14.TemporalParietal	(0.046875, 0.1875, 0.996094, 1.0)	66	4.654292414609632	0.34579470374544663	0.34628601635932166	-0.14188058156100078
MdWfIbDeHtNiScLa	Somatotopic	sub-06	NNLS	14	14.TemporalParietal	(0.046875, 0.1875, 0.996094, 1.0)	66	4.654292414609632	0.39706504659979336	0.395096560798767	0.4982290397685789
MdWfIbDeHtNiScLa	Somatotopic	sub-07	NNLS	14	14.TemporalParietal	(0.046875, 0.1875, 0.996094, 1.0)	66	4.654292414609632	0.17654306618734364	0.1755267817896274	0.578991073245031
MdWfIbDeHtNiScLa	Somatotopic	sub-08	NNLS	14	14.TemporalParietal	(0.046875, 0.1875, 0.996094, 1.0)	66	4.654292414609632	0.29791461022933685	0.2985040766183225	-0.19747348031677697
MdWfIbDeHtNiScLa	Somatotopic	sub-01	NNLS	15	15.DefaultC	(0.0, 0.0, 0.507812, 1.0)	46	0.5858753214070004	0.25022655514040204	0.25120952355428255	-0.3912942471180275
MdWfIbDeHtNiScLa	Somatotopic	sub-02	NNLS	15	15.DefaultC	(0.0, 0.0, 0.507812, 1.0)	46	0.5858753214070004	0.18337935792006488	0.18469152869843244	-0.7104661419041594
MdWfIbDeHtNiScLa	Somatotopic	sub-03	NNLS	15	15.DefaultC	(0.0, 0.0, 0.507812, 1.0)	46	0.5858753214070004	0.21087603087943155	0.211846337805199	-0.45802393178950035
MdWfIbDeHtNiScLa	Somatotopic	sub-04	NNLS	15	15.DefaultC	(0.0, 0.0, 0.507812, 1.0)	46	0.5858753214070004	0.3441940049980598	0.34487468557616385	-0.19737040918699983
MdWfIbDeHtNiScLa	Somatotopic	sub-05	NNLS	15	15.DefaultC	(0.0, 0.0, 0.507812, 1.0)	46	0.5858753214070004	0.3458464788874	0.34628601635932166	-0.126929027207837
MdWfIbDeHtNiScLa	Somatotopic	sub-06	NNLS	15	15.DefaultC	(0.0, 0.0, 0.507812, 1.0)	46	0.5858753214070004	0.39461419325168834	0.395096560798767	-0.12208852086776988
MdWfIbDeHtNiScLa	Somatotopic	sub-07	NNLS	15	15.DefaultC	(0.0, 0.0, 0.507812, 1.0)	46	0.5858753214070004	0.17399118576161515	0.1755267817896274	-0.8748499871960871
MdWfIbDeHtNiScLa	Somatotopic	sub-08	NNLS	15	15.DefaultC	(0.0, 0.0, 0.507812, 1.0)	46	0.5858753214070004	0.29840338755278734	0.2985040766183225	-0.03373121957859222
MdWfIbDeHtNiScLa	Somatotopic	sub-01	NNLS	16	16.DefaultA	(0.996094, 0.996094, 0.0, 1.0)	154	3.6312909182376774	0.25730874561641315	0.25120952355428255	2.42794221167839
MdWfIbDeHtNiScLa	Somatotopic	sub-02	NNLS	16	16.DefaultA	(0.996094, 0.996094, 0.0, 1.0)	154	3.6312909182376774	0.18988603172433485	0.18469152869843244	2.8125291195050335
MdWfIbDeHtNiScLa	Somatotopic	sub-03	NNLS	16	16.DefaultA	(0.996094, 0.996094, 0.0, 1.0)	154	3.6312909182376774	0.2176453300375359	0.211846337805199	2.737357790753647
MdWfIbDeHtNiScLa	Somatotopic	sub-04	NNLS	16	16.DefaultA	(0.996094, 0.996094, 0.0, 1.0)	154	3.6312909182376774	0.3536144095417001	0.34487468557616385	2.5341738118398704
MdWfIbDeHtNiScLa	Somatotopic	sub-05	NNLS	16	16.DefaultA	(0.996094, 0.996094, 0.0, 1.0)	154	3.6312909182376774	0.35692593188804966	0.34628601635932166	3.072580186919116
MdWfIbDeHtNiScLa	Somatotopic	sub-06	NNLS	16	16.DefaultA	(0.996094, 0.996094, 0.0, 1.0)	154	3.6312909182376774	0.39758297777020857	0.395096560798767	0.6293188091576384
MdWfIbDeHtNiScLa	Somatotopic	sub-07	NNLS	16	16.DefaultA	(0.996094, 0.996094, 0.0, 1.0)	154	3.6312909182376774	0.1836463013103131	0.1755267817896274	4.625800939264697
MdWfIbDeHtNiScLa	Somatotopic	sub-08	NNLS	16	16.DefaultA	(0.996094, 0.996094, 0.0, 1.0)	154	3.6312909182376774	0.3082465681367726	0.2985040766183225	3.2637716807154904
MdWfIbDeHtNiScLa	Somatotopic	sub-01	NNLS	17	17.DefaultB	(0.800781, 0.242188, 0.304688, 1.0)	148	7.048613002487205	0.25349662048371013	0.25120952355428255	0.9104340062702169
MdWfIbDeHtNiScLa	Somatotopic	sub-02	NNLS	17	17.DefaultB	(0.800781, 0.242188, 0.304688, 1.0)	148	7.048613002487205	0.18644707356355497	0.18469152869843244	0.9505280927037056
MdWfIbDeHtNiScLa	Somatotopic	sub-03	NNLS	17	17.DefaultB	(0.800781, 0.242188, 0.304688, 1.0)	148	7.048613002487205	0.21335578532541033	0.211846337805199	0.7125199972063427
MdWfIbDeHtNiScLa	Somatotopic	sub-04	NNLS	17	17.DefaultB	(0.800781, 0.242188, 0.304688, 1.0)	148	7.048613002487205	0.34575245389195	0.34487468557616385	0.25451804742342266
MdWfIbDeHtNiScLa	Somatotopic	sub-05	NNLS	17	17.DefaultB	(0.800781, 0.242188, 0.304688, 1.0)	148	7.048613002487205	0.3598596492098983	0.34628601635932166	3.919775044133479
MdWfIbDeHtNiScLa	Somatotopic	sub-06	NNLS	17	17.DefaultB	(0.800781, 0.242188, 0.304688, 1.0)	148	7.048613002487205	0.39704819569595906	0.395096560798767	0.49396403077932566
MdWfIbDeHtNiScLa	Somatotopic	sub-07	NNLS	17	17.DefaultB	(0.800781, 0.242188, 0.304688, 1.0)	148	7.048613002487205	0.17566595990399209	0.1755267817896274	0.07929166873889487
MdWfIbDeHtNiScLa	Somatotopic	sub-08	NNLS	17	17.DefaultB	(0.800781, 0.242188, 0.304688, 1.0)	148	7.048613002487205	0.311155236460986	0.2985040766183225	4.238186622435869
MdWfIbDeHtNiSoLa	Social	sub-03	NNLS	1	01.VisualA	(0.46875, 0.070312, 0.523438, 1.0)	125	3.176531803330652	0.0672245841984035	0.06507664084942259	3.3006364817614444
MdWfIbDeHtNiSoLa	Social	sub-04	NNLS	1	01.VisualA	(0.46875, 0.070312, 0.523438, 1.0)	125	3.176531803330652	0.34319043181877174	0.34097738627144697	0.6490300050464325
MdWfIbDeHtNiSoLa	Social	sub-05	NNLS	1	01.VisualA	(0.46875, 0.070312, 0.523438, 1.0)	125	3.176531803330652	0.11590366598879467	0.11632063379464608	-0.35846417978389283
MdWfIbDeHtNiSoLa	Social	sub-07	NNLS	1	01.VisualA	(0.46875, 0.070312, 0.523438, 1.0)	125	3.176531803330652	0.3088256591048901	0.30731457821773345	0.4917049155039021
MdWfIbDeHtNiSoLa	Social	sub-08	NNLS	1	01.VisualA	(0.46875, 0.070312, 0.523438, 1.0)	125	3.176531803330652	0.3851751969617041	0.385747182177359	-0.14827981695842754
MdWfIbDeHtNiSoLa	Social	sub-09	NNLS	1	01.VisualA	(0.46875, 0.070312, 0.523438, 1.0)	125	3.176531803330652	0.2695811323737727	0.2676187714903211	0.7332672788696956
MdWfIbDeHtNiSoLa	Social	sub-10	NNLS	1	01.VisualA	(0.46875, 0.070312, 0.523438, 1.0)	125	3.176531803330652	0.2326766608307314	0.23477939056003952	-0.8956193830694802
MdWfIbDeHtNiSoLa	Social	sub-11	NNLS	1	01.VisualA	(0.46875, 0.070312, 0.523438, 1.0)	125	3.176531803330652	0.08588436129198015	0.08731217868391108	-1.6353015277512852
MdWfIbDeHtNiSoLa	Social	sub-12	NNLS	1	01.VisualA	(0.46875, 0.070312, 0.523438, 1.0)	125	3.176531803330652	0.13996244314096906	0.13909059971643656	0.6268169281820103
MdWfIbDeHtNiSoLa	Social	sub-13	NNLS	1	01.VisualA	(0.46875, 0.070312, 0.523438, 1.0)	125	3.176531803330652	0.15457418807533915	0.15188632907045263	1.7696517002789343
MdWfIbDeHtNiSoLa	Social	sub-14	NNLS	1	01.VisualA	(0.46875, 0.070312, 0.523438, 1.0)	125	3.176531803330652	0.2847517776983382	0.284496639820849	0.08968045374802044
MdWfIbDeHtNiSoLa	Social	sub-16	NNLS	1	01.VisualA	(0.46875, 0.070312, 0.523438, 1.0)	125	3.176531803330652	0.3497088975668714	0.3479294072407555	0.5114515442164275
MdWfIbDeHtNiSoLa	Social	sub-17	NNLS	1	01.VisualA	(0.46875, 0.070312, 0.523438, 1.0)	125	3.176531803330652	0.3078722863837199	0.3117553477045037	-1.2455476223183688
MdWfIbDeHtNiSoLa	Social	sub-18	NNLS	1	01.VisualA	(0.46875, 0.070312, 0.523438, 1.0)	125	3.176531803330652	0.11373275089123369	0.11743094938033664	-3.1492536751322575
MdWfIbDeHtNiSoLa	Social	sub-19	NNLS	1	01.VisualA	(0.46875, 0.070312, 0.523438, 1.0)	125	3.176531803330652	0.18084699845601718	0.18221721441608746	-0.7519684484592299
MdWfIbDeHtNiSoLa	Social	sub-20	NNLS	1	01.VisualA	(0.46875, 0.070312, 0.523438, 1.0)	125	3.176531803330652	0.35002796794372015	0.35148971761473946	-0.41587266931702993
MdWfIbDeHtNiSoLa	Social	sub-21	NNLS	1	01.VisualA	(0.46875, 0.070312, 0.523438, 1.0)	125	3.176531803330652	0.33508294348880496	0.33532030536012875	-0.07078660836505545
MdWfIbDeHtNiSoLa	Social	sub-22	NNLS	1	01.VisualA	(0.46875, 0.070312, 0.523438, 1.0)	125	3.176531803330652	0.14713302239905543	0.14612875356047808	0.6872493018026832
MdWfIbDeHtNiSoLa	Social	sub-24	NNLS	1	01.VisualA	(0.46875, 0.070312, 0.523438, 1.0)	125	3.176531803330652	0.058576406973001455	0.06016172183125878	-2.635088907035947
MdWfIbDeHtNiSoLa	Social	sub-25	NNLS	1	01.VisualA	(0.46875, 0.070312, 0.523438, 1.0)	125	3.176531803330652	0.49064916107446677	0.49321604170218897	-0.5204373764615144
MdWfIbDeHtNiSoLa	Social	sub-26	NNLS	1	01.VisualA	(0.46875, 0.070312, 0.523438, 1.0)	125	3.176531803330652	0.2705241742232178	0.27166425696568125	-0.41966608165441893
MdWfIbDeHtNiSoLa	Social	sub-27	NNLS	1	01.VisualA	(0.46875, 0.070312, 0.523438, 1.0)	125	3.176531803330652	0.44815000980227376	0.4480884962485041	0.013727992190082841
MdWfIbDeHtNiSoLa	Social	sub-03	NNLS	2	02.VisualB	(0.996094, 0.0, 0.0, 1.0)	102	2.23690417609358	0.0637939180515444	0.06507664084942259	-1.971095589961717
MdWfIbDeHtNiSoLa	Social	sub-04	NNLS	2	02.VisualB	(0.996094, 0.0, 0.0, 1.0)	102	2.23690417609358	0.34303517587774096	0.34097738627144697	0.603497384033502
MdWfIbDeHtNiSoLa	Social	sub-05	NNLS	2	02.VisualB	(0.996094, 0.0, 0.0, 1.0)	102	2.23690417609358	0.11639152385445013	0.11632063379464608	0.06094366707905393
MdWfIbDeHtNiSoLa	Social	sub-07	NNLS	2	02.VisualB	(0.996094, 0.0, 0.0, 1.0)	102	2.23690417609358	0.30786768336596576	0.30731457821773345	0.17998012051365705
MdWfIbDeHtNiSoLa	Social	sub-08	NNLS	2	02.VisualB	(0.996094, 0.0, 0.0, 1.0)	102	2.23690417609358	0.3852843567471367	0.385747182177359	-0.11998154532454997
MdWfIbDeHtNiSoLa	Social	sub-09	NNLS	2	02.VisualB	(0.996094, 0.0, 0.0, 1.0)	102	2.23690417609358	0.2673017082988249	0.2676187714903211	-0.1184756920191158
MdWfIbDeHtNiSoLa	Social	sub-10	NNLS	2	02.VisualB	(0.996094, 0.0, 0.0, 1.0)	102	2.23690417609358	0.23268175406769934	0.23477939056003952	-0.8934500116626547
MdWfIbDeHtNiSoLa	Social	sub-11	NNLS	2	02.VisualB	(0.996094, 0.0, 0.0, 1.0)	102	2.23690417609358	0.08630956857972066	0.08731217868391108	-1.1483049894105677
MdWfIbDeHtNiSoLa	Social	sub-12	NNLS	2	02.VisualB	(0.996094, 0.0, 0.0, 1.0)	102	2.23690417609358	0.13720863064163225	0.13909059971643656	-1.3530526711661863
MdWfIbDeHtNiSoLa	Social	sub-13	NNLS	2	02.VisualB	(0.996094, 0.0, 0.0, 1.0)	102	2.23690417609358	0.1537224735789278	0.15188632907045263	1.2088938614241345
MdWfIbDeHtNiSoLa	Social	sub-14	NNLS	2	02.VisualB	(0.996094, 0.0, 0.0, 1.0)	102	2.23690417609358	0.28476287671740486	0.284496639820849	0.09358173675566536
MdWfIbDeHtNiSoLa	Social	sub-16	NNLS	2	02.VisualB	(0.996094, 0.0, 0.0, 1.0)	102	2.23690417609358	0.34960761879176694	0.3479294072407555	0.4823425430809237
MdWfIbDeHtNiSoLa	Social	sub-17	NNLS	2	02.VisualB	(0.996094, 0.0, 0.0, 1.0)	102	2.23690417609358	0.3115918518294819	0.3117553477045037	-0.05244364731050574
MdWfIbDeHtNiSoLa	Social	sub-18	NNLS	2	02.VisualB	(0.996094, 0.0, 0.0, 1.0)	102	2.23690417609358	0.11744033132458091	0.11743094938033664	0.00798932844686669
MdWfIbDeHtNiSoLa	Social	sub-19	NNLS	2	02.VisualB	(0.996094, 0.0, 0.0, 1.0)	102	2.23690417609358	0.18271454393602168	0.18221721441608746	0.2729322372356042
MdWfIbDeHtNiSoLa	Social	sub-20	NNLS	2	02.VisualB	(0.996094, 0.0, 0.0, 1.0)	102	2.23690417609358	0.35132275059630186	0.35148971761473946	-0.047502675062777146
MdWfIbDeHtNiSoLa	Social	sub-21	NNLS	2	02.VisualB	(0.996094, 0.0, 0.0, 1.0)	102	2.23690417609358	0.33581498535745863	0.33532030536012875	0.1475246173352385
MdWfIbDeHtNiSoLa	Social	sub-22	NNLS	2	02.VisualB	(0.996094, 0.0, 0.0, 1.0)	102	2.23690417609358	0.1464510341653437	0.14612875356047808	0.2205456469128291
MdWfIbDeHtNiSoLa	Social	sub-24	NNLS	2	02.VisualB	(0.996094, 0.0, 0.0, 1.0)	102	2.23690417609358	0.05899133340077209	0.06016172183125878	-1.9454038130248126
MdWfIbDeHtNiSoLa	Social	sub-25	NNLS	2	02.VisualB	(0.996094, 0.0, 0.0, 1.0)	102	2.23690417609358	0.4942416084510246	0.49321604170218897	0.20793458892703456
MdWfIbDeHtNiSoLa	Social	sub-26	NNLS	2	02.VisualB	(0.996094, 0.0, 0.0, 1.0)	102	2.23690417609358	0.2713387131015686	0.27166425696568125	-0.11983316014729875
MdWfIbDeHtNiSoLa	Social	sub-27	NNLS	2	02.VisualB	(0.996094, 0.0, 0.0, 1.0)	102	2.23690417609358	0.44888198955933384	0.4480884962485041	0.17708406207100397
MdWfIbDeHtNiSoLa	Social	sub-03	NNLS	3	03.SomatomotorA	(0.273438, 0.507812, 0.703125, 1.0)	182	10.506595442584887	0.06675180599504293	0.06507664084942259	2.574142002037901
MdWfIbDeHtNiSoLa	Social	sub-04	NNLS	3	03.SomatomotorA	(0.273438, 0.507812, 0.703125, 1.0)	182	10.506595442584887	0.3400047929621245	0.34097738627144697	-0.28523689502042554
MdWfIbDeHtNiSoLa	Social	sub-05	NNLS	3	03.SomatomotorA	(0.273438, 0.507812, 0.703125, 1.0)	182	10.506595442584887	0.11414519496180231	0.11632063379464608	-1.8702088888926751
MdWfIbDeHtNiSoLa	Social	sub-07	NNLS	3	03.SomatomotorA	(0.273438, 0.507812, 0.703125, 1.0)	182	10.506595442584887	0.3144196757291627	0.30731457821773345	2.3119949442799457
MdWfIbDeHtNiSoLa	Social	sub-08	NNLS	3	03.SomatomotorA	(0.273438, 0.507812, 0.703125, 1.0)	182	10.506595442584887	0.37271221516255953	0.385747182177359	-3.37914769492891
MdWfIbDeHtNiSoLa	Social	sub-09	NNLS	3	03.SomatomotorA	(0.273438, 0.507812, 0.703125, 1.0)	182	10.506595442584887	0.2630816120801505	0.2676187714903211	-1.6953816000663733
MdWfIbDeHtNiSoLa	Social	sub-10	NNLS	3	03.SomatomotorA	(0.273438, 0.507812, 0.703125, 1.0)	182	10.506595442584887	0.22759337525454548	0.23477939056003952	-3.060752176054557
MdWfIbDeHtNiSoLa	Social	sub-11	NNLS	3	03.SomatomotorA	(0.273438, 0.507812, 0.703125, 1.0)	182	10.506595442584887	0.08694696650563177	0.08731217868391108	-0.4182832037686959
MdWfIbDeHtNiSoLa	Social	sub-12	NNLS	3	03.SomatomotorA	(0.273438, 0.507812, 0.703125, 1.0)	182	10.506595442584887	0.13540768001641898	0.13909059971643656	-2.6478566542425814
MdWfIbDeHtNiSoLa	Social	sub-13	NNLS	3	03.SomatomotorA	(0.273438, 0.507812, 0.703125, 1.0)	182	10.506595442584887	0.15920655106034562	0.15188632907045263	4.819539740470978
MdWfIbDeHtNiSoLa	Social	sub-14	NNLS	3	03.SomatomotorA	(0.273438, 0.507812, 0.703125, 1.0)	182	10.506595442584887	0.2803543241674679	0.284496639820849	-1.4560156689335753
MdWfIbDeHtNiSoLa	Social	sub-16	NNLS	3	03.SomatomotorA	(0.273438, 0.507812, 0.703125, 1.0)	182	10.506595442584887	0.3485420563706228	0.3479294072407555	0.17608431972620572
MdWfIbDeHtNiSoLa	Social	sub-17	NNLS	3	03.SomatomotorA	(0.273438, 0.507812, 0.703125, 1.0)	182	10.506595442584887	0.3047308572529726	0.3117553477045037	-2.253206080746761
MdWfIbDeHtNiSoLa	Social	sub-18	NNLS	3	03.SomatomotorA	(0.273438, 0.507812, 0.703125, 1.0)	182	10.506595442584887	0.11840441416972954	0.11743094938033664	0.8289678270759979
MdWfIbDeHtNiSoLa	Social	sub-19	NNLS	3	03.SomatomotorA	(0.273438, 0.507812, 0.703125, 1.0)	182	10.506595442584887	0.17470778650805327	0.18221721441608746	-4.121140767132263
MdWfIbDeHtNiSoLa	Social	sub-20	NNLS	3	03.SomatomotorA	(0.273438, 0.507812, 0.703125, 1.0)	182	10.506595442584887	0.3450609480973207	0.35148971761473946	-1.829006424724269
MdWfIbDeHtNiSoLa	Social	sub-21	NNLS	3	03.SomatomotorA	(0.273438, 0.507812, 0.703125, 1.0)	182	10.506595442584887	0.33118355968947544	0.33532030536012875	-1.2336698984603716
MdWfIbDeHtNiSoLa	Social	sub-22	NNLS	3	03.SomatomotorA	(0.273438, 0.507812, 0.703125, 1.0)	182	10.506595442584887	0.14792986481134449	0.14612875356047808	1.2325508888440508
MdWfIbDeHtNiSoLa	Social	sub-24	NNLS	3	03.SomatomotorA	(0.273438, 0.507812, 0.703125, 1.0)	182	10.506595442584887	0.05825992442250378	0.06016172183125878	-3.1611419202547895
MdWfIbDeHtNiSoLa	Social	sub-25	NNLS	3	03.SomatomotorA	(0.273438, 0.507812, 0.703125, 1.0)	182	10.506595442584887	0.48921309945730085	0.49321604170218897	-0.8116001724260935
MdWfIbDeHtNiSoLa	Social	sub-26	NNLS	3	03.SomatomotorA	(0.273438, 0.507812, 0.703125, 1.0)	182	10.506595442584887	0.271621555194029	0.27166425696568125	-0.015718582977837372
MdWfIbDeHtNiSoLa	Social	sub-27	NNLS	3	03.SomatomotorA	(0.273438, 0.507812, 0.703125, 1.0)	182	10.506595442584887	0.4512663942921394	0.4480884962485041	0.7092121467614855
MdWfIbDeHtNiSoLa	Social	sub-03	NNLS	4	04.SomatomotorB	(0.164062, 0.796875, 0.640625, 1.0)	146	4.085021093016928	0.06546587265926983	0.06507664084942259	0.598112940014617
MdWfIbDeHtNiSoLa	Social	sub-04	NNLS	4	04.SomatomotorB	(0.164062, 0.796875, 0.640625, 1.0)	146	4.085021093016928	0.3385291959489376	0.34097738627144697	-0.7179919904014989
MdWfIbDeHtNiSoLa	Social	sub-05	NNLS	4	04.SomatomotorB	(0.164062, 0.796875, 0.640625, 1.0)	146	4.085021093016928	0.11707977556211535	0.11632063379464608	0.6526286375033616
MdWfIbDeHtNiSoLa	Social	sub-07	NNLS	4	04.SomatomotorB	(0.164062, 0.796875, 0.640625, 1.0)	146	4.085021093016928	0.306322476002649	0.30731457821773345	-0.3228295321485
MdWfIbDeHtNiSoLa	Social	sub-08	NNLS	4	04.SomatomotorB	(0.164062, 0.796875, 0.640625, 1.0)	146	4.085021093016928	0.3880108101280894	0.385747182177359	0.5868164578554608
MdWfIbDeHtNiSoLa	Social	sub-09	NNLS	4	04.SomatomotorB	(0.164062, 0.796875, 0.640625, 1.0)	146	4.085021093016928	0.26935612245988466	0.2676187714903211	0.6491887545438498
MdWfIbDeHtNiSoLa	Social	sub-10	NNLS	4	04.SomatomotorB	(0.164062, 0.796875, 0.640625, 1.0)	146	4.085021093016928	0.23309134191526446	0.23477939056003952	-0.718993537187577
MdWfIbDeHtNiSoLa	Social	sub-11	NNLS	4	04.SomatomotorB	(0.164062, 0.796875, 0.640625, 1.0)	146	4.085021093016928	0.0889568955377448	0.08731217868391108	1.883719864313484
MdWfIbDeHtNiSoLa	Social	sub-12	NNLS	4	04.SomatomotorB	(0.164062, 0.796875, 0.640625, 1.0)	146	4.085021093016928	0.14042249732506815	0.13909059971643656	0.9575755740121348
MdWfIbDeHtNiSoLa	Social	sub-13	NNLS	4	04.SomatomotorB	(0.164062, 0.796875, 0.640625, 1.0)	146	4.085021093016928	0.15101453982377328	0.15188632907045263	-0.5739747955031391
MdWfIbDeHtNiSoLa	Social	sub-14	NNLS	4	04.SomatomotorB	(0.164062, 0.796875, 0.640625, 1.0)	146	4.085021093016928	0.285098556921183	0.284496639820849	0.2115726571368508
MdWfIbDeHtNiSoLa	Social	sub-16	NNLS	4	04.SomatomotorB	(0.164062, 0.796875, 0.640625, 1.0)	146	4.085021093016928	0.34705659596263605	0.3479294072407555	-0.2508587259241037
MdWfIbDeHtNiSoLa	Social	sub-17	NNLS	4	04.SomatomotorB	(0.164062, 0.796875, 0.640625, 1.0)	146	4.085021093016928	0.31134242250857885	0.3117553477045037	-0.1324516801284288
MdWfIbDeHtNiSoLa	Social	sub-18	NNLS	4	04.SomatomotorB	(0.164062, 0.796875, 0.640625, 1.0)	146	4.085021093016928	0.11788810204615645	0.11743094938033664	0.38929487348277614
MdWfIbDeHtNiSoLa	Social	sub-19	NNLS	4	04.SomatomotorB	(0.164062, 0.796875, 0.640625, 1.0)	146	4.085021093016928	0.18387861324818117	0.18221721441608746	0.9117683186067997
MdWfIbDeHtNiSoLa	Social	sub-20	NNLS	4	04.SomatomotorB	(0.164062, 0.796875, 0.640625, 1.0)	146	4.085021093016928	0.35315090964195106	0.35148971761473946	0.47261468656457195
MdWfIbDeHtNiSoLa	Social	sub-21	NNLS	4	04.SomatomotorB	(0.164062, 0.796875, 0.640625, 1.0)	146	4.085021093016928	0.33472500233795227	0.33532030536012875	-0.17753264942817235
MdWfIbDeHtNiSoLa	Social	sub-22	NNLS	4	04.SomatomotorB	(0.164062, 0.796875, 0.640625, 1.0)	146	4.085021093016928	0.1433017477213239	0.14612875356047808	-1.9345992970399049
MdWfIbDeHtNiSoLa	Social	sub-24	NNLS	4	04.SomatomotorB	(0.164062, 0.796875, 0.640625, 1.0)	146	4.085021093016928	0.06015295959268958	0.06016172183125878	-0.014564474390839119
MdWfIbDeHtNiSoLa	Social	sub-25	NNLS	4	04.SomatomotorB	(0.164062, 0.796875, 0.640625, 1.0)	146	4.085021093016928	0.4930473113690671	0.49321604170218897	-0.0342102281465839
MdWfIbDeHtNiSoLa	Social	sub-26	NNLS	4	04.SomatomotorB	(0.164062, 0.796875, 0.640625, 1.0)	146	4.085021093016928	0.2707452700607406	0.27166425696568125	-0.3382803888907353
MdWfIbDeHtNiSoLa	Social	sub-27	NNLS	4	04.SomatomotorB	(0.164062, 0.796875, 0.640625, 1.0)	146	4.085021093016928	0.44839243144785096	0.4480884962485041	0.06782927968279981
MdWfIbDeHtNiSoLa	Social	sub-03	NNLS	5	05.DorsalAttentionA	(0.289062, 0.605469, 0.234375, 1.0)	111	5.1639341315825	0.06470759565105198	0.06507664084942259	-0.5670931897430358
MdWfIbDeHtNiSoLa	Social	sub-04	NNLS	5	05.DorsalAttentionA	(0.289062, 0.605469, 0.234375, 1.0)	111	5.1639341315825	0.3405897398914547	0.34097738627144697	-0.1136868295669554
MdWfIbDeHtNiSoLa	Social	sub-05	NNLS	5	05.DorsalAttentionA	(0.289062, 0.605469, 0.234375, 1.0)	111	5.1639341315825	0.11648118871168212	0.11632063379464608	0.13802789049403164
MdWfIbDeHtNiSoLa	Social	sub-07	NNLS	5	05.DorsalAttentionA	(0.289062, 0.605469, 0.234375, 1.0)	111	5.1639341315825	0.3062836486051504	0.30731457821773345	-0.33546394660543455
MdWfIbDeHtNiSoLa	Social	sub-08	NNLS	5	05.DorsalAttentionA	(0.289062, 0.605469, 0.234375, 1.0)	111	5.1639341315825	0.3857931847956504	0.385747182177359	0.01192558764311502
MdWfIbDeHtNiSoLa	Social	sub-09	NNLS	5	05.DorsalAttentionA	(0.289062, 0.605469, 0.234375, 1.0)	111	5.1639341315825	0.2663284249755211	0.2676187714903211	-0.4821584478600919
MdWfIbDeHtNiSoLa	Social	sub-10	NNLS	5	05.DorsalAttentionA	(0.289062, 0.605469, 0.234375, 1.0)	111	5.1639341315825	0.234544877848416	0.23477939056003952	-0.09988641297011921
MdWfIbDeHtNiSoLa	Social	sub-11	NNLS	5	05.DorsalAttentionA	(0.289062, 0.605469, 0.234375, 1.0)	111	5.1639341315825	0.08610603766909894	0.08731217868391108	-1.381412115689652
MdWfIbDeHtNiSoLa	Social	sub-12	NNLS	5	05.DorsalAttentionA	(0.289062, 0.605469, 0.234375, 1.0)	111	5.1639341315825	0.1390737956343682	0.13909059971643656	-0.012081393065109844
MdWfIbDeHtNiSoLa	Social	sub-13	NNLS	5	05.DorsalAttentionA	(0.289062, 0.605469, 0.234375, 1.0)	111	5.1639341315825	0.15028475388540166	0.15188632907045263	-1.0544564444032856
MdWfIbDeHtNiSoLa	Social	sub-14	NNLS	5	05.DorsalAttentionA	(0.289062, 0.605469, 0.234375, 1.0)	111	5.1639341315825	0.2849041197116673	0.284496639820849	0.1432283668007086
MdWfIbDeHtNiSoLa	Social	sub-16	NNLS	5	05.DorsalAttentionA	(0.289062, 0.605469, 0.234375, 1.0)	111	5.1639341315825	0.3477855104130687	0.3479294072407555	-0.041358052723382735
MdWfIbDeHtNiSoLa	Social	sub-17	NNLS	5	05.DorsalAttentionA	(0.289062, 0.605469, 0.234375, 1.0)	111	5.1639341315825	0.31267779065234325	0.3117553477045037	0.2958868082397377
MdWfIbDeHtNiSoLa	Social	sub-18	NNLS	5	05.DorsalAttentionA	(0.289062, 0.605469, 0.234375, 1.0)	111	5.1639341315825	0.1183054068092518	0.11743094938033664	0.7446566970032407
MdWfIbDeHtNiSoLa	Social	sub-19	NNLS	5	05.DorsalAttentionA	(0.289062, 0.605469, 0.234375, 1.0)	111	5.1639341315825	0.18234755365552818	0.18221721441608746	0.07152959716698262
MdWfIbDeHtNiSoLa	Social	sub-20	NNLS	5	05.DorsalAttentionA	(0.289062, 0.605469, 0.234375, 1.0)	111	5.1639341315825	0.350771118964781	0.35148971761473946	-0.2044437188191309
MdWfIbDeHtNiSoLa	Social	sub-21	NNLS	5	05.DorsalAttentionA	(0.289062, 0.605469, 0.234375, 1.0)	111	5.1639341315825	0.3354719060281495	0.33532030536012875	0.0452107031985321
MdWfIbDeHtNiSoLa	Social	sub-22	NNLS	5	05.DorsalAttentionA	(0.289062, 0.605469, 0.234375, 1.0)	111	5.1639341315825	0.14509339474473795	0.14612875356047808	-0.7085250441909956
MdWfIbDeHtNiSoLa	Social	sub-24	NNLS	5	05.DorsalAttentionA	(0.289062, 0.605469, 0.234375, 1.0)	111	5.1639341315825	0.06197151096586507	0.06016172183125878	3.0082070118976576
MdWfIbDeHtNiSoLa	Social	sub-25	NNLS	5	05.DorsalAttentionA	(0.289062, 0.605469, 0.234375, 1.0)	111	5.1639341315825	0.49292677178131233	0.49321604170218897	-0.05864973894164193
MdWfIbDeHtNiSoLa	Social	sub-26	NNLS	5	05.DorsalAttentionA	(0.289062, 0.605469, 0.234375, 1.0)	111	5.1639341315825	0.26991043755537414	0.27166425696568125	-0.6455834234124762
MdWfIbDeHtNiSoLa	Social	sub-27	NNLS	5	05.DorsalAttentionA	(0.289062, 0.605469, 0.234375, 1.0)	111	5.1639341315825	0.44860689789884517	0.4480884962485041	0.11569180076731128
MdWfIbDeHtNiSoLa	Social	sub-03	NNLS	6	06.DorsalAttentionB	(0.0, 0.460938, 0.054688, 1.0)	109	7.170383538973495	0.06536826049852142	0.06507664084942259	0.4481172434416007
MdWfIbDeHtNiSoLa	Social	sub-04	NNLS	6	06.DorsalAttentionB	(0.0, 0.460938, 0.054688, 1.0)	109	7.170383538973495	0.3405651333666427	0.34097738627144697	-0.12090329781462417
MdWfIbDeHtNiSoLa	Social	sub-05	NNLS	6	06.DorsalAttentionB	(0.0, 0.460938, 0.054688, 1.0)	109	7.170383538973495	0.11705417442876269	0.11632063379464608	0.6306195299895057
MdWfIbDeHtNiSoLa	Social	sub-07	NNLS	6	06.DorsalAttentionB	(0.0, 0.460938, 0.054688, 1.0)	109	7.170383538973495	0.305653174515073	0.30731457821773345	-0.5406198795695677
MdWfIbDeHtNiSoLa	Social	sub-08	NNLS	6	06.DorsalAttentionB	(0.0, 0.460938, 0.054688, 1.0)	109	7.170383538973495	0.38632419659317363	0.385747182177359	0.1495835724729539
MdWfIbDeHtNiSoLa	Social	sub-09	NNLS	6	06.DorsalAttentionB	(0.0, 0.460938, 0.054688, 1.0)	109	7.170383538973495	0.26572352292697043	0.2676187714903211	-0.7081896956616157
MdWfIbDeHtNiSoLa	Social	sub-10	NNLS	6	06.DorsalAttentionB	(0.0, 0.460938, 0.054688, 1.0)	109	7.170383538973495	0.22978046656877793	0.23477939056003952	-2.129200514294387
MdWfIbDeHtNiSoLa	Social	sub-11	NNLS	6	06.DorsalAttentionB	(0.0, 0.460938, 0.054688, 1.0)	109	7.170383538973495	0.08504838763885225	0.08731217868391108	-2.5927551908356845
MdWfIbDeHtNiSoLa	Social	sub-12	NNLS	6	06.DorsalAttentionB	(0.0, 0.460938, 0.054688, 1.0)	109	7.170383538973495	0.13882959963749628	0.13909059971643656	-0.18764753295505376
MdWfIbDeHtNiSoLa	Social	sub-13	NNLS	6	06.DorsalAttentionB	(0.0, 0.460938, 0.054688, 1.0)	109	7.170383538973495	0.15133583825162672	0.15188632907045263	-0.36243605477525553
MdWfIbDeHtNiSoLa	Social	sub-14	NNLS	6	06.DorsalAttentionB	(0.0, 0.460938, 0.054688, 1.0)	109	7.170383538973495	0.28428419743177696	0.284496639820849	-0.07467307494591476
MdWfIbDeHtNiSoLa	Social	sub-16	NNLS	6	06.DorsalAttentionB	(0.0, 0.460938, 0.054688, 1.0)	109	7.170383538973495	0.3476247723958489	0.3479294072407555	-0.08755650961570427
MdWfIbDeHtNiSoLa	Social	sub-17	NNLS	6	06.DorsalAttentionB	(0.0, 0.460938, 0.054688, 1.0)	109	7.170383538973495	0.31043510840868294	0.3117553477045037	-0.4234856933623933
MdWfIbDeHtNiSoLa	Social	sub-18	NNLS	6	06.DorsalAttentionB	(0.0, 0.460938, 0.054688, 1.0)	109	7.170383538973495	0.11944065904386458	0.11743094938033664	1.7113969308200596
MdWfIbDeHtNiSoLa	Social	sub-19	NNLS	6	06.DorsalAttentionB	(0.0, 0.460938, 0.054688, 1.0)	109	7.170383538973495	0.18444723930116275	0.18221721441608746	1.2238277773158655
MdWfIbDeHtNiSoLa	Social	sub-20	NNLS	6	06.DorsalAttentionB	(0.0, 0.460938, 0.054688, 1.0)	109	7.170383538973495	0.35201918701010687	0.35148971761473946	0.15063581346289923
MdWfIbDeHtNiSoLa	Social	sub-21	NNLS	6	06.DorsalAttentionB	(0.0, 0.460938, 0.054688, 1.0)	109	7.170383538973495	0.33474576820372554	0.33532030536012875	-0.17133980472377475
MdWfIbDeHtNiSoLa	Social	sub-22	NNLS	6	06.DorsalAttentionB	(0.0, 0.460938, 0.054688, 1.0)	109	7.170383538973495	0.14406998340256663	0.14612875356047808	-1.4088740974988123
MdWfIbDeHtNiSoLa	Social	sub-24	NNLS	6	06.DorsalAttentionB	(0.0, 0.460938, 0.054688, 1.0)	109	7.170383538973495	0.06213875421043999	0.06016172183125878	3.2861964701182904
MdWfIbDeHtNiSoLa	Social	sub-25	NNLS	6	06.DorsalAttentionB	(0.0, 0.460938, 0.054688, 1.0)	109	7.170383538973495	0.49406745656792983	0.49321604170218897	0.17262513660392242
MdWfIbDeHtNiSoLa	Social	sub-26	NNLS	6	06.DorsalAttentionB	(0.0, 0.460938, 0.054688, 1.0)	109	7.170383538973495	0.2699194889769448	0.27166425696568125	-0.6422515822377305
MdWfIbDeHtNiSoLa	Social	sub-27	NNLS	6	06.DorsalAttentionB	(0.0, 0.460938, 0.054688, 1.0)	109	7.170383538973495	0.4493446584572162	0.4480884962485041	0.2803379732416645
MdWfIbDeHtNiSoLa	Social	sub-03	NNLS	7	07.VentralAttentionA	(0.765625, 0.226562, 0.976562, 1.0)	151	5.404949830797253	0.06352555803561342	0.06507664084942259	-2.383470925301963
MdWfIbDeHtNiSoLa	Social	sub-04	NNLS	7	07.VentralAttentionA	(0.765625, 0.226562, 0.976562, 1.0)	151	5.404949830797253	0.3419988449139402	0.34097738627144697	0.29956785511872275
MdWfIbDeHtNiSoLa	Social	sub-05	NNLS	7	07.VentralAttentionA	(0.765625, 0.226562, 0.976562, 1.0)	151	5.404949830797253	0.11546792793399016	0.11632063379464608	-0.7330650056131008
MdWfIbDeHtNiSoLa	Social	sub-07	NNLS	7	07.VentralAttentionA	(0.765625, 0.226562, 0.976562, 1.0)	151	5.404949830797253	0.305269788956394	0.30731457821773345	-0.6653733360773731
MdWfIbDeHtNiSoLa	Social	sub-08	NNLS	7	07.VentralAttentionA	(0.765625, 0.226562, 0.976562, 1.0)	151	5.404949830797253	0.3868571318880706	0.385747182177359	0.2877401992793473
MdWfIbDeHtNiSoLa	Social	sub-09	NNLS	7	07.VentralAttentionA	(0.765625, 0.226562, 0.976562, 1.0)	151	5.404949830797253	0.265347845429684	0.2676187714903211	-0.8485675530123434
MdWfIbDeHtNiSoLa	Social	sub-10	NNLS	7	07.VentralAttentionA	(0.765625, 0.226562, 0.976562, 1.0)	151	5.404949830797253	0.23496194868351392	0.23477939056003952	0.07775730358568743
MdWfIbDeHtNiSoLa	Social	sub-11	NNLS	7	07.VentralAttentionA	(0.765625, 0.226562, 0.976562, 1.0)	151	5.404949830797253	0.08759251111425792	0.08731217868391108	0.32106910464541216
MdWfIbDeHtNiSoLa	Social	sub-12	NNLS	7	07.VentralAttentionA	(0.765625, 0.226562, 0.976562, 1.0)	151	5.404949830797253	0.13898838412425996	0.13909059971643656	-0.07348849770220896
MdWfIbDeHtNiSoLa	Social	sub-13	NNLS	7	07.VentralAttentionA	(0.765625, 0.226562, 0.976562, 1.0)	151	5.404949830797253	0.15126293514066658	0.15188632907045263	-0.4104345227126344
MdWfIbDeHtNiSoLa	Social	sub-14	NNLS	7	07.VentralAttentionA	(0.765625, 0.226562, 0.976562, 1.0)	151	5.404949830797253	0.2847748247537347	0.284496639820849	0.09778144763358336
MdWfIbDeHtNiSoLa	Social	sub-16	NNLS	7	07.VentralAttentionA	(0.765625, 0.226562, 0.976562, 1.0)	151	5.404949830797253	0.3481727061152	0.3479294072407555	0.06992765468547044
MdWfIbDeHtNiSoLa	Social	sub-17	NNLS	7	07.VentralAttentionA	(0.765625, 0.226562, 0.976562, 1.0)	151	5.404949830797253	0.3123047735916309	0.3117553477045037	0.17623623497485882
MdWfIbDeHtNiSoLa	Social	sub-18	NNLS	7	07.VentralAttentionA	(0.765625, 0.226562, 0.976562, 1.0)	151	5.404949830797253	0.11826264894020205	0.11743094938033664	0.7082456237083561
MdWfIbDeHtNiSoLa	Social	sub-19	NNLS	7	07.VentralAttentionA	(0.765625, 0.226562, 0.976562, 1.0)	151	5.404949830797253	0.1845792700773604	0.18221721441608746	1.2962856823610929
MdWfIbDeHtNiSoLa	Social	sub-20	NNLS	7	07.VentralAttentionA	(0.765625, 0.226562, 0.976562, 1.0)	151	5.404949830797253	0.35155790525744207	0.35148971761473946	0.019399612360026342
MdWfIbDeHtNiSoLa	Social	sub-21	NNLS	7	07.VentralAttentionA	(0.765625, 0.226562, 0.976562, 1.0)	151	5.404949830797253	0.33530399619189144	0.33532030536012875	-0.004863758017812048
MdWfIbDeHtNiSoLa	Social	sub-22	NNLS	7	07.VentralAttentionA	(0.765625, 0.226562, 0.976562, 1.0)	151	5.404949830797253	0.1448752950877102	0.14612875356047808	-0.8577767497682285
MdWfIbDeHtNiSoLa	Social	sub-24	NNLS	7	07.VentralAttentionA	(0.765625, 0.226562, 0.976562, 1.0)	151	5.404949830797253	0.05884094160531284	0.06016172183125878	-2.1953830205366334
MdWfIbDeHtNiSoLa	Social	sub-25	NNLS	7	07.VentralAttentionA	(0.765625, 0.226562, 0.976562, 1.0)	151	5.404949830797253	0.4948237341417002	0.49321604170218897	0.32596110093312874
MdWfIbDeHtNiSoLa	Social	sub-26	NNLS	7	07.VentralAttentionA	(0.765625, 0.226562, 0.976562, 1.0)	151	5.404949830797253	0.270598919459836	0.27166425696568125	-0.39215225357373235
MdWfIbDeHtNiSoLa	Social	sub-27	NNLS	7	07.VentralAttentionA	(0.765625, 0.226562, 0.976562, 1.0)	151	5.404949830797253	0.4448389143059835	0.4480884962485041	-0.7252098569204156
MdWfIbDeHtNiSoLa	Social	sub-03	NNLS	8	08.VentralAttentionB	(0.996094, 0.59375, 0.832031, 1.0)	97	4.728184537346072	0.06725492032501203	0.06507664084942259	3.3472524813160534
MdWfIbDeHtNiSoLa	Social	sub-04	NNLS	8	08.VentralAttentionB	(0.996094, 0.59375, 0.832031, 1.0)	97	4.728184537346072	0.3413803290751104	0.34097738627144697	0.11817288180590783
MdWfIbDeHtNiSoLa	Social	sub-05	NNLS	8	08.VentralAttentionB	(0.996094, 0.59375, 0.832031, 1.0)	97	4.728184537346072	0.11660710963214281	0.11632063379464608	0.24628118688080833
MdWfIbDeHtNiSoLa	Social	sub-07	NNLS	8	08.VentralAttentionB	(0.996094, 0.59375, 0.832031, 1.0)	97	4.728184537346072	0.30954804810597153	0.30731457821773345	0.7267699115320396
MdWfIbDeHtNiSoLa	Social	sub-08	NNLS	8	08.VentralAttentionB	(0.996094, 0.59375, 0.832031, 1.0)	97	4.728184537346072	0.3858167420388169	0.385747182177359	0.018032500215625573
MdWfIbDeHtNiSoLa	Social	sub-09	NNLS	8	08.VentralAttentionB	(0.996094, 0.59375, 0.832031, 1.0)	97	4.728184537346072	0.27007234337273955	0.2676187714903211	0.9168160621749201
MdWfIbDeHtNiSoLa	Social	sub-10	NNLS	8	08.VentralAttentionB	(0.996094, 0.59375, 0.832031, 1.0)	97	4.728184537346072	0.23920670376800665	0.23477939056003952	1.8857333249763872
MdWfIbDeHtNiSoLa	Social	sub-11	NNLS	8	08.VentralAttentionB	(0.996094, 0.59375, 0.832031, 1.0)	97	4.728184537346072	0.0876987902754378	0.08731217868391108	0.44279228551417654
MdWfIbDeHtNiSoLa	Social	sub-12	NNLS	8	08.VentralAttentionB	(0.996094, 0.59375, 0.832031, 1.0)	97	4.728184537346072	0.140682422648466	0.13909059971643656	1.1444504051853175
MdWfIbDeHtNiSoLa	Social	sub-13	NNLS	8	08.VentralAttentionB	(0.996094, 0.59375, 0.832031, 1.0)	97	4.728184537346072	0.1536706289090197	0.15188632907045263	1.1747599994594753
MdWfIbDeHtNiSoLa	Social	sub-14	NNLS	8	08.VentralAttentionB	(0.996094, 0.59375, 0.832031, 1.0)	97	4.728184537346072	0.2857912769099983	0.284496639820849	0.45506234799979894
MdWfIbDeHtNiSoLa	Social	sub-16	NNLS	8	08.VentralAttentionB	(0.996094, 0.59375, 0.832031, 1.0)	97	4.728184537346072	0.3481367312004587	0.3479294072407555	0.059587938066909665
MdWfIbDeHtNiSoLa	Social	sub-17	NNLS	8	08.VentralAttentionB	(0.996094, 0.59375, 0.832031, 1.0)	97	4.728184537346072	0.31145856108163117	0.3117553477045037	-0.09519856677930442
MdWfIbDeHtNiSoLa	Social	sub-18	NNLS	8	08.VentralAttentionB	(0.996094, 0.59375, 0.832031, 1.0)	97	4.728184537346072	0.11610359494542212	0.11743094938033664	-1.130327602662458
MdWfIbDeHtNiSoLa	Social	sub-19	NNLS	8	08.VentralAttentionB	(0.996094, 0.59375, 0.832031, 1.0)	97	4.728184537346072	0.1809842066754168	0.18221721441608746	-0.6766691855222505
MdWfIbDeHtNiSoLa	Social	sub-20	NNLS	8	08.VentralAttentionB	(0.996094, 0.59375, 0.832031, 1.0)	97	4.728184537346072	0.35322280444736953	0.35148971761473946	0.49306899911355906
MdWfIbDeHtNiSoLa	Social	sub-21	NNLS	8	08.VentralAttentionB	(0.996094, 0.59375, 0.832031, 1.0)	97	4.728184537346072	0.33547901845017525	0.33532030536012875	0.04733178620842762
MdWfIbDeHtNiSoLa	Social	sub-22	NNLS	8	08.VentralAttentionB	(0.996094, 0.59375, 0.832031, 1.0)	97	4.728184537346072	0.14773841974709787	0.14612875356047808	1.1015396678611884
MdWfIbDeHtNiSoLa	Social	sub-24	NNLS	8	08.VentralAttentionB	(0.996094, 0.59375, 0.832031, 1.0)	97	4.728184537346072	0.057328617238493	0.06016172183125878	-4.709148120314859
MdWfIbDeHtNiSoLa	Social	sub-25	NNLS	8	08.VentralAttentionB	(0.996094, 0.59375, 0.832031, 1.0)	97	4.728184537346072	0.4920855973917607	0.49321604170218897	-0.22919860970597256
MdWfIbDeHtNiSoLa	Social	sub-26	NNLS	8	08.VentralAttentionB	(0.996094, 0.59375, 0.832031, 1.0)	97	4.728184537346072	0.27292480451953616	0.27166425696568125	0.46400935034090607
MdWfIbDeHtNiSoLa	Social	sub-27	NNLS	8	08.VentralAttentionB	(0.996094, 0.59375, 0.832031, 1.0)	97	4.728184537346072	0.44812486799013124	0.4480884962485041	0.008117088908026059
MdWfIbDeHtNiSoLa	Social	sub-03	NNLS	9	09.LimbicA	(0.859375, 0.96875, 0.640625, 1.0)	71	1.1337062309492578	0.06534398572225711	0.06507664084942259	0.4108154160155729
MdWfIbDeHtNiSoLa	Social	sub-04	NNLS	9	09.LimbicA	(0.859375, 0.96875, 0.640625, 1.0)	71	1.1337062309492578	0.3416862100349366	0.34097738627144697	0.20787999205476518
MdWfIbDeHtNiSoLa	Social	sub-05	NNLS	9	09.LimbicA	(0.859375, 0.96875, 0.640625, 1.0)	71	1.1337062309492578	0.11674230489344385	0.11632063379464608	0.3625075664066596
MdWfIbDeHtNiSoLa	Social	sub-07	NNLS	9	09.LimbicA	(0.859375, 0.96875, 0.640625, 1.0)	71	1.1337062309492578	0.30890856143929546	0.30731457821773345	0.5186812909450295
MdWfIbDeHtNiSoLa	Social	sub-08	NNLS	9	09.LimbicA	(0.859375, 0.96875, 0.640625, 1.0)	71	1.1337062309492578	0.3852584484727986	0.385747182177359	-0.12669793251675998
MdWfIbDeHtNiSoLa	Social	sub-09	NNLS	9	09.LimbicA	(0.859375, 0.96875, 0.640625, 1.0)	71	1.1337062309492578	0.2676894696672224	0.2676187714903211	0.026417495494655167
MdWfIbDeHtNiSoLa	Social	sub-10	NNLS	9	09.LimbicA	(0.859375, 0.96875, 0.640625, 1.0)	71	1.1337062309492578	0.23486992816336763	0.23477939056003952	0.038562841104640484
MdWfIbDeHtNiSoLa	Social	sub-11	NNLS	9	09.LimbicA	(0.859375, 0.96875, 0.640625, 1.0)	71	1.1337062309492578	0.08728293595385961	0.08731217868391108	-0.03349215480848481
MdWfIbDeHtNiSoLa	Social	sub-12	NNLS	9	09.LimbicA	(0.859375, 0.96875, 0.640625, 1.0)	71	1.1337062309492578	0.14021093708201798	0.13909059971643656	0.8054731001702864
MdWfIbDeHtNiSoLa	Social	sub-13	NNLS	9	09.LimbicA	(0.859375, 0.96875, 0.640625, 1.0)	71	1.1337062309492578	0.15277549691566175	0.15188632907045263	0.5854166406225275
MdWfIbDeHtNiSoLa	Social	sub-14	NNLS	9	09.LimbicA	(0.859375, 0.96875, 0.640625, 1.0)	71	1.1337062309492578	0.2851574474380911	0.284496639820849	0.23227255606894
MdWfIbDeHtNiSoLa	Social	sub-16	NNLS	9	09.LimbicA	(0.859375, 0.96875, 0.640625, 1.0)	71	1.1337062309492578	0.34914621691146164	0.3479294072407555	0.3497288948226647
MdWfIbDeHtNiSoLa	Social	sub-17	NNLS	9	09.LimbicA	(0.859375, 0.96875, 0.640625, 1.0)	71	1.1337062309492578	0.3116379143939147	0.3117553477045037	-0.03766841898741313
MdWfIbDeHtNiSoLa	Social	sub-18	NNLS	9	09.LimbicA	(0.859375, 0.96875, 0.640625, 1.0)	71	1.1337062309492578	0.11767033198066404	0.11743094938033664	0.2038496679032035
MdWfIbDeHtNiSoLa	Social	sub-19	NNLS	9	09.LimbicA	(0.859375, 0.96875, 0.640625, 1.0)	71	1.1337062309492578	0.18130977756871924	0.18221721441608746	-0.4979973216449849
MdWfIbDeHtNiSoLa	Social	sub-20	NNLS	9	09.LimbicA	(0.859375, 0.96875, 0.640625, 1.0)	71	1.1337062309492578	0.3514722462962535	0.35148971761473946	-0.0049706485312042345
MdWfIbDeHtNiSoLa	Social	sub-21	NNLS	9	09.LimbicA	(0.859375, 0.96875, 0.640625, 1.0)	71	1.1337062309492578	0.33635624374073336	0.33532030536012875	0.3089399490710936
MdWfIbDeHtNiSoLa	Social	sub-22	NNLS	9	09.LimbicA	(0.859375, 0.96875, 0.640625, 1.0)	71	1.1337062309492578	0.14756411005063005	0.14612875356047808	0.9822546591132898
MdWfIbDeHtNiSoLa	Social	sub-24	NNLS	9	09.LimbicA	(0.859375, 0.96875, 0.640625, 1.0)	71	1.1337062309492578	0.05952411311321744	0.06016172183125878	-1.0598245838603164
MdWfIbDeHtNiSoLa	Social	sub-25	NNLS	9	09.LimbicA	(0.859375, 0.96875, 0.640625, 1.0)	71	1.1337062309492578	0.49369027917656017	0.49321604170218897	0.09615207825246465
MdWfIbDeHtNiSoLa	Social	sub-26	NNLS	9	09.LimbicA	(0.859375, 0.96875, 0.640625, 1.0)	71	1.1337062309492578	0.2725181013164541	0.27166425696568125	0.3143013218999627
MdWfIbDeHtNiSoLa	Social	sub-27	NNLS	9	09.LimbicA	(0.859375, 0.96875, 0.640625, 1.0)	71	1.1337062309492578	0.4485368561102201	0.4480884962485041	0.10006056068605944
MdWfIbDeHtNiSoLa	Social	sub-03	NNLS	10	10.LimbicB	(0.476562, 0.527344, 0.195312, 1.0)	75	10.372288950911452	0.06701277310969432	0.06507664084942259	2.975157037917249
MdWfIbDeHtNiSoLa	Social	sub-04	NNLS	10	10.LimbicB	(0.476562, 0.527344, 0.195312, 1.0)	75	10.372288950911452	0.34410703366620393	0.34097738627144697	0.9178460275560612
MdWfIbDeHtNiSoLa	Social	sub-05	NNLS	10	10.LimbicB	(0.476562, 0.527344, 0.195312, 1.0)	75	10.372288950911452	0.11979979184571678	0.11632063379464608	2.991006786648746
MdWfIbDeHtNiSoLa	Social	sub-07	NNLS	10	10.LimbicB	(0.476562, 0.527344, 0.195312, 1.0)	75	10.372288950911452	0.3129828380681728	0.30731457821773345	1.8444487350103376
MdWfIbDeHtNiSoLa	Social	sub-08	NNLS	10	10.LimbicB	(0.476562, 0.527344, 0.195312, 1.0)	75	10.372288950911452	0.38182147376078257	0.385747182177359	-1.0176894603397124
MdWfIbDeHtNiSoLa	Social	sub-09	NNLS	10	10.LimbicB	(0.476562, 0.527344, 0.195312, 1.0)	75	10.372288950911452	0.26197688205765457	0.2676187714903211	-2.1081815005905047
MdWfIbDeHtNiSoLa	Social	sub-10	NNLS	10	10.LimbicB	(0.476562, 0.527344, 0.195312, 1.0)	75	10.372288950911452	0.23801738104396644	0.23477939056003952	1.3791629990192344
MdWfIbDeHtNiSoLa	Social	sub-11	NNLS	10	10.LimbicB	(0.476562, 0.527344, 0.195312, 1.0)	75	10.372288950911452	0.08891686066067796	0.08731217868391108	1.8378672952099468
MdWfIbDeHtNiSoLa	Social	sub-12	NNLS	10	10.LimbicB	(0.476562, 0.527344, 0.195312, 1.0)	75	10.372288950911452	0.13483377697652135	0.13909059971643656	-3.0604676006815508
MdWfIbDeHtNiSoLa	Social	sub-13	NNLS	10	10.LimbicB	(0.476562, 0.527344, 0.195312, 1.0)	75	10.372288950911452	0.1578244489601776	0.15188632907045263	3.909581544347271
MdWfIbDeHtNiSoLa	Social	sub-14	NNLS	10	10.LimbicB	(0.476562, 0.527344, 0.195312, 1.0)	75	10.372288950911452	0.286555537432204	0.284496639820849	0.7236983932926375
MdWfIbDeHtNiSoLa	Social	sub-16	NNLS	10	10.LimbicB	(0.476562, 0.527344, 0.195312, 1.0)	75	10.372288950911452	0.352142821900607	0.3479294072407555	1.2109969931158868
MdWfIbDeHtNiSoLa	Social	sub-17	NNLS	10	10.LimbicB	(0.476562, 0.527344, 0.195312, 1.0)	75	10.372288950911452	0.3094534992764564	0.3117553477045037	-0.7383509040008882
MdWfIbDeHtNiSoLa	Social	sub-18	NNLS	10	10.LimbicB	(0.476562, 0.527344, 0.195312, 1.0)	75	10.372288950911452	0.1204485301269395	0.11743094938033664	2.569663928058251
MdWfIbDeHtNiSoLa	Social	sub-19	NNLS	10	10.LimbicB	(0.476562, 0.527344, 0.195312, 1.0)	75	10.372288950911452	0.17768833286265626	0.18221721441608746	-2.48543013235272
MdWfIbDeHtNiSoLa	Social	sub-20	NNLS	10	10.LimbicB	(0.476562, 0.527344, 0.195312, 1.0)	75	10.372288950911452	0.35098304355644355	0.35148971761473946	-0.14415046384123908
MdWfIbDeHtNiSoLa	Social	sub-21	NNLS	10	10.LimbicB	(0.476562, 0.527344, 0.195312, 1.0)	75	10.372288950911452	0.33963570176506025	0.33532030536012875	1.2869475352221322
MdWfIbDeHtNiSoLa	Social	sub-22	NNLS	10	10.LimbicB	(0.476562, 0.527344, 0.195312, 1.0)	75	10.372288950911452	0.1489726527617515	0.14612875356047808	1.9461598980220036
MdWfIbDeHtNiSoLa	Social	sub-24	NNLS	10	10.LimbicB	(0.476562, 0.527344, 0.195312, 1.0)	75	10.372288950911452	0.05652758662773292	0.06016172183125878	-6.04061036304589
MdWfIbDeHtNiSoLa	Social	sub-25	NNLS	10	10.LimbicB	(0.476562, 0.527344, 0.195312, 1.0)	75	10.372288950911452	0.5001586173147208	0.49321604170218897	1.4076135051430134
MdWfIbDeHtNiSoLa	Social	sub-26	NNLS	10	10.LimbicB	(0.476562, 0.527344, 0.195312, 1.0)	75	10.372288950911452	0.2733476611809608	0.27166425696568125	0.619663489809862
MdWfIbDeHtNiSoLa	Social	sub-27	NNLS	10	10.LimbicB	(0.476562, 0.527344, 0.195312, 1.0)	75	10.372288950911452	0.45187024384978997	0.4480884962485041	0.8439733742212716
MdWfIbDeHtNiSoLa	Social	sub-03	NNLS	11	11.ControlC	(0.464844, 0.546875, 0.6875, 1.0)	43	1.2893331927286558	0.06543212205397973	0.06507664084942259	0.5462500828518009
MdWfIbDeHtNiSoLa	Social	sub-04	NNLS	11	11.ControlC	(0.464844, 0.546875, 0.6875, 1.0)	43	1.2893331927286558	0.3406464116875966	0.34097738627144697	-0.09706643231375833
MdWfIbDeHtNiSoLa	Social	sub-05	NNLS	11	11.ControlC	(0.464844, 0.546875, 0.6875, 1.0)	43	1.2893331927286558	0.11595897776571554	0.11632063379464608	-0.31091304881386095
MdWfIbDeHtNiSoLa	Social	sub-07	NNLS	11	11.ControlC	(0.464844, 0.546875, 0.6875, 1.0)	43	1.2893331927286558	0.30691054566275666	0.30731457821773345	-0.13147197810138603
MdWfIbDeHtNiSoLa	Social	sub-08	NNLS	11	11.ControlC	(0.464844, 0.546875, 0.6875, 1.0)	43	1.2893331927286558	0.3860427243997926	0.385747182177359	0.07661552335014193
MdWfIbDeHtNiSoLa	Social	sub-09	NNLS	11	11.ControlC	(0.464844, 0.546875, 0.6875, 1.0)	43	1.2893331927286558	0.2676420708251439	0.2676187714903211	0.008706166123199407
MdWfIbDeHtNiSoLa	Social	sub-10	NNLS	11	11.ControlC	(0.464844, 0.546875, 0.6875, 1.0)	43	1.2893331927286558	0.23552174575304521	0.23477939056003952	0.3161926569597489
MdWfIbDeHtNiSoLa	Social	sub-11	NNLS	11	11.ControlC	(0.464844, 0.546875, 0.6875, 1.0)	43	1.2893331927286558	0.08768376967866087	0.08731217868391108	0.4255889617587336
MdWfIbDeHtNiSoLa	Social	sub-12	NNLS	11	11.ControlC	(0.464844, 0.546875, 0.6875, 1.0)	43	1.2893331927286558	0.13936723783770444	0.13909059971643656	0.1988905949301113
MdWfIbDeHtNiSoLa	Social	sub-13	NNLS	11	11.ControlC	(0.464844, 0.546875, 0.6875, 1.0)	43	1.2893331927286558	0.15120139678782343	0.15188632907045263	-0.4509505804906842
MdWfIbDeHtNiSoLa	Social	sub-14	NNLS	11	11.ControlC	(0.464844, 0.546875, 0.6875, 1.0)	43	1.2893331927286558	0.28464391161132513	0.284496639820849	0.05176573985860508
MdWfIbDeHtNiSoLa	Social	sub-16	NNLS	11	11.ControlC	(0.464844, 0.546875, 0.6875, 1.0)	43	1.2893331927286558	0.34757797505361826	0.3479294072407555	-0.10100675016931113
MdWfIbDeHtNiSoLa	Social	sub-17	NNLS	11	11.ControlC	(0.464844, 0.546875, 0.6875, 1.0)	43	1.2893331927286558	0.31167549084329904	0.3117553477045037	-0.02561523380196977
MdWfIbDeHtNiSoLa	Social	sub-18	NNLS	11	11.ControlC	(0.464844, 0.546875, 0.6875, 1.0)	43	1.2893331927286558	0.11723929387666586	0.11743094938033664	-0.16320697795778571
MdWfIbDeHtNiSoLa	Social	sub-19	NNLS	11	11.ControlC	(0.464844, 0.546875, 0.6875, 1.0)	43	1.2893331927286558	0.1819606934119315	0.18221721441608746	-0.14077759062335626
MdWfIbDeHtNiSoLa	Social	sub-20	NNLS	11	11.ControlC	(0.464844, 0.546875, 0.6875, 1.0)	43	1.2893331927286558	0.35149703167254287	0.35148971761473946	0.002080873902384251
MdWfIbDeHtNiSoLa	Social	sub-21	NNLS	11	11.ControlC	(0.464844, 0.546875, 0.6875, 1.0)	43	1.2893331927286558	0.33535638518319144	0.33532030536012875	0.010759808602687089
MdWfIbDeHtNiSoLa	Social	sub-22	NNLS	11	11.ControlC	(0.464844, 0.546875, 0.6875, 1.0)	43	1.2893331927286558	0.14638296644157503	0.14612875356047808	0.17396499655472555
MdWfIbDeHtNiSoLa	Social	sub-24	NNLS	11	11.ControlC	(0.464844, 0.546875, 0.6875, 1.0)	43	1.2893331927286558	0.06055124834852947	0.06016172183125878	0.6474657064557332
MdWfIbDeHtNiSoLa	Social	sub-25	NNLS	11	11.ControlC	(0.464844, 0.546875, 0.6875, 1.0)	43	1.2893331927286558	0.4928132816559729	0.49321604170218897	-0.08165996483530455
MdWfIbDeHtNiSoLa	Social	sub-26	NNLS	11	11.ControlC	(0.464844, 0.546875, 0.6875, 1.0)	43	1.2893331927286558	0.272054766552414	0.27166425696568125	0.14374713519345647
MdWfIbDeHtNiSoLa	Social	sub-27	NNLS	11	11.ControlC	(0.464844, 0.546875, 0.6875, 1.0)	43	1.2893331927286558	0.4478747441044417	0.4480884962485041	-0.0477031090625992
MdWfIbDeHtNiSoLa	Social	sub-03	NNLS	12	12.ControlA	(0.898438, 0.578125, 0.132812, 1.0)	109	11.278740319901155	0.06346579564096208	0.06507664084942259	-2.4753047905280825
MdWfIbDeHtNiSoLa	Social	sub-04	NNLS	12	12.ControlA	(0.898438, 0.578125, 0.132812, 1.0)	109	11.278740319901155	0.341576054956143	0.34097738627144697	0.17557430750538258
MdWfIbDeHtNiSoLa	Social	sub-05	NNLS	12	12.ControlA	(0.898438, 0.578125, 0.132812, 1.0)	109	11.278740319901155	0.11689730387172598	0.11632063379464608	0.49575905689953514
MdWfIbDeHtNiSoLa	Social	sub-07	NNLS	12	12.ControlA	(0.898438, 0.578125, 0.132812, 1.0)	109	11.278740319901155	0.30532400962291634	0.30731457821773345	-0.6477299600823966
MdWfIbDeHtNiSoLa	Social	sub-08	NNLS	12	12.ControlA	(0.898438, 0.578125, 0.132812, 1.0)	109	11.278740319901155	0.38426097471741044	0.385747182177359	-0.38528018573191075
MdWfIbDeHtNiSoLa	Social	sub-09	NNLS	12	12.ControlA	(0.898438, 0.578125, 0.132812, 1.0)	109	11.278740319901155	0.26356945770384993	0.2676187714903211	-1.5130903426247944
MdWfIbDeHtNiSoLa	Social	sub-10	NNLS	12	12.ControlA	(0.898438, 0.578125, 0.132812, 1.0)	109	11.278740319901155	0.23863132646868312	0.23477939056003952	1.640661856841544
MdWfIbDeHtNiSoLa	Social	sub-11	NNLS	12	12.ControlA	(0.898438, 0.578125, 0.132812, 1.0)	109	11.278740319901155	0.08897804027721613	0.08731217868391108	1.9079372642112469
MdWfIbDeHtNiSoLa	Social	sub-12	NNLS	12	12.ControlA	(0.898438, 0.578125, 0.132812, 1.0)	109	11.278740319901155	0.14038227045682133	0.13909059971643656	0.9286542318590184
MdWfIbDeHtNiSoLa	Social	sub-13	NNLS	12	12.ControlA	(0.898438, 0.578125, 0.132812, 1.0)	109	11.278740319901155	0.15085089783671055	0.15188632907045263	-0.6817145690984464
MdWfIbDeHtNiSoLa	Social	sub-14	NNLS	12	12.ControlA	(0.898438, 0.578125, 0.132812, 1.0)	109	11.278740319901155	0.2850025084853388	0.284496639820849	0.17781182400198772
MdWfIbDeHtNiSoLa	Social	sub-16	NNLS	12	12.ControlA	(0.898438, 0.578125, 0.132812, 1.0)	109	11.278740319901155	0.3470455826865628	0.3479294072407555	-0.254024102533274
MdWfIbDeHtNiSoLa	Social	sub-17	NNLS	12	12.ControlA	(0.898438, 0.578125, 0.132812, 1.0)	109	11.278740319901155	0.31456744312487284	0.3117553477045037	0.9020199464339512
MdWfIbDeHtNiSoLa	Social	sub-18	NNLS	12	12.ControlA	(0.898438, 0.578125, 0.132812, 1.0)	109	11.278740319901155	0.11717146582051556	0.11743094938033664	-0.22096692668358234
MdWfIbDeHtNiSoLa	Social	sub-19	NNLS	12	12.ControlA	(0.898438, 0.578125, 0.132812, 1.0)	109	11.278740319901155	0.18343583181581888	0.18221721441608746	0.6687718301678919
MdWfIbDeHtNiSoLa	Social	sub-20	NNLS	12	12.ControlA	(0.898438, 0.578125, 0.132812, 1.0)	109	11.278740319901155	0.35015215673503636	0.35148971761473946	-0.3805405429154477
MdWfIbDeHtNiSoLa	Social	sub-21	NNLS	12	12.ControlA	(0.898438, 0.578125, 0.132812, 1.0)	109	11.278740319901155	0.3340661080167401	0.33532030536012875	-0.3740296436989329
MdWfIbDeHtNiSoLa	Social	sub-22	NNLS	12	12.ControlA	(0.898438, 0.578125, 0.132812, 1.0)	109	11.278740319901155	0.14593626943333576	0.14612875356047808	-0.13172228083274118
MdWfIbDeHtNiSoLa	Social	sub-24	NNLS	12	12.ControlA	(0.898438, 0.578125, 0.132812, 1.0)	109	11.278740319901155	0.05856250834507274	0.06016172183125878	-2.6581910183214204
MdWfIbDeHtNiSoLa	Social	sub-25	NNLS	12	12.ControlA	(0.898438, 0.578125, 0.132812, 1.0)	109	11.278740319901155	0.497331999539987	0.49321604170218897	0.8345141864390803
MdWfIbDeHtNiSoLa	Social	sub-26	NNLS	12	12.ControlA	(0.898438, 0.578125, 0.132812, 1.0)	109	11.278740319901155	0.27234282730951126	0.27166425696568125	0.24978271025022322
MdWfIbDeHtNiSoLa	Social	sub-27	NNLS	12	12.ControlA	(0.898438, 0.578125, 0.132812, 1.0)	109	11.278740319901155	0.4449390145485823	0.4480884962485041	-0.7028704656089039
MdWfIbDeHtNiSoLa	Social	sub-03	NNLS	13	13.ControlB	(0.527344, 0.195312, 0.289062, 1.0)	100	6.3927524614666655	0.060220775823476805	0.06507664084942259	-7.461763487733668
MdWfIbDeHtNiSoLa	Social	sub-04	NNLS	13	13.ControlB	(0.527344, 0.195312, 0.289062, 1.0)	100	6.3927524614666655	0.33923397503398556	0.34097738627144697	-0.5112981997209365
MdWfIbDeHtNiSoLa	Social	sub-05	NNLS	13	13.ControlB	(0.527344, 0.195312, 0.289062, 1.0)	100	6.3927524614666655	0.11604038932255586	0.11632063379464608	-0.2409241275154675
MdWfIbDeHtNiSoLa	Social	sub-07	NNLS	13	13.ControlB	(0.527344, 0.195312, 0.289062, 1.0)	100	6.3927524614666655	0.30750782550415007	0.30731457821773345	0.06288256402848022
MdWfIbDeHtNiSoLa	Social	sub-08	NNLS	13	13.ControlB	(0.527344, 0.195312, 0.289062, 1.0)	100	6.3927524614666655	0.38661921161603935	0.385747182177359	0.22606242610980998
MdWfIbDeHtNiSoLa	Social	sub-09	NNLS	13	13.ControlB	(0.527344, 0.195312, 0.289062, 1.0)	100	6.3927524614666655	0.26695011653224865	0.2676187714903211	-0.24985353394637663
MdWfIbDeHtNiSoLa	Social	sub-10	NNLS	13	13.ControlB	(0.527344, 0.195312, 0.289062, 1.0)	100	6.3927524614666655	0.2322176511664829	0.23477939056003952	-1.091126179110472
MdWfIbDeHtNiSoLa	Social	sub-11	NNLS	13	13.ControlB	(0.527344, 0.195312, 0.289062, 1.0)	100	6.3927524614666655	0.0903002504656751	0.08731217868391108	3.4222852147367364
MdWfIbDeHtNiSoLa	Social	sub-12	NNLS	13	13.ControlB	(0.527344, 0.195312, 0.289062, 1.0)	100	6.3927524614666655	0.1372719617712966	0.13909059971643656	-1.30752038516449
MdWfIbDeHtNiSoLa	Social	sub-13	NNLS	13	13.ControlB	(0.527344, 0.195312, 0.289062, 1.0)	100	6.3927524614666655	0.15176177923265124	0.15188632907045263	-0.08200200673993038
MdWfIbDeHtNiSoLa	Social	sub-14	NNLS	13	13.ControlB	(0.527344, 0.195312, 0.289062, 1.0)	100	6.3927524614666655	0.2812307277447383	0.284496639820849	-1.1479615640336898
MdWfIbDeHtNiSoLa	Social	sub-16	NNLS	13	13.ControlB	(0.527344, 0.195312, 0.289062, 1.0)	100	6.3927524614666655	0.34731104341147284	0.3479294072407555	-0.17772680791387263
MdWfIbDeHtNiSoLa	Social	sub-17	NNLS	13	13.ControlB	(0.527344, 0.195312, 0.289062, 1.0)	100	6.3927524614666655	0.3123984857805381	0.3117553477045037	0.20629576389624116
MdWfIbDeHtNiSoLa	Social	sub-18	NNLS	13	13.ControlB	(0.527344, 0.195312, 0.289062, 1.0)	100	6.3927524614666655	0.11937208926387077	0.11743094938033664	1.6530053565752452
MdWfIbDeHtNiSoLa	Social	sub-19	NNLS	13	13.ControlB	(0.527344, 0.195312, 0.289062, 1.0)	100	6.3927524614666655	0.18260218270702708	0.18221721441608746	0.21126889255400189
MdWfIbDeHtNiSoLa	Social	sub-20	NNLS	13	13.ControlB	(0.527344, 0.195312, 0.289062, 1.0)	100	6.3927524614666655	0.35300846574138767	0.35148971761473946	0.43208892053931264
MdWfIbDeHtNiSoLa	Social	sub-21	NNLS	13	13.ControlB	(0.527344, 0.195312, 0.289062, 1.0)	100	6.3927524614666655	0.33464075956211664	0.33532030536012875	-0.2026557256299415
MdWfIbDeHtNiSoLa	Social	sub-22	NNLS	13	13.ControlB	(0.527344, 0.195312, 0.289062, 1.0)	100	6.3927524614666655	0.14517822076974984	0.14612875356047808	-0.6504762187921087
MdWfIbDeHtNiSoLa	Social	sub-24	NNLS	13	13.ControlB	(0.527344, 0.195312, 0.289062, 1.0)	100	6.3927524614666655	0.05874177511743054	0.06016172183125878	-2.3602162149063743
MdWfIbDeHtNiSoLa	Social	sub-25	NNLS	13	13.ControlB	(0.527344, 0.195312, 0.289062, 1.0)	100	6.3927524614666655	0.4968541644057693	0.49321604170218897	0.7376326793882098
MdWfIbDeHtNiSoLa	Social	sub-26	NNLS	13	13.ControlB	(0.527344, 0.195312, 0.289062, 1.0)	100	6.3927524614666655	0.2739181736177635	0.27166425696568125	0.8296699305448109
MdWfIbDeHtNiSoLa	Social	sub-27	NNLS	13	13.ControlB	(0.527344, 0.195312, 0.289062, 1.0)	100	6.3927524614666655	0.4483981993790589	0.4480884962485041	0.06911651005274332
MdWfIbDeHtNiSoLa	Social	sub-03	NNLS	14	14.TemporalParietal	(0.046875, 0.1875, 0.996094, 1.0)	66	3.5481076471022788	0.06486421562147328	0.06507664084942259	-0.3264231607172748
MdWfIbDeHtNiSoLa	Social	sub-04	NNLS	14	14.TemporalParietal	(0.046875, 0.1875, 0.996094, 1.0)	66	3.5481076471022788	0.3376059330959048	0.34097738627144697	-0.9887615165359375
MdWfIbDeHtNiSoLa	Social	sub-05	NNLS	14	14.TemporalParietal	(0.046875, 0.1875, 0.996094, 1.0)	66	3.5481076471022788	0.1141123069130192	0.11632063379464608	-1.8984825044243547
MdWfIbDeHtNiSoLa	Social	sub-07	NNLS	14	14.TemporalParietal	(0.046875, 0.1875, 0.996094, 1.0)	66	3.5481076471022788	0.30503265654053663	0.30731457821773345	-0.7425360978417591
MdWfIbDeHtNiSoLa	Social	sub-08	NNLS	14	14.TemporalParietal	(0.046875, 0.1875, 0.996094, 1.0)	66	3.5481076471022788	0.38737323852996364	0.385747182177359	0.4215342140482638
MdWfIbDeHtNiSoLa	Social	sub-09	NNLS	14	14.TemporalParietal	(0.046875, 0.1875, 0.996094, 1.0)	66	3.5481076471022788	0.2705309215708032	0.2676187714903211	1.0881710816714687
MdWfIbDeHtNiSoLa	Social	sub-10	NNLS	14	14.TemporalParietal	(0.046875, 0.1875, 0.996094, 1.0)	66	3.5481076471022788	0.23744066828842525	0.23477939056003952	1.1335227176616973
MdWfIbDeHtNiSoLa	Social	sub-11	NNLS	14	14.TemporalParietal	(0.046875, 0.1875, 0.996094, 1.0)	66	3.5481076471022788	0.08957716862978986	0.08731217868391108	2.5941283106432667
MdWfIbDeHtNiSoLa	Social	sub-12	NNLS	14	14.TemporalParietal	(0.046875, 0.1875, 0.996094, 1.0)	66	3.5481076471022788	0.13647130541619162	0.13909059971643656	-1.8831569535143848
MdWfIbDeHtNiSoLa	Social	sub-13	NNLS	14	14.TemporalParietal	(0.046875, 0.1875, 0.996094, 1.0)	66	3.5481076471022788	0.14855466187119656	0.15188632907045263	-2.193526711486107
MdWfIbDeHtNiSoLa	Social	sub-14	NNLS	14	14.TemporalParietal	(0.046875, 0.1875, 0.996094, 1.0)	66	3.5481076471022788	0.28291885917971754	0.284496639820849	-0.5545867403302205
MdWfIbDeHtNiSoLa	Social	sub-16	NNLS	14	14.TemporalParietal	(0.046875, 0.1875, 0.996094, 1.0)	66	3.5481076471022788	0.34278959156461997	0.3479294072407555	-1.4772581935216957
MdWfIbDeHtNiSoLa	Social	sub-17	NNLS	14	14.TemporalParietal	(0.046875, 0.1875, 0.996094, 1.0)	66	3.5481076471022788	0.30995223996119065	0.3117553477045037	-0.5783726747879616
MdWfIbDeHtNiSoLa	Social	sub-18	NNLS	14	14.TemporalParietal	(0.046875, 0.1875, 0.996094, 1.0)	66	3.5481076471022788	0.11745035679292151	0.11743094938033664	0.016526659017301455
MdWfIbDeHtNiSoLa	Social	sub-19	NNLS	14	14.TemporalParietal	(0.046875, 0.1875, 0.996094, 1.0)	66	3.5481076471022788	0.18549718817065597	0.18221721441608746	1.8000350653362478
MdWfIbDeHtNiSoLa	Social	sub-20	NNLS	14	14.TemporalParietal	(0.046875, 0.1875, 0.996094, 1.0)	66	3.5481076471022788	0.35254883396375386	0.35148971761473946	0.30132214285007186
MdWfIbDeHtNiSoLa	Social	sub-21	NNLS	14	14.TemporalParietal	(0.046875, 0.1875, 0.996094, 1.0)	66	3.5481076471022788	0.3318450513380504	0.33532030536012875	-1.0363983231930896
MdWfIbDeHtNiSoLa	Social	sub-22	NNLS	14	14.TemporalParietal	(0.046875, 0.1875, 0.996094, 1.0)	66	3.5481076471022788	0.1411932090853044	0.14612875356047808	-3.37753135842018
MdWfIbDeHtNiSoLa	Social	sub-24	NNLS	14	14.TemporalParietal	(0.046875, 0.1875, 0.996094, 1.0)	66	3.5481076471022788	0.061193385665225204	0.06016172183125878	1.7148176657244454
MdWfIbDeHtNiSoLa	Social	sub-25	NNLS	14	14.TemporalParietal	(0.046875, 0.1875, 0.996094, 1.0)	66	3.5481076471022788	0.4860870130041254	0.49321604170218897	-1.4454170374223554
MdWfIbDeHtNiSoLa	Social	sub-26	NNLS	14	14.TemporalParietal	(0.046875, 0.1875, 0.996094, 1.0)	66	3.5481076471022788	0.26846121844985826	0.27166425696568125	-1.1790430406999106
MdWfIbDeHtNiSoLa	Social	sub-27	NNLS	14	14.TemporalParietal	(0.046875, 0.1875, 0.996094, 1.0)	66	3.5481076471022788	0.4476261877365602	0.4480884962485041	-0.10317348376815016
MdWfIbDeHtNiSoLa	Social	sub-03	NNLS	15	15.DefaultC	(0.0, 0.0, 0.507812, 1.0)	46	0.5030542948091524	0.06472843096959006	0.06507664084942259	-0.5350766039664414
MdWfIbDeHtNiSoLa	Social	sub-04	NNLS	15	15.DefaultC	(0.0, 0.0, 0.507812, 1.0)	46	0.5030542948091524	0.34069405932735025	0.34097738627144697	-0.08309259074182872
MdWfIbDeHtNiSoLa	Social	sub-05	NNLS	15	15.DefaultC	(0.0, 0.0, 0.507812, 1.0)	46	0.5030542948091524	0.11643296778239441	0.11632063379464608	0.09657270948733786
MdWfIbDeHtNiSoLa	Social	sub-07	NNLS	15	15.DefaultC	(0.0, 0.0, 0.507812, 1.0)	46	0.5030542948091524	0.3073906775316496	0.30731457821773345	0.02476267619893071
MdWfIbDeHtNiSoLa	Social	sub-08	NNLS	15	15.DefaultC	(0.0, 0.0, 0.507812, 1.0)	46	0.5030542948091524	0.3858016795190382	0.385747182177359	0.01412773552138881
MdWfIbDeHtNiSoLa	Social	sub-09	NNLS	15	15.DefaultC	(0.0, 0.0, 0.507812, 1.0)	46	0.5030542948091524	0.26775647684394893	0.2676187714903211	0.05145579021268975
MdWfIbDeHtNiSoLa	Social	sub-10	NNLS	15	15.DefaultC	(0.0, 0.0, 0.507812, 1.0)	46	0.5030542948091524	0.23501352852193172	0.23477939056003952	0.09972679515595075
MdWfIbDeHtNiSoLa	Social	sub-11	NNLS	15	15.DefaultC	(0.0, 0.0, 0.507812, 1.0)	46	0.5030542948091524	0.08758417385823333	0.08731217868391108	0.31152031528949625
MdWfIbDeHtNiSoLa	Social	sub-12	NNLS	15	15.DefaultC	(0.0, 0.0, 0.507812, 1.0)	46	0.5030542948091524	0.13924726079959787	0.13909059971643656	0.11263240181629663
MdWfIbDeHtNiSoLa	Social	sub-13	NNLS	15	15.DefaultC	(0.0, 0.0, 0.507812, 1.0)	46	0.5030542948091524	0.15158695928656415	0.15188632907045263	-0.1971012043813454
MdWfIbDeHtNiSoLa	Social	sub-14	NNLS	15	15.DefaultC	(0.0, 0.0, 0.507812, 1.0)	46	0.5030542948091524	0.2842021203662838	0.284496639820849	-0.10352299934040499
MdWfIbDeHtNiSoLa	Social	sub-16	NNLS	15	15.DefaultC	(0.0, 0.0, 0.507812, 1.0)	46	0.5030542948091524	0.3476133601621964	0.3479294072407555	-0.09083655246778138
MdWfIbDeHtNiSoLa	Social	sub-17	NNLS	15	15.DefaultC	(0.0, 0.0, 0.507812, 1.0)	46	0.5030542948091524	0.31153562476436875	0.3117553477045037	-0.07047928503963029
MdWfIbDeHtNiSoLa	Social	sub-18	NNLS	15	15.DefaultC	(0.0, 0.0, 0.507812, 1.0)	46	0.5030542948091524	0.11743369738803425	0.11743094938033664	0.0023401051529465438
MdWfIbDeHtNiSoLa	Social	sub-19	NNLS	15	15.DefaultC	(0.0, 0.0, 0.507812, 1.0)	46	0.5030542948091524	0.18211970716303624	0.18221721441608746	-0.0535115484910008
MdWfIbDeHtNiSoLa	Social	sub-20	NNLS	15	15.DefaultC	(0.0, 0.0, 0.507812, 1.0)	46	0.5030542948091524	0.351398006669006	0.35148971761473946	-0.026092070731349545
MdWfIbDeHtNiSoLa	Social	sub-21	NNLS	15	15.DefaultC	(0.0, 0.0, 0.507812, 1.0)	46	0.5030542948091524	0.3352461105293353	0.33532030536012875	-0.02212655470230989
MdWfIbDeHtNiSoLa	Social	sub-22	NNLS	15	15.DefaultC	(0.0, 0.0, 0.507812, 1.0)	46	0.5030542948091524	0.14608769064657204	0.14612875356047808	-0.02810050240320972
MdWfIbDeHtNiSoLa	Social	sub-24	NNLS	15	15.DefaultC	(0.0, 0.0, 0.507812, 1.0)	46	0.5030542948091524	0.06034648559471196	0.06016172183125878	0.30711182763585854
MdWfIbDeHtNiSoLa	Social	sub-25	NNLS	15	15.DefaultC	(0.0, 0.0, 0.507812, 1.0)	46	0.5030542948091524	0.4930332103190239	0.49321604170218897	-0.037069228838149976
MdWfIbDeHtNiSoLa	Social	sub-26	NNLS	15	15.DefaultC	(0.0, 0.0, 0.507812, 1.0)	46	0.5030542948091524	0.2719390926520723	0.27166425696568125	0.10116740768946568
MdWfIbDeHtNiSoLa	Social	sub-27	NNLS	15	15.DefaultC	(0.0, 0.0, 0.507812, 1.0)	46	0.5030542948091524	0.4480399420888556	0.4480884962485041	-0.01083584159267672
MdWfIbDeHtNiSoLa	Social	sub-03	NNLS	16	16.DefaultA	(0.996094, 0.996094, 0.0, 1.0)	154	3.541584890962007	0.06477128870797683	0.06507664084942259	-0.46921927355209503
MdWfIbDeHtNiSoLa	Social	sub-04	NNLS	16	16.DefaultA	(0.996094, 0.996094, 0.0, 1.0)	154	3.541584890962007	0.33963720062083697	0.34097738627144697	-0.3930423847941348
MdWfIbDeHtNiSoLa	Social	sub-05	NNLS	16	16.DefaultA	(0.996094, 0.996094, 0.0, 1.0)	154	3.541584890962007	0.11460891746030911	0.11632063379464608	-1.471550041034722
MdWfIbDeHtNiSoLa	Social	sub-07	NNLS	16	16.DefaultA	(0.996094, 0.996094, 0.0, 1.0)	154	3.541584890962007	0.30482994655361123	0.30731457821773345	-0.8084978195736118
MdWfIbDeHtNiSoLa	Social	sub-08	NNLS	16	16.DefaultA	(0.996094, 0.996094, 0.0, 1.0)	154	3.541584890962007	0.38910582385815434	0.385747182177359	0.870684696084474
MdWfIbDeHtNiSoLa	Social	sub-09	NNLS	16	16.DefaultA	(0.996094, 0.996094, 0.0, 1.0)	154	3.541584890962007	0.2690440444559202	0.2676187714903211	0.5325758569408221
MdWfIbDeHtNiSoLa	Social	sub-10	NNLS	16	16.DefaultA	(0.996094, 0.996094, 0.0, 1.0)	154	3.541584890962007	0.23284322001673227	0.23477939056003952	-0.8246765351459227
MdWfIbDeHtNiSoLa	Social	sub-11	NNLS	16	16.DefaultA	(0.996094, 0.996094, 0.0, 1.0)	154	3.541584890962007	0.08748272312755653	0.08731217868391108	0.19532721118190863
MdWfIbDeHtNiSoLa	Social	sub-12	NNLS	16	16.DefaultA	(0.996094, 0.996094, 0.0, 1.0)	154	3.541584890962007	0.13787349993676465	0.13909059971643656	-0.8750410035999601
MdWfIbDeHtNiSoLa	Social	sub-13	NNLS	16	16.DefaultA	(0.996094, 0.996094, 0.0, 1.0)	154	3.541584890962007	0.1491627634575337	0.15188632907045263	-1.7931604704565558
MdWfIbDeHtNiSoLa	Social	sub-14	NNLS	16	16.DefaultA	(0.996094, 0.996094, 0.0, 1.0)	154	3.541584890962007	0.2861423411334732	0.284496639820849	0.5784607205415578
MdWfIbDeHtNiSoLa	Social	sub-16	NNLS	16	16.DefaultA	(0.996094, 0.996094, 0.0, 1.0)	154	3.541584890962007	0.3477093171950928	0.3479294072407555	-0.06325709787169757
MdWfIbDeHtNiSoLa	Social	sub-17	NNLS	16	16.DefaultA	(0.996094, 0.996094, 0.0, 1.0)	154	3.541584890962007	0.31223527434618786	0.3117553477045037	0.15394335501152864
MdWfIbDeHtNiSoLa	Social	sub-18	NNLS	16	16.DefaultA	(0.996094, 0.996094, 0.0, 1.0)	154	3.541584890962007	0.11868056774210907	0.11743094938033664	1.064130340737643
MdWfIbDeHtNiSoLa	Social	sub-19	NNLS	16	16.DefaultA	(0.996094, 0.996094, 0.0, 1.0)	154	3.541584890962007	0.18592003110859295	0.18221721441608746	2.0320893963674727
MdWfIbDeHtNiSoLa	Social	sub-20	NNLS	16	16.DefaultA	(0.996094, 0.996094, 0.0, 1.0)	154	3.541584890962007	0.352485030415278	0.35148971761473946	0.28316981995743384
MdWfIbDeHtNiSoLa	Social	sub-21	NNLS	16	16.DefaultA	(0.996094, 0.996094, 0.0, 1.0)	154	3.541584890962007	0.3343432481948004	0.33532030536012875	-0.2913802563429678
MdWfIbDeHtNiSoLa	Social	sub-22	NNLS	16	16.DefaultA	(0.996094, 0.996094, 0.0, 1.0)	154	3.541584890962007	0.14534574367213415	0.14612875356047808	-0.5358356033741603
MdWfIbDeHtNiSoLa	Social	sub-24	NNLS	16	16.DefaultA	(0.996094, 0.996094, 0.0, 1.0)	154	3.541584890962007	0.05851496674026052	0.06016172183125878	-2.7372140305709096
MdWfIbDeHtNiSoLa	Social	sub-25	NNLS	16	16.DefaultA	(0.996094, 0.996094, 0.0, 1.0)	154	3.541584890962007	0.4926126856516461	0.49321604170218897	-0.12233098673363146
MdWfIbDeHtNiSoLa	Social	sub-26	NNLS	16	16.DefaultA	(0.996094, 0.996094, 0.0, 1.0)	154	3.541584890962007	0.2713937785781225	0.27166425696568125	-0.09956347978191872
MdWfIbDeHtNiSoLa	Social	sub-27	NNLS	16	16.DefaultA	(0.996094, 0.996094, 0.0, 1.0)	154	3.541584890962007	0.44621309144472804	0.4480884962485041	-0.41853446796277394
MdWfIbDeHtNiSoLa	Social	sub-03	NNLS	17	17.DefaultB	(0.800781, 0.242188, 0.304688, 1.0)	148	6.665643629467228	0.07057962541885315	0.06507664084942259	8.45615953374672
MdWfIbDeHtNiSoLa	Social	sub-04	NNLS	17	17.DefaultB	(0.800781, 0.242188, 0.304688, 1.0)	148	6.665643629467228	0.34592763151169426	0.34097738627144697	1.4517810973852883
MdWfIbDeHtNiSoLa	Social	sub-05	NNLS	17	17.DefaultB	(0.800781, 0.242188, 0.304688, 1.0)	148	6.665643629467228	0.11474132076516487	0.11632063379464608	-1.3577238860900185
MdWfIbDeHtNiSoLa	Social	sub-07	NNLS	17	17.DefaultB	(0.800781, 0.242188, 0.304688, 1.0)	148	6.665643629467228	0.30808742946101414	0.30731457821773345	0.25148538275106636
MdWfIbDeHtNiSoLa	Social	sub-08	NNLS	17	17.DefaultB	(0.800781, 0.242188, 0.304688, 1.0)	148	6.665643629467228	0.38055347057254724	0.385747182177359	-1.3464029926273782
MdWfIbDeHtNiSoLa	Social	sub-09	NNLS	17	17.DefaultB	(0.800781, 0.242188, 0.304688, 1.0)	148	6.665643629467228	0.2748303719537189	0.2676187714903211	2.6947289322186525
MdWfIbDeHtNiSoLa	Social	sub-10	NNLS	17	17.DefaultB	(0.800781, 0.242188, 0.304688, 1.0)	148	6.665643629467228	0.2303531447918451	0.23477939056003952	-1.8852786684709057
MdWfIbDeHtNiSoLa	Social	sub-11	NNLS	17	17.DefaultB	(0.800781, 0.242188, 0.304688, 1.0)	148	6.665643629467228	0.07561345116714537	0.08731217868391108	-13.398735082671154
MdWfIbDeHtNiSoLa	Social	sub-12	NNLS	17	17.DefaultB	(0.800781, 0.242188, 0.304688, 1.0)	148	6.665643629467228	0.1473095881001973	0.13909059971643656	5.909089759133073
MdWfIbDeHtNiSoLa	Social	sub-13	NNLS	17	17.DefaultB	(0.800781, 0.242188, 0.304688, 1.0)	148	6.665643629467228	0.15306826191238726	0.15188632907045263	0.7781693383256296
MdWfIbDeHtNiSoLa	Social	sub-14	NNLS	17	17.DefaultB	(0.800781, 0.242188, 0.304688, 1.0)	148	6.665643629467228	0.28781512424802497	0.284496639820849	1.166440640306213
MdWfIbDeHtNiSoLa	Social	sub-16	NNLS	17	17.DefaultB	(0.800781, 0.242188, 0.304688, 1.0)	148	6.665643629467228	0.35066884107462926	0.3479294072407555	0.787353347220278
MdWfIbDeHtNiSoLa	Social	sub-17	NNLS	17	17.DefaultB	(0.800781, 0.242188, 0.304688, 1.0)	148	6.665643629467228	0.3127892131654709	0.3117553477045037	0.33162717771474365
MdWfIbDeHtNiSoLa	Social	sub-18	NNLS	17	17.DefaultB	(0.800781, 0.242188, 0.304688, 1.0)	148	6.665643629467228	0.11231272225328738	0.11743094938033664	-4.358499317307138
MdWfIbDeHtNiSoLa	Social	sub-19	NNLS	17	17.DefaultB	(0.800781, 0.242188, 0.304688, 1.0)	148	6.665643629467228	0.18135968440391817	0.18221721441608746	-0.47060867158859365
MdWfIbDeHtNiSoLa	Social	sub-20	NNLS	17	17.DefaultB	(0.800781, 0.242188, 0.304688, 1.0)	148	6.665643629467228	0.34730610514386645	0.35148971761473946	-1.1902517374515578
MdWfIbDeHtNiSoLa	Social	sub-21	NNLS	17	17.DefaultB	(0.800781, 0.242188, 0.304688, 1.0)	148	6.665643629467228	0.33672378760564403	0.33532030536012875	0.4185497338158416
MdWfIbDeHtNiSoLa	Social	sub-22	NNLS	17	17.DefaultB	(0.800781, 0.242188, 0.304688, 1.0)	148	6.665643629467228	0.15316367303176645	0.14612875356047808	4.814192484285332
MdWfIbDeHtNiSoLa	Social	sub-24	NNLS	17	17.DefaultB	(0.800781, 0.242188, 0.304688, 1.0)	148	6.665643629467228	0.06234847304216472	0.06016172183125878	3.6347882745765245
MdWfIbDeHtNiSoLa	Social	sub-25	NNLS	17	17.DefaultB	(0.800781, 0.242188, 0.304688, 1.0)	148	6.665643629467228	0.48277264531674513	0.49321604170218897	-2.1174080935002744
MdWfIbDeHtNiSoLa	Social	sub-26	NNLS	17	17.DefaultB	(0.800781, 0.242188, 0.304688, 1.0)	148	6.665643629467228	0.27265551601307303	0.27166425696568125	0.3648838674853729
MdWfIbDeHtNiSoLa	Social	sub-27	NNLS	17	17.DefaultB	(0.800781, 0.242188, 0.304688, 1.0)	148	6.665643629467228	0.4464000653134877	0.4480884962485041	-0.3768074719954502
MdWfIbDeHtNiSoSc	Language	sub-01	NNLS	1	01.VisualA	(0.46875, 0.070312, 0.523438, 1.0)	125	2.8948844943823615	0.22489450223989674	0.22559762409451325	-0.3116707711079206
MdWfIbDeHtNiSoSc	Language	sub-02	NNLS	1	01.VisualA	(0.46875, 0.070312, 0.523438, 1.0)	125	2.8948844943823615	0.2584026949542189	0.25859438237709326	-0.07412667711969702
MdWfIbDeHtNiSoSc	Language	sub-03	NNLS	1	01.VisualA	(0.46875, 0.070312, 0.523438, 1.0)	125	2.8948844943823615	0.06574596157907825	0.06846047788338992	-3.965085240765281
MdWfIbDeHtNiSoSc	Language	sub-04	NNLS	1	01.VisualA	(0.46875, 0.070312, 0.523438, 1.0)	125	2.8948844943823615	0.3239702152007348	0.32662057694371077	-0.8114497156842349
MdWfIbDeHtNiSoSc	Language	sub-06	NNLS	1	01.VisualA	(0.46875, 0.070312, 0.523438, 1.0)	125	2.8948844943823615	0.35692978383767615	0.3578151781139556	-0.2474445832472346
MdWfIbDeHtNiSoSc	Language	sub-07	NNLS	1	01.VisualA	(0.46875, 0.070312, 0.523438, 1.0)	125	2.8948844943823615	0.4737381149312082	0.47450218412582285	-0.16102543258515947
MdWfIbDeHtNiSoSc	Language	sub-08	NNLS	1	01.VisualA	(0.46875, 0.070312, 0.523438, 1.0)	125	2.8948844943823615	0.3527986288175512	0.3534840753567601	-0.19391157537070916
MdWfIbDeHtNiSoSc	Language	sub-09	NNLS	1	01.VisualA	(0.46875, 0.070312, 0.523438, 1.0)	125	2.8948844943823615	0.3807151338545426	0.37896441067392966	0.46197561863382697
MdWfIbDeHtNiSoSc	Language	sub-10	NNLS	1	01.VisualA	(0.46875, 0.070312, 0.523438, 1.0)	125	2.8948844943823615	0.2358049998540492	0.23751971143810716	-0.7219239084099206
MdWfIbDeHtNiSoSc	Language	sub-12	NNLS	1	01.VisualA	(0.46875, 0.070312, 0.523438, 1.0)	125	2.8948844943823615	0.3573697017281011	0.35740734864540696	-0.010533336107533469
MdWfIbDeHtNiSoSc	Language	sub-13	NNLS	1	01.VisualA	(0.46875, 0.070312, 0.523438, 1.0)	125	2.8948844943823615	0.37820896553797834	0.37754426851981876	0.1760580344036356
MdWfIbDeHtNiSoSc	Language	sub-14	NNLS	1	01.VisualA	(0.46875, 0.070312, 0.523438, 1.0)	125	2.8948844943823615	0.38076008991214727	0.38223525359071314	-0.3859308278627371
MdWfIbDeHtNiSoSc	Language	sub-15	NNLS	1	01.VisualA	(0.46875, 0.070312, 0.523438, 1.0)	125	2.8948844943823615	0.4011262897333685	0.3999902833700953	0.28400848983176674
MdWfIbDeHtNiSoSc	Language	sub-16	NNLS	1	01.VisualA	(0.46875, 0.070312, 0.523438, 1.0)	125	2.8948844943823615	0.3657350009735196	0.3665084350038609	-0.2110276207785381
MdWfIbDeHtNiSoSc	Language	sub-17	NNLS	1	01.VisualA	(0.46875, 0.070312, 0.523438, 1.0)	125	2.8948844943823615	0.45215715317367716	0.4530434280122841	-0.19562690545924782
MdWfIbDeHtNiSoSc	Language	sub-18	NNLS	1	01.VisualA	(0.46875, 0.070312, 0.523438, 1.0)	125	2.8948844943823615	0.34130073147039075	0.34498340145453993	-1.0674919339951088
MdWfIbDeHtNiSoSc	Language	sub-19	NNLS	1	01.VisualA	(0.46875, 0.070312, 0.523438, 1.0)	125	2.8948844943823615	0.345398385775855	0.3468069182856661	-0.40614314061949786
MdWfIbDeHtNiSoSc	Language	sub-01	NNLS	2	02.VisualB	(0.996094, 0.0, 0.0, 1.0)	102	2.0386512410985462	0.2249578010530749	0.22559762409451325	-0.2836124910474735
MdWfIbDeHtNiSoSc	Language	sub-02	NNLS	2	02.VisualB	(0.996094, 0.0, 0.0, 1.0)	102	2.0386512410985462	0.25859427846161376	0.25859438237709326	-4.01847397239773e-05
MdWfIbDeHtNiSoSc	Language	sub-03	NNLS	2	02.VisualB	(0.996094, 0.0, 0.0, 1.0)	102	2.0386512410985462	0.07138849203219147	0.06846047788338992	4.276940855991235
MdWfIbDeHtNiSoSc	Language	sub-04	NNLS	2	02.VisualB	(0.996094, 0.0, 0.0, 1.0)	102	2.0386512410985462	0.32778501808698585	0.32662057694371077	0.3565118750848794
MdWfIbDeHtNiSoSc	Language	sub-06	NNLS	2	02.VisualB	(0.996094, 0.0, 0.0, 1.0)	102	2.0386512410985462	0.3569841990791243	0.3578151781139556	-0.2322369440031444
MdWfIbDeHtNiSoSc	Language	sub-07	NNLS	2	02.VisualB	(0.996094, 0.0, 0.0, 1.0)	102	2.0386512410985462	0.4740534786123212	0.47450218412582285	-0.09456342426079148
MdWfIbDeHtNiSoSc	Language	sub-08	NNLS	2	02.VisualB	(0.996094, 0.0, 0.0, 1.0)	102	2.0386512410985462	0.3531303684003559	0.3534840753567601	-0.10006305264167906
MdWfIbDeHtNiSoSc	Language	sub-09	NNLS	2	02.VisualB	(0.996094, 0.0, 0.0, 1.0)	102	2.0386512410985462	0.37756810391467754	0.37896441067392966	-0.36845326894127167
MdWfIbDeHtNiSoSc	Language	sub-10	NNLS	2	02.VisualB	(0.996094, 0.0, 0.0, 1.0)	102	2.0386512410985462	0.23815634401368088	0.23751971143810716	0.26803357570582903
MdWfIbDeHtNiSoSc	Language	sub-12	NNLS	2	02.VisualB	(0.996094, 0.0, 0.0, 1.0)	102	2.0386512410985462	0.3538477099148454	0.35740734864540696	-0.9959612593453406
MdWfIbDeHtNiSoSc	Language	sub-13	NNLS	2	02.VisualB	(0.996094, 0.0, 0.0, 1.0)	102	2.0386512410985462	0.3742158003298417	0.37754426851981876	-0.8816100435126428
MdWfIbDeHtNiSoSc	Language	sub-14	NNLS	2	02.VisualB	(0.996094, 0.0, 0.0, 1.0)	102	2.0386512410985462	0.3827417990818977	0.38223525359071314	0.1325219184850378
MdWfIbDeHtNiSoSc	Language	sub-15	NNLS	2	02.VisualB	(0.996094, 0.0, 0.0, 1.0)	102	2.0386512410985462	0.3996925771634953	0.3999902833700953	-0.07442835963205441
MdWfIbDeHtNiSoSc	Language	sub-16	NNLS	2	02.VisualB	(0.996094, 0.0, 0.0, 1.0)	102	2.0386512410985462	0.3651913545041406	0.3665084350038609	-0.3593588506923222
MdWfIbDeHtNiSoSc	Language	sub-17	NNLS	2	02.VisualB	(0.996094, 0.0, 0.0, 1.0)	102	2.0386512410985462	0.4534059278385239	0.4530434280122841	0.08001436591416261
MdWfIbDeHtNiSoSc	Language	sub-18	NNLS	2	02.VisualB	(0.996094, 0.0, 0.0, 1.0)	102	2.0386512410985462	0.34500168830452543	0.34498340145453993	0.005300791257899009
MdWfIbDeHtNiSoSc	Language	sub-19	NNLS	2	02.VisualB	(0.996094, 0.0, 0.0, 1.0)	102	2.0386512410985462	0.3469081402577852	0.3468069182856661	0.029186837626957375
MdWfIbDeHtNiSoSc	Language	sub-01	NNLS	3	03.SomatomotorA	(0.273438, 0.507812, 0.703125, 1.0)	182	8.668965451705308	0.21240843101976817	0.22559762409451325	-5.846335096693893
MdWfIbDeHtNiSoSc	Language	sub-02	NNLS	3	03.SomatomotorA	(0.273438, 0.507812, 0.703125, 1.0)	182	8.668965451705308	0.2323674540518473	0.25859438237709326	-10.142110622883035
MdWfIbDeHtNiSoSc	Language	sub-03	NNLS	3	03.SomatomotorA	(0.273438, 0.507812, 0.703125, 1.0)	182	8.668965451705308	0.07290944342198162	0.06846047788338992	6.498589662446863
MdWfIbDeHtNiSoSc	Language	sub-04	NNLS	3	03.SomatomotorA	(0.273438, 0.507812, 0.703125, 1.0)	182	8.668965451705308	0.3122444901808815	0.32662057694371077	-4.401463893472579
MdWfIbDeHtNiSoSc	Language	sub-06	NNLS	3	03.SomatomotorA	(0.273438, 0.507812, 0.703125, 1.0)	182	8.668965451705308	0.3437707497956168	0.3578151781139556	-3.9250510256068516
MdWfIbDeHtNiSoSc	Language	sub-07	NNLS	3	03.SomatomotorA	(0.273438, 0.507812, 0.703125, 1.0)	182	8.668965451705308	0.47248471595408065	0.47450218412582285	-0.4251757398038088
MdWfIbDeHtNiSoSc	Language	sub-08	NNLS	3	03.SomatomotorA	(0.273438, 0.507812, 0.703125, 1.0)	182	8.668965451705308	0.3521457528298007	0.3534840753567601	-0.37860900115758883
MdWfIbDeHtNiSoSc	Language	sub-09	NNLS	3	03.SomatomotorA	(0.273438, 0.507812, 0.703125, 1.0)	182	8.668965451705308	0.36964229890972855	0.37896441067392966	-2.4598910878262097
MdWfIbDeHtNiSoSc	Language	sub-10	NNLS	3	03.SomatomotorA	(0.273438, 0.507812, 0.703125, 1.0)	182	8.668965451705308	0.2231397150722789	0.23751971143810716	-6.054232837671411
MdWfIbDeHtNiSoSc	Language	sub-12	NNLS	3	03.SomatomotorA	(0.273438, 0.507812, 0.703125, 1.0)	182	8.668965451705308	0.3353145928580495	0.35740734864540696	-6.181393827264662
MdWfIbDeHtNiSoSc	Language	sub-13	NNLS	3	03.SomatomotorA	(0.273438, 0.507812, 0.703125, 1.0)	182	8.668965451705308	0.36037946959753064	0.37754426851981876	-4.546433452581223
MdWfIbDeHtNiSoSc	Language	sub-14	NNLS	3	03.SomatomotorA	(0.273438, 0.507812, 0.703125, 1.0)	182	8.668965451705308	0.36872913429381154	0.38223525359071314	-3.5334572544068825
MdWfIbDeHtNiSoSc	Language	sub-15	NNLS	3	03.SomatomotorA	(0.273438, 0.507812, 0.703125, 1.0)	182	8.668965451705308	0.38275122574328363	0.3999902833700953	-4.309869100210376
MdWfIbDeHtNiSoSc	Language	sub-16	NNLS	3	03.SomatomotorA	(0.273438, 0.507812, 0.703125, 1.0)	182	8.668965451705308	0.36506263512337345	0.3665084350038609	-0.39447929226300077
MdWfIbDeHtNiSoSc	Language	sub-17	NNLS	3	03.SomatomotorA	(0.273438, 0.507812, 0.703125, 1.0)	182	8.668965451705308	0.4403504556410637	0.4530434280122841	-2.801712062552257
MdWfIbDeHtNiSoSc	Language	sub-18	NNLS	3	03.SomatomotorA	(0.273438, 0.507812, 0.703125, 1.0)	182	8.668965451705308	0.34603777537724933	0.34498340145453993	0.30563033417372865
MdWfIbDeHtNiSoSc	Language	sub-19	NNLS	3	03.SomatomotorA	(0.273438, 0.507812, 0.703125, 1.0)	182	8.668965451705308	0.33773998533918265	0.3468069182856661	-2.614403712389327
MdWfIbDeHtNiSoSc	Language	sub-01	NNLS	4	04.SomatomotorB	(0.164062, 0.796875, 0.640625, 1.0)	146	3.7581954114491856	0.2182797763433363	0.22559762409451325	-3.24376100171656
MdWfIbDeHtNiSoSc	Language	sub-02	NNLS	4	04.SomatomotorB	(0.164062, 0.796875, 0.640625, 1.0)	146	3.7581954114491856	0.25395939300944337	0.25859438237709326	-1.7923782121805538
MdWfIbDeHtNiSoSc	Language	sub-03	NNLS	4	04.SomatomotorB	(0.164062, 0.796875, 0.640625, 1.0)	146	3.7581954114491856	0.074942248746665	0.06846047788338992	9.467901866410577
MdWfIbDeHtNiSoSc	Language	sub-04	NNLS	4	04.SomatomotorB	(0.164062, 0.796875, 0.640625, 1.0)	146	3.7581954114491856	0.32773095466778857	0.32662057694371077	0.3399595134109245
MdWfIbDeHtNiSoSc	Language	sub-06	NNLS	4	04.SomatomotorB	(0.164062, 0.796875, 0.640625, 1.0)	146	3.7581954114491856	0.35462973522282143	0.3578151781139556	-0.8902481185746854
MdWfIbDeHtNiSoSc	Language	sub-07	NNLS	4	04.SomatomotorB	(0.164062, 0.796875, 0.640625, 1.0)	146	3.7581954114491856	0.47515478048177984	0.47450218412582285	0.1375328455356369
MdWfIbDeHtNiSoSc	Language	sub-08	NNLS	4	04.SomatomotorB	(0.164062, 0.796875, 0.640625, 1.0)	146	3.7581954114491856	0.34909329994147065	0.3534840753567601	-1.242142354180442
MdWfIbDeHtNiSoSc	Language	sub-09	NNLS	4	04.SomatomotorB	(0.164062, 0.796875, 0.640625, 1.0)	146	3.7581954114491856	0.37760874395982463	0.37896441067392966	-0.35772929486813465
MdWfIbDeHtNiSoSc	Language	sub-10	NNLS	4	04.SomatomotorB	(0.164062, 0.796875, 0.640625, 1.0)	146	3.7581954114491856	0.23695193040596457	0.23751971143810716	-0.23904585800683573
MdWfIbDeHtNiSoSc	Language	sub-12	NNLS	4	04.SomatomotorB	(0.164062, 0.796875, 0.640625, 1.0)	146	3.7581954114491856	0.35462805561123734	0.35740734864540696	-0.7776261581367304
MdWfIbDeHtNiSoSc	Language	sub-13	NNLS	4	04.SomatomotorB	(0.164062, 0.796875, 0.640625, 1.0)	146	3.7581954114491856	0.37463594397577227	0.37754426851981876	-0.7703267633882311
MdWfIbDeHtNiSoSc	Language	sub-14	NNLS	4	04.SomatomotorB	(0.164062, 0.796875, 0.640625, 1.0)	146	3.7581954114491856	0.38074849435634534	0.38223525359071314	-0.38896444543019243
MdWfIbDeHtNiSoSc	Language	sub-15	NNLS	4	04.SomatomotorB	(0.164062, 0.796875, 0.640625, 1.0)	146	3.7581954114491856	0.3998381693298191	0.3999902833700953	-0.038029433863887796
MdWfIbDeHtNiSoSc	Language	sub-16	NNLS	4	04.SomatomotorB	(0.164062, 0.796875, 0.640625, 1.0)	146	3.7581954114491856	0.36303620425793887	0.3665084350038609	-0.9473808552006271
MdWfIbDeHtNiSoSc	Language	sub-17	NNLS	4	04.SomatomotorB	(0.164062, 0.796875, 0.640625, 1.0)	146	3.7581954114491856	0.4519626767474432	0.4530434280122841	-0.23855356860216018
MdWfIbDeHtNiSoSc	Language	sub-18	NNLS	4	04.SomatomotorB	(0.164062, 0.796875, 0.640625, 1.0)	146	3.7581954114491856	0.3446495832210511	0.34498340145453993	-0.09676356371969215
MdWfIbDeHtNiSoSc	Language	sub-19	NNLS	4	04.SomatomotorB	(0.164062, 0.796875, 0.640625, 1.0)	146	3.7581954114491856	0.34167017731657295	0.3468069182856661	-1.481152969636556
MdWfIbDeHtNiSoSc	Language	sub-01	NNLS	5	05.DorsalAttentionA	(0.289062, 0.605469, 0.234375, 1.0)	111	5.612107823217119	0.22559925478858955	0.22559762409451325	0.0007228330009431867
MdWfIbDeHtNiSoSc	Language	sub-02	NNLS	5	05.DorsalAttentionA	(0.289062, 0.605469, 0.234375, 1.0)	111	5.612107823217119	0.2574091494723699	0.25859438237709326	-0.4583366791761839
MdWfIbDeHtNiSoSc	Language	sub-03	NNLS	5	05.DorsalAttentionA	(0.289062, 0.605469, 0.234375, 1.0)	111	5.612107823217119	0.06736035366622528	0.06846047788338992	-1.606947908015636
MdWfIbDeHtNiSoSc	Language	sub-04	NNLS	5	05.DorsalAttentionA	(0.289062, 0.605469, 0.234375, 1.0)	111	5.612107823217119	0.32647168635006585	0.32662057694371077	-0.04558518481540224
MdWfIbDeHtNiSoSc	Language	sub-06	NNLS	5	05.DorsalAttentionA	(0.289062, 0.605469, 0.234375, 1.0)	111	5.612107823217119	0.35797499358935525	0.3578151781139556	0.04466425271338665
MdWfIbDeHtNiSoSc	Language	sub-07	NNLS	5	05.DorsalAttentionA	(0.289062, 0.605469, 0.234375, 1.0)	111	5.612107823217119	0.47562870083033026	0.47450218412582285	0.2374102253254755
MdWfIbDeHtNiSoSc	Language	sub-08	NNLS	5	05.DorsalAttentionA	(0.289062, 0.605469, 0.234375, 1.0)	111	5.612107823217119	0.3544840657896196	0.3534840753567601	0.28289546901095164
MdWfIbDeHtNiSoSc	Language	sub-09	NNLS	5	05.DorsalAttentionA	(0.289062, 0.605469, 0.234375, 1.0)	111	5.612107823217119	0.3798396624610715	0.37896441067392966	0.23095883478485946
MdWfIbDeHtNiSoSc	Language	sub-10	NNLS	5	05.DorsalAttentionA	(0.289062, 0.605469, 0.234375, 1.0)	111	5.612107823217119	0.23809882485126327	0.23751971143810716	0.24381699087194197
MdWfIbDeHtNiSoSc	Language	sub-12	NNLS	5	05.DorsalAttentionA	(0.289062, 0.605469, 0.234375, 1.0)	111	5.612107823217119	0.3587206893328518	0.35740734864540696	0.3674632579387221
MdWfIbDeHtNiSoSc	Language	sub-13	NNLS	5	05.DorsalAttentionA	(0.289062, 0.605469, 0.234375, 1.0)	111	5.612107823217119	0.3765081166364809	0.37754426851981876	-0.27444513656639996
MdWfIbDeHtNiSoSc	Language	sub-14	NNLS	5	05.DorsalAttentionA	(0.289062, 0.605469, 0.234375, 1.0)	111	5.612107823217119	0.38239528733359823	0.38223525359071314	0.04186786576636657
MdWfIbDeHtNiSoSc	Language	sub-15	NNLS	5	05.DorsalAttentionA	(0.289062, 0.605469, 0.234375, 1.0)	111	5.612107823217119	0.40041080201979906	0.3999902833700953	0.1051322162530339
MdWfIbDeHtNiSoSc	Language	sub-16	NNLS	5	05.DorsalAttentionA	(0.289062, 0.605469, 0.234375, 1.0)	111	5.612107823217119	0.3662721881242083	0.3665084350038609	-0.06445878377944558
MdWfIbDeHtNiSoSc	Language	sub-17	NNLS	5	05.DorsalAttentionA	(0.289062, 0.605469, 0.234375, 1.0)	111	5.612107823217119	0.4553846319301909	0.4530434280122841	0.5167725152042906
MdWfIbDeHtNiSoSc	Language	sub-18	NNLS	5	05.DorsalAttentionA	(0.289062, 0.605469, 0.234375, 1.0)	111	5.612107823217119	0.3463150017561576	0.34498340145453993	0.3859896725475167
MdWfIbDeHtNiSoSc	Language	sub-19	NNLS	5	05.DorsalAttentionA	(0.289062, 0.605469, 0.234375, 1.0)	111	5.612107823217119	0.3473792669967871	0.3468069182856661	0.16503382168678365
MdWfIbDeHtNiSoSc	Language	sub-01	NNLS	6	06.DorsalAttentionB	(0.0, 0.460938, 0.054688, 1.0)	109	6.095380703298337	0.22591790133689124	0.22559762409451325	0.14196835789538614
MdWfIbDeHtNiSoSc	Language	sub-02	NNLS	6	06.DorsalAttentionB	(0.0, 0.460938, 0.054688, 1.0)	109	6.095380703298337	0.2571830816714314	0.25859438237709326	-0.545758454877743
MdWfIbDeHtNiSoSc	Language	sub-03	NNLS	6	06.DorsalAttentionB	(0.0, 0.460938, 0.054688, 1.0)	109	6.095380703298337	0.06528198338665137	0.06846047788338992	-4.642816695134014
MdWfIbDeHtNiSoSc	Language	sub-04	NNLS	6	06.DorsalAttentionB	(0.0, 0.460938, 0.054688, 1.0)	109	6.095380703298337	0.326111770359595	0.32662057694371077	-0.15577909661321518
MdWfIbDeHtNiSoSc	Language	sub-06	NNLS	6	06.DorsalAttentionB	(0.0, 0.460938, 0.054688, 1.0)	109	6.095380703298337	0.353763487036893	0.3578151781139556	-1.1323418694587168
MdWfIbDeHtNiSoSc	Language	sub-07	NNLS	6	06.DorsalAttentionB	(0.0, 0.460938, 0.054688, 1.0)	109	6.095380703298337	0.4731499471155169	0.47450218412582285	-0.2849801445692369
MdWfIbDeHtNiSoSc	Language	sub-08	NNLS	6	06.DorsalAttentionB	(0.0, 0.460938, 0.054688, 1.0)	109	6.095380703298337	0.3516811896848684	0.3534840753567601	-0.5100330672809209
MdWfIbDeHtNiSoSc	Language	sub-09	NNLS	6	06.DorsalAttentionB	(0.0, 0.460938, 0.054688, 1.0)	109	6.095380703298337	0.37974726001127573	0.37896441067392966	0.20657595153959005
MdWfIbDeHtNiSoSc	Language	sub-10	NNLS	6	06.DorsalAttentionB	(0.0, 0.460938, 0.054688, 1.0)	109	6.095380703298337	0.23630329079196966	0.23751971143810716	-0.5121346092804071
MdWfIbDeHtNiSoSc	Language	sub-12	NNLS	6	06.DorsalAttentionB	(0.0, 0.460938, 0.054688, 1.0)	109	6.095380703298337	0.3570471698534379	0.35740734864540696	-0.10077542986572244
MdWfIbDeHtNiSoSc	Language	sub-13	NNLS	6	06.DorsalAttentionB	(0.0, 0.460938, 0.054688, 1.0)	109	6.095380703298337	0.3780055319078789	0.37754426851981876	0.1221746498413379
MdWfIbDeHtNiSoSc	Language	sub-14	NNLS	6	06.DorsalAttentionB	(0.0, 0.460938, 0.054688, 1.0)	109	6.095380703298337	0.38204437836223526	0.38223525359071314	-0.049936583997630526
MdWfIbDeHtNiSoSc	Language	sub-15	NNLS	6	06.DorsalAttentionB	(0.0, 0.460938, 0.054688, 1.0)	109	6.095380703298337	0.4014991364130693	0.3999902833700953	0.3772224240702136
MdWfIbDeHtNiSoSc	Language	sub-16	NNLS	6	06.DorsalAttentionB	(0.0, 0.460938, 0.054688, 1.0)	109	6.095380703298337	0.36486978485347643	0.3665084350038609	-0.447097527337177
MdWfIbDeHtNiSoSc	Language	sub-17	NNLS	6	06.DorsalAttentionB	(0.0, 0.460938, 0.054688, 1.0)	109	6.095380703298337	0.4488271016375065	0.4530434280122841	-0.9306671533183054
MdWfIbDeHtNiSoSc	Language	sub-18	NNLS	6	06.DorsalAttentionB	(0.0, 0.460938, 0.054688, 1.0)	109	6.095380703298337	0.34253832609679974	0.34498340145453993	-0.7087515942596411
MdWfIbDeHtNiSoSc	Language	sub-19	NNLS	6	06.DorsalAttentionB	(0.0, 0.460938, 0.054688, 1.0)	109	6.095380703298337	0.3441302963020311	0.3468069182856661	-0.7717902505711416
MdWfIbDeHtNiSoSc	Language	sub-01	NNLS	7	07.VentralAttentionA	(0.765625, 0.226562, 0.976562, 1.0)	151	5.7839051582078405	0.22335985420876775	0.22559762409451325	-0.9919297221002648
MdWfIbDeHtNiSoSc	Language	sub-02	NNLS	7	07.VentralAttentionA	(0.765625, 0.226562, 0.976562, 1.0)	151	5.7839051582078405	0.26263182204858054	0.25859438237709326	1.5613021576005164
MdWfIbDeHtNiSoSc	Language	sub-03	NNLS	7	07.VentralAttentionA	(0.765625, 0.226562, 0.976562, 1.0)	151	5.7839051582078405	0.06922730357268997	0.06846047788338992	1.1200998196451326
MdWfIbDeHtNiSoSc	Language	sub-04	NNLS	7	07.VentralAttentionA	(0.765625, 0.226562, 0.976562, 1.0)	151	5.7839051582078405	0.3252493001582423	0.32662057694371077	-0.419837843132819
MdWfIbDeHtNiSoSc	Language	sub-06	NNLS	7	07.VentralAttentionA	(0.765625, 0.226562, 0.976562, 1.0)	151	5.7839051582078405	0.3606728275473976	0.3578151781139556	0.7986384055882417
MdWfIbDeHtNiSoSc	Language	sub-07	NNLS	7	07.VentralAttentionA	(0.765625, 0.226562, 0.976562, 1.0)	151	5.7839051582078405	0.4739802763075196	0.47450218412582285	-0.10999060399790557
MdWfIbDeHtNiSoSc	Language	sub-08	NNLS	7	07.VentralAttentionA	(0.765625, 0.226562, 0.976562, 1.0)	151	5.7839051582078405	0.35448313693389677	0.3534840753567601	0.28263269742162345
MdWfIbDeHtNiSoSc	Language	sub-09	NNLS	7	07.VentralAttentionA	(0.765625, 0.226562, 0.976562, 1.0)	151	5.7839051582078405	0.37744986243531664	0.37896441067392966	-0.39965447835052176
MdWfIbDeHtNiSoSc	Language	sub-10	NNLS	7	07.VentralAttentionA	(0.765625, 0.226562, 0.976562, 1.0)	151	5.7839051582078405	0.23766355647191828	0.23751971143810716	0.06056130370830601
MdWfIbDeHtNiSoSc	Language	sub-12	NNLS	7	07.VentralAttentionA	(0.765625, 0.226562, 0.976562, 1.0)	151	5.7839051582078405	0.35899571592428375	0.35740734864540696	0.44441371586140777
MdWfIbDeHtNiSoSc	Language	sub-13	NNLS	7	07.VentralAttentionA	(0.765625, 0.226562, 0.976562, 1.0)	151	5.7839051582078405	0.3784275071712586	0.37754426851981876	0.2339430697498432
MdWfIbDeHtNiSoSc	Language	sub-14	NNLS	7	07.VentralAttentionA	(0.765625, 0.226562, 0.976562, 1.0)	151	5.7839051582078405	0.3807987347544972	0.38223525359071314	-0.37582060333820283
MdWfIbDeHtNiSoSc	Language	sub-15	NNLS	7	07.VentralAttentionA	(0.765625, 0.226562, 0.976562, 1.0)	151	5.7839051582078405	0.3958887762812842	0.3999902833700953	-1.0254016808243591
MdWfIbDeHtNiSoSc	Language	sub-16	NNLS	7	07.VentralAttentionA	(0.765625, 0.226562, 0.976562, 1.0)	151	5.7839051582078405	0.37107924416998894	0.3665084350038609	1.2471225024002286
MdWfIbDeHtNiSoSc	Language	sub-17	NNLS	7	07.VentralAttentionA	(0.765625, 0.226562, 0.976562, 1.0)	151	5.7839051582078405	0.45605164926470915	0.4530434280122841	0.6640028452953283
MdWfIbDeHtNiSoSc	Language	sub-18	NNLS	7	07.VentralAttentionA	(0.765625, 0.226562, 0.976562, 1.0)	151	5.7839051582078405	0.3482248065603946	0.34498340145453993	0.939582916797759
MdWfIbDeHtNiSoSc	Language	sub-19	NNLS	7	07.VentralAttentionA	(0.765625, 0.226562, 0.976562, 1.0)	151	5.7839051582078405	0.34657901256197216	0.3468069182856661	-0.06571544905175149
MdWfIbDeHtNiSoSc	Language	sub-01	NNLS	8	08.VentralAttentionB	(0.996094, 0.59375, 0.832031, 1.0)	97	4.59168337694177	0.2251680844179864	0.22559762409451325	-0.19040079799195364
MdWfIbDeHtNiSoSc	Language	sub-02	NNLS	8	08.VentralAttentionB	(0.996094, 0.59375, 0.832031, 1.0)	97	4.59168337694177	0.2634998071930241	0.25859438237709326	1.8969572234471714
MdWfIbDeHtNiSoSc	Language	sub-03	NNLS	8	08.VentralAttentionB	(0.996094, 0.59375, 0.832031, 1.0)	97	4.59168337694177	0.07119868532300086	0.06846047788338992	3.9996908059493532
MdWfIbDeHtNiSoSc	Language	sub-04	NNLS	8	08.VentralAttentionB	(0.996094, 0.59375, 0.832031, 1.0)	97	4.59168337694177	0.32656571862467965	0.32662057694371077	-0.016795732695242895
MdWfIbDeHtNiSoSc	Language	sub-06	NNLS	8	08.VentralAttentionB	(0.996094, 0.59375, 0.832031, 1.0)	97	4.59168337694177	0.3594750942480901	0.3578151781139556	0.4639032203396013
MdWfIbDeHtNiSoSc	Language	sub-07	NNLS	8	08.VentralAttentionB	(0.996094, 0.59375, 0.832031, 1.0)	97	4.59168337694177	0.473097641232542	0.47450218412582285	-0.2960034622113366
MdWfIbDeHtNiSoSc	Language	sub-08	NNLS	8	08.VentralAttentionB	(0.996094, 0.59375, 0.832031, 1.0)	97	4.59168337694177	0.3544276725445877	0.3534840753567601	0.2669419228787783
MdWfIbDeHtNiSoSc	Language	sub-09	NNLS	8	08.VentralAttentionB	(0.996094, 0.59375, 0.832031, 1.0)	97	4.59168337694177	0.37829829297513656	0.37896441067392966	-0.17577315442590327
MdWfIbDeHtNiSoSc	Language	sub-10	NNLS	8	08.VentralAttentionB	(0.996094, 0.59375, 0.832031, 1.0)	97	4.59168337694177	0.23825158339559613	0.23751971143810716	0.3081310401809254
MdWfIbDeHtNiSoSc	Language	sub-12	NNLS	8	08.VentralAttentionB	(0.996094, 0.59375, 0.832031, 1.0)	97	4.59168337694177	0.3596744188498635	0.35740734864540696	0.6343099024261428
MdWfIbDeHtNiSoSc	Language	sub-13	NNLS	8	08.VentralAttentionB	(0.996094, 0.59375, 0.832031, 1.0)	97	4.59168337694177	0.37829631379481643	0.37754426851981876	0.19919393239529273
MdWfIbDeHtNiSoSc	Language	sub-14	NNLS	8	08.VentralAttentionB	(0.996094, 0.59375, 0.832031, 1.0)	97	4.59168337694177	0.383923764022315	0.38223525359071314	0.44174638936100113
MdWfIbDeHtNiSoSc	Language	sub-15	NNLS	8	08.VentralAttentionB	(0.996094, 0.59375, 0.832031, 1.0)	97	4.59168337694177	0.39710677139290795	0.3999902833700953	-0.7208955059839132
MdWfIbDeHtNiSoSc	Language	sub-16	NNLS	8	08.VentralAttentionB	(0.996094, 0.59375, 0.832031, 1.0)	97	4.59168337694177	0.36958608473709575	0.3665084350038609	0.8397213922791318
MdWfIbDeHtNiSoSc	Language	sub-17	NNLS	8	08.VentralAttentionB	(0.996094, 0.59375, 0.832031, 1.0)	97	4.59168337694177	0.45696045543243186	0.4530434280122841	0.8646030773106279
MdWfIbDeHtNiSoSc	Language	sub-18	NNLS	8	08.VentralAttentionB	(0.996094, 0.59375, 0.832031, 1.0)	97	4.59168337694177	0.3473480518382603	0.34498340145453993	0.6854388859725931
MdWfIbDeHtNiSoSc	Language	sub-19	NNLS	8	08.VentralAttentionB	(0.996094, 0.59375, 0.832031, 1.0)	97	4.59168337694177	0.3466888381712923	0.3468069182856661	-0.0340477966695421
MdWfIbDeHtNiSoSc	Language	sub-01	NNLS	9	09.LimbicA	(0.859375, 0.96875, 0.640625, 1.0)	71	0.9034705001687307	0.2261808144069263	0.22559762409451325	0.2585090666419101
MdWfIbDeHtNiSoSc	Language	sub-02	NNLS	9	09.LimbicA	(0.859375, 0.96875, 0.640625, 1.0)	71	0.9034705001687307	0.2598106861999478	0.25859438237709326	0.47035198973536513
MdWfIbDeHtNiSoSc	Language	sub-03	NNLS	9	09.LimbicA	(0.859375, 0.96875, 0.640625, 1.0)	71	0.9034705001687307	0.06863557820161043	0.06846047788338992	0.25576847202082753
MdWfIbDeHtNiSoSc	Language	sub-04	NNLS	9	09.LimbicA	(0.859375, 0.96875, 0.640625, 1.0)	71	0.9034705001687307	0.3272225689579229	0.32662057694371077	0.18430927403446273
MdWfIbDeHtNiSoSc	Language	sub-06	NNLS	9	09.LimbicA	(0.859375, 0.96875, 0.640625, 1.0)	71	0.9034705001687307	0.35808946002067726	0.3578151781139556	0.07665463163620545
MdWfIbDeHtNiSoSc	Language	sub-07	NNLS	9	09.LimbicA	(0.859375, 0.96875, 0.640625, 1.0)	71	0.9034705001687307	0.47481658573066426	0.47450218412582285	0.06625925345752456
MdWfIbDeHtNiSoSc	Language	sub-08	NNLS	9	09.LimbicA	(0.859375, 0.96875, 0.640625, 1.0)	71	0.9034705001687307	0.3535732084737879	0.3534840753567601	0.025215596187152616
MdWfIbDeHtNiSoSc	Language	sub-09	NNLS	9	09.LimbicA	(0.859375, 0.96875, 0.640625, 1.0)	71	0.9034705001687307	0.37916383986290775	0.37896441067392966	0.05262478041762026
MdWfIbDeHtNiSoSc	Language	sub-10	NNLS	9	09.LimbicA	(0.859375, 0.96875, 0.640625, 1.0)	71	0.9034705001687307	0.23785606439866472	0.23751971143810716	0.14161054613996066
MdWfIbDeHtNiSoSc	Language	sub-12	NNLS	9	09.LimbicA	(0.859375, 0.96875, 0.640625, 1.0)	71	0.9034705001687307	0.3571807508917658	0.35740734864540696	-0.06340041817829493
MdWfIbDeHtNiSoSc	Language	sub-13	NNLS	9	09.LimbicA	(0.859375, 0.96875, 0.640625, 1.0)	71	0.9034705001687307	0.3784598998628758	0.37754426851981876	0.24252290907416865
MdWfIbDeHtNiSoSc	Language	sub-14	NNLS	9	09.LimbicA	(0.859375, 0.96875, 0.640625, 1.0)	71	0.9034705001687307	0.38250750806132716	0.38223525359071314	0.07122693892215971
MdWfIbDeHtNiSoSc	Language	sub-15	NNLS	9	09.LimbicA	(0.859375, 0.96875, 0.640625, 1.0)	71	0.9034705001687307	0.40176181764355173	0.3999902833700953	0.4428943269647659
MdWfIbDeHtNiSoSc	Language	sub-16	NNLS	9	09.LimbicA	(0.859375, 0.96875, 0.640625, 1.0)	71	0.9034705001687307	0.365462868950043	0.3665084350038609	-0.28527748721714363
MdWfIbDeHtNiSoSc	Language	sub-17	NNLS	9	09.LimbicA	(0.859375, 0.96875, 0.640625, 1.0)	71	0.9034705001687307	0.4523669976230847	0.4530434280122841	-0.14930806791905596
MdWfIbDeHtNiSoSc	Language	sub-18	NNLS	9	09.LimbicA	(0.859375, 0.96875, 0.640625, 1.0)	71	0.9034705001687307	0.3450035029876294	0.34498340145453993	0.005826811668243387
MdWfIbDeHtNiSoSc	Language	sub-19	NNLS	9	09.LimbicA	(0.859375, 0.96875, 0.640625, 1.0)	71	0.9034705001687307	0.3469453871024689	0.3468069182856661	0.0399267746696845
MdWfIbDeHtNiSoSc	Language	sub-01	NNLS	10	10.LimbicB	(0.476562, 0.527344, 0.195312, 1.0)	75	7.20487834216962	0.2247673400033071	0.22559762409451325	-0.36803760435806887
MdWfIbDeHtNiSoSc	Language	sub-02	NNLS	10	10.LimbicB	(0.476562, 0.527344, 0.195312, 1.0)	75	7.20487834216962	0.24915990025877205	0.25859438237709326	-3.6483708700846593
MdWfIbDeHtNiSoSc	Language	sub-03	NNLS	10	10.LimbicB	(0.476562, 0.527344, 0.195312, 1.0)	75	7.20487834216962	0.05812295051101419	0.06846047788338992	-15.099993006160206
MdWfIbDeHtNiSoSc	Language	sub-04	NNLS	10	10.LimbicB	(0.476562, 0.527344, 0.195312, 1.0)	75	7.20487834216962	0.31948701611061714	0.32662057694371077	-2.184051262123335
MdWfIbDeHtNiSoSc	Language	sub-06	NNLS	10	10.LimbicB	(0.476562, 0.527344, 0.195312, 1.0)	75	7.20487834216962	0.3592323722054286	0.3578151781139556	0.3960687467041054
MdWfIbDeHtNiSoSc	Language	sub-07	NNLS	10	10.LimbicB	(0.476562, 0.527344, 0.195312, 1.0)	75	7.20487834216962	0.45588027761373906	0.47450218412582285	-3.924514393203689
MdWfIbDeHtNiSoSc	Language	sub-08	NNLS	10	10.LimbicB	(0.476562, 0.527344, 0.195312, 1.0)	75	7.20487834216962	0.35832624696818893	0.3534840753567601	1.3698415145128704
MdWfIbDeHtNiSoSc	Language	sub-09	NNLS	10	10.LimbicB	(0.476562, 0.527344, 0.195312, 1.0)	75	7.20487834216962	0.37572969662968103	0.37896441067392966	-0.8535667078858916
MdWfIbDeHtNiSoSc	Language	sub-10	NNLS	10	10.LimbicB	(0.476562, 0.527344, 0.195312, 1.0)	75	7.20487834216962	0.23461101742284454	0.23751971143810716	-1.2246116322941731
MdWfIbDeHtNiSoSc	Language	sub-12	NNLS	10	10.LimbicB	(0.476562, 0.527344, 0.195312, 1.0)	75	7.20487834216962	0.3338844350630511	0.35740734864540696	-6.581541669892623
MdWfIbDeHtNiSoSc	Language	sub-13	NNLS	10	10.LimbicB	(0.476562, 0.527344, 0.195312, 1.0)	75	7.20487834216962	0.38543414524335445	0.37754426851981876	2.0897885046615463
MdWfIbDeHtNiSoSc	Language	sub-14	NNLS	10	10.LimbicB	(0.476562, 0.527344, 0.195312, 1.0)	75	7.20487834216962	0.37932837482438264	0.38223525359071314	-0.7604946793952986
MdWfIbDeHtNiSoSc	Language	sub-15	NNLS	10	10.LimbicB	(0.476562, 0.527344, 0.195312, 1.0)	75	7.20487834216962	0.3938311401015916	0.3999902833700953	-1.539823221856838
MdWfIbDeHtNiSoSc	Language	sub-16	NNLS	10	10.LimbicB	(0.476562, 0.527344, 0.195312, 1.0)	75	7.20487834216962	0.36443049988825377	0.3665084350038609	-0.5669542409263298
MdWfIbDeHtNiSoSc	Language	sub-17	NNLS	10	10.LimbicB	(0.476562, 0.527344, 0.195312, 1.0)	75	7.20487834216962	0.43767399017729397	0.4530434280122841	-3.3924866546289207
MdWfIbDeHtNiSoSc	Language	sub-18	NNLS	10	10.LimbicB	(0.476562, 0.527344, 0.195312, 1.0)	75	7.20487834216962	0.3275685715560954	0.34498340145453993	-5.048019651095979
MdWfIbDeHtNiSoSc	Language	sub-19	NNLS	10	10.LimbicB	(0.476562, 0.527344, 0.195312, 1.0)	75	7.20487834216962	0.35682647802634365	0.3468069182856661	2.889088773143903
MdWfIbDeHtNiSoSc	Language	sub-01	NNLS	11	11.ControlC	(0.464844, 0.546875, 0.6875, 1.0)	43	1.4012983547812334	0.22626565273168162	0.22559762409451325	0.29611510309545314
MdWfIbDeHtNiSoSc	Language	sub-02	NNLS	11	11.ControlC	(0.464844, 0.546875, 0.6875, 1.0)	43	1.4012983547812334	0.2575978578514997	0.25859438237709326	-0.3853620161556306
MdWfIbDeHtNiSoSc	Language	sub-03	NNLS	11	11.ControlC	(0.464844, 0.546875, 0.6875, 1.0)	43	1.4012983547812334	0.06902758502995367	0.06846047788338992	0.8283715862014712
MdWfIbDeHtNiSoSc	Language	sub-04	NNLS	11	11.ControlC	(0.464844, 0.546875, 0.6875, 1.0)	43	1.4012983547812334	0.3283234917941919	0.32662057694371077	0.5213740256097237
MdWfIbDeHtNiSoSc	Language	sub-06	NNLS	11	11.ControlC	(0.464844, 0.546875, 0.6875, 1.0)	43	1.4012983547812334	0.3570009404284617	0.3578151781139556	-0.22755817396727762
MdWfIbDeHtNiSoSc	Language	sub-07	NNLS	11	11.ControlC	(0.464844, 0.546875, 0.6875, 1.0)	43	1.4012983547812334	0.47504454964150294	0.47450218412582285	0.11430200614972952
MdWfIbDeHtNiSoSc	Language	sub-08	NNLS	11	11.ControlC	(0.464844, 0.546875, 0.6875, 1.0)	43	1.4012983547812334	0.35252935367917865	0.3534840753567601	-0.2700890207339206
MdWfIbDeHtNiSoSc	Language	sub-09	NNLS	11	11.ControlC	(0.464844, 0.546875, 0.6875, 1.0)	43	1.4012983547812334	0.37899175599198714	0.37896441067392966	0.007215801085081254
MdWfIbDeHtNiSoSc	Language	sub-10	NNLS	11	11.ControlC	(0.464844, 0.546875, 0.6875, 1.0)	43	1.4012983547812334	0.23737983123360815	0.23751971143810716	-0.05889204043406726
MdWfIbDeHtNiSoSc	Language	sub-12	NNLS	11	11.ControlC	(0.464844, 0.546875, 0.6875, 1.0)	43	1.4012983547812334	0.35774265774001063	0.35740734864540696	0.09381706780078909
MdWfIbDeHtNiSoSc	Language	sub-13	NNLS	11	11.ControlC	(0.464844, 0.546875, 0.6875, 1.0)	43	1.4012983547812334	0.3763072135695843	0.37754426851981876	-0.32765825186127123
MdWfIbDeHtNiSoSc	Language	sub-14	NNLS	11	11.ControlC	(0.464844, 0.546875, 0.6875, 1.0)	43	1.4012983547812334	0.3825999234810945	0.38223525359071314	0.09540456746353444
MdWfIbDeHtNiSoSc	Language	sub-15	NNLS	11	11.ControlC	(0.464844, 0.546875, 0.6875, 1.0)	43	1.4012983547812334	0.401196328061431	0.3999902833700953	0.30151849719304863
MdWfIbDeHtNiSoSc	Language	sub-16	NNLS	11	11.ControlC	(0.464844, 0.546875, 0.6875, 1.0)	43	1.4012983547812334	0.36666231064630855	0.3665084350038609	0.04198420220425628
MdWfIbDeHtNiSoSc	Language	sub-17	NNLS	11	11.ControlC	(0.464844, 0.546875, 0.6875, 1.0)	43	1.4012983547812334	0.4519642248440923	0.4530434280122841	-0.23821185817146534
MdWfIbDeHtNiSoSc	Language	sub-18	NNLS	11	11.ControlC	(0.464844, 0.546875, 0.6875, 1.0)	43	1.4012983547812334	0.3446518440474204	0.34498340145453993	-0.09610822019888789
MdWfIbDeHtNiSoSc	Language	sub-19	NNLS	11	11.ControlC	(0.464844, 0.546875, 0.6875, 1.0)	43	1.4012983547812334	0.3466505430600763	0.3468069182856661	-0.045089996002041735
MdWfIbDeHtNiSoSc	Language	sub-01	NNLS	12	12.ControlA	(0.898438, 0.578125, 0.132812, 1.0)	109	10.779785391319367	0.22676096641138585	0.22559762409451325	0.5156713513903044
MdWfIbDeHtNiSoSc	Language	sub-02	NNLS	12	12.ControlA	(0.898438, 0.578125, 0.132812, 1.0)	109	10.779785391319367	0.25499239873737367	0.25859438237709326	-1.3929086960856796
MdWfIbDeHtNiSoSc	Language	sub-03	NNLS	12	12.ControlA	(0.898438, 0.578125, 0.132812, 1.0)	109	10.779785391319367	0.07129746362428692	0.06846047788338992	4.143975953146705
MdWfIbDeHtNiSoSc	Language	sub-04	NNLS	12	12.ControlA	(0.898438, 0.578125, 0.132812, 1.0)	109	10.779785391319367	0.32654130207619403	0.32662057694371077	-0.024271241040152002
MdWfIbDeHtNiSoSc	Language	sub-06	NNLS	12	12.ControlA	(0.898438, 0.578125, 0.132812, 1.0)	109	10.779785391319367	0.35327013494176335	0.3578151781139556	-1.270220898998517
MdWfIbDeHtNiSoSc	Language	sub-07	NNLS	12	12.ControlA	(0.898438, 0.578125, 0.132812, 1.0)	109	10.779785391319367	0.4722541865905481	0.47450218412582285	-0.4737591544317683
MdWfIbDeHtNiSoSc	Language	sub-08	NNLS	12	12.ControlA	(0.898438, 0.578125, 0.132812, 1.0)	109	10.779785391319367	0.3535852020135055	0.3534840753567601	0.028608546691496317
MdWfIbDeHtNiSoSc	Language	sub-09	NNLS	12	12.ControlA	(0.898438, 0.578125, 0.132812, 1.0)	109	10.779785391319367	0.3772911196792917	0.37896441067392966	-0.44154304401890604
MdWfIbDeHtNiSoSc	Language	sub-10	NNLS	12	12.ControlA	(0.898438, 0.578125, 0.132812, 1.0)	109	10.779785391319367	0.23794811497767868	0.23751971143810716	0.18036546818690186
MdWfIbDeHtNiSoSc	Language	sub-12	NNLS	12	12.ControlA	(0.898438, 0.578125, 0.132812, 1.0)	109	10.779785391319367	0.35504535764215317	0.35740734864540696	-0.6608680577514331
MdWfIbDeHtNiSoSc	Language	sub-13	NNLS	12	12.ControlA	(0.898438, 0.578125, 0.132812, 1.0)	109	10.779785391319367	0.3786376845215159	0.37754426851981876	0.2896126607838462
MdWfIbDeHtNiSoSc	Language	sub-14	NNLS	12	12.ControlA	(0.898438, 0.578125, 0.132812, 1.0)	109	10.779785391319367	0.3827455196751277	0.38223525359071314	0.13349529631846743
MdWfIbDeHtNiSoSc	Language	sub-15	NNLS	12	12.ControlA	(0.898438, 0.578125, 0.132812, 1.0)	109	10.779785391319367	0.3982200797379183	0.3999902833700953	-0.4425616585638665
MdWfIbDeHtNiSoSc	Language	sub-16	NNLS	12	12.ControlA	(0.898438, 0.578125, 0.132812, 1.0)	109	10.779785391319367	0.3655815752018041	0.3665084350038609	-0.2528890779954335
MdWfIbDeHtNiSoSc	Language	sub-17	NNLS	12	12.ControlA	(0.898438, 0.578125, 0.132812, 1.0)	109	10.779785391319367	0.4515693090507351	0.4530434280122841	-0.3253813807688665
MdWfIbDeHtNiSoSc	Language	sub-18	NNLS	12	12.ControlA	(0.898438, 0.578125, 0.132812, 1.0)	109	10.779785391319367	0.34457593516620355	0.34498340145453993	-0.1181118530973936
MdWfIbDeHtNiSoSc	Language	sub-19	NNLS	12	12.ControlA	(0.898438, 0.578125, 0.132812, 1.0)	109	10.779785391319367	0.3474707740427046	0.3468069182856661	0.19141941006253457
MdWfIbDeHtNiSoSc	Language	sub-01	NNLS	13	13.ControlB	(0.527344, 0.195312, 0.289062, 1.0)	100	7.00596356297775	0.22516441412499463	0.22559762409451325	-0.1920277180477443
MdWfIbDeHtNiSoSc	Language	sub-02	NNLS	13	13.ControlB	(0.527344, 0.195312, 0.289062, 1.0)	100	7.00596356297775	0.2629778987580028	0.25859438237709326	1.6951320986228264
MdWfIbDeHtNiSoSc	Language	sub-03	NNLS	13	13.ControlB	(0.527344, 0.195312, 0.289062, 1.0)	100	7.00596356297775	0.06815901041119471	0.06846047788338992	-0.44035256766496533
MdWfIbDeHtNiSoSc	Language	sub-04	NNLS	13	13.ControlB	(0.527344, 0.195312, 0.289062, 1.0)	100	7.00596356297775	0.3264991070100625	0.32662057694371077	-0.037189920728475385
MdWfIbDeHtNiSoSc	Language	sub-06	NNLS	13	13.ControlB	(0.527344, 0.195312, 0.289062, 1.0)	100	7.00596356297775	0.3616243679994318	0.3578151781139556	1.0645691179324714
MdWfIbDeHtNiSoSc	Language	sub-07	NNLS	13	13.ControlB	(0.527344, 0.195312, 0.289062, 1.0)	100	7.00596356297775	0.4772832005246767	0.47450218412582285	0.5860913799537806
MdWfIbDeHtNiSoSc	Language	sub-08	NNLS	13	13.ControlB	(0.527344, 0.195312, 0.289062, 1.0)	100	7.00596356297775	0.35290459117300305	0.3534840753567601	-0.16393501833772114
MdWfIbDeHtNiSoSc	Language	sub-09	NNLS	13	13.ControlB	(0.527344, 0.195312, 0.289062, 1.0)	100	7.00596356297775	0.37959727272443644	0.37896441067392966	0.16699775300306693
MdWfIbDeHtNiSoSc	Language	sub-10	NNLS	13	13.ControlB	(0.527344, 0.195312, 0.289062, 1.0)	100	7.00596356297775	0.23857112783136286	0.23751971143810716	0.44266490005806663
MdWfIbDeHtNiSoSc	Language	sub-12	NNLS	13	13.ControlB	(0.527344, 0.195312, 0.289062, 1.0)	100	7.00596356297775	0.36304508466410446	0.35740734864540696	1.5773979018799738
MdWfIbDeHtNiSoSc	Language	sub-13	NNLS	13	13.ControlB	(0.527344, 0.195312, 0.289062, 1.0)	100	7.00596356297775	0.3737123428172977	0.37754426851981876	-1.0149606342970885
MdWfIbDeHtNiSoSc	Language	sub-14	NNLS	13	13.ControlB	(0.527344, 0.195312, 0.289062, 1.0)	100	7.00596356297775	0.3834984738926951	0.38223525359071314	0.33048241629082437
MdWfIbDeHtNiSoSc	Language	sub-15	NNLS	13	13.ControlB	(0.527344, 0.195312, 0.289062, 1.0)	100	7.00596356297775	0.40153874768814496	0.3999902833700953	0.38712548340003955
MdWfIbDeHtNiSoSc	Language	sub-16	NNLS	13	13.ControlB	(0.527344, 0.195312, 0.289062, 1.0)	100	7.00596356297775	0.3672205956907353	0.3665084350038609	0.19430949436863734
MdWfIbDeHtNiSoSc	Language	sub-17	NNLS	13	13.ControlB	(0.527344, 0.195312, 0.289062, 1.0)	100	7.00596356297775	0.4586053106904585	0.4530434280122841	1.2276709768370409
MdWfIbDeHtNiSoSc	Language	sub-18	NNLS	13	13.ControlB	(0.527344, 0.195312, 0.289062, 1.0)	100	7.00596356297775	0.3460907123432555	0.34498340145453993	0.3209751205556158
MdWfIbDeHtNiSoSc	Language	sub-19	NNLS	13	13.ControlB	(0.527344, 0.195312, 0.289062, 1.0)	100	7.00596356297775	0.346710870663352	0.3468069182856661	-0.02769484034197319
MdWfIbDeHtNiSoSc	Language	sub-01	NNLS	14	14.TemporalParietal	(0.046875, 0.1875, 0.996094, 1.0)	66	4.253639183822304	0.22653772356245128	0.22559762409451325	0.41671514569859586
MdWfIbDeHtNiSoSc	Language	sub-02	NNLS	14	14.TemporalParietal	(0.046875, 0.1875, 0.996094, 1.0)	66	4.253639183822304	0.25468149574590754	0.25859438237709326	-1.5131367492275152
MdWfIbDeHtNiSoSc	Language	sub-03	NNLS	14	14.TemporalParietal	(0.046875, 0.1875, 0.996094, 1.0)	66	4.253639183822304	0.07025304924892514	0.06846047788338992	2.6184032319910795
MdWfIbDeHtNiSoSc	Language	sub-04	NNLS	14	14.TemporalParietal	(0.046875, 0.1875, 0.996094, 1.0)	66	4.253639183822304	0.3303666723552545	0.32662057694371077	1.1469257223770517
MdWfIbDeHtNiSoSc	Language	sub-06	NNLS	14	14.TemporalParietal	(0.046875, 0.1875, 0.996094, 1.0)	66	4.253639183822304	0.35505527452829916	0.3578151781139556	-0.7713209932020986
MdWfIbDeHtNiSoSc	Language	sub-07	NNLS	14	14.TemporalParietal	(0.046875, 0.1875, 0.996094, 1.0)	66	4.253639183822304	0.4747598798715486	0.47450218412582285	0.05430865322580443
MdWfIbDeHtNiSoSc	Language	sub-08	NNLS	14	14.TemporalParietal	(0.046875, 0.1875, 0.996094, 1.0)	66	4.253639183822304	0.3526435811506618	0.3534840753567601	-0.23777427745507088
MdWfIbDeHtNiSoSc	Language	sub-09	NNLS	14	14.TemporalParietal	(0.046875, 0.1875, 0.996094, 1.0)	66	4.253639183822304	0.3793956259728248	0.37896441067392966	0.11378780876237582
MdWfIbDeHtNiSoSc	Language	sub-10	NNLS	14	14.TemporalParietal	(0.046875, 0.1875, 0.996094, 1.0)	66	4.253639183822304	0.23891555463370875	0.23751971143810716	0.5876746764090469
MdWfIbDeHtNiSoSc	Language	sub-12	NNLS	14	14.TemporalParietal	(0.046875, 0.1875, 0.996094, 1.0)	66	4.253639183822304	0.353584250622065	0.35740734864540696	-1.0696752704810661
MdWfIbDeHtNiSoSc	Language	sub-13	NNLS	14	14.TemporalParietal	(0.046875, 0.1875, 0.996094, 1.0)	66	4.253639183822304	0.3782539230121286	0.37754426851981876	0.18796590267204943
MdWfIbDeHtNiSoSc	Language	sub-14	NNLS	14	14.TemporalParietal	(0.046875, 0.1875, 0.996094, 1.0)	66	4.253639183822304	0.37947657217485636	0.38223525359071314	-0.7217234386262806
MdWfIbDeHtNiSoSc	Language	sub-15	NNLS	14	14.TemporalParietal	(0.046875, 0.1875, 0.996094, 1.0)	66	4.253639183822304	0.40509910092169443	0.3999902833700953	1.2772354139593323
MdWfIbDeHtNiSoSc	Language	sub-16	NNLS	14	14.TemporalParietal	(0.046875, 0.1875, 0.996094, 1.0)	66	4.253639183822304	0.36195944158299825	0.3665084350038609	-1.2411701850230823
MdWfIbDeHtNiSoSc	Language	sub-17	NNLS	14	14.TemporalParietal	(0.046875, 0.1875, 0.996094, 1.0)	66	4.253639183822304	0.44738755704272987	0.4530434280122841	-1.2484169551623792
MdWfIbDeHtNiSoSc	Language	sub-18	NNLS	14	14.TemporalParietal	(0.046875, 0.1875, 0.996094, 1.0)	66	4.253639183822304	0.3451340030817749	0.34498340145453993	0.04365474588052147
MdWfIbDeHtNiSoSc	Language	sub-19	NNLS	14	14.TemporalParietal	(0.046875, 0.1875, 0.996094, 1.0)	66	4.253639183822304	0.3492137499394999	0.3468069182856661	0.6939975897053031
MdWfIbDeHtNiSoSc	Language	sub-01	NNLS	15	15.DefaultC	(0.0, 0.0, 0.507812, 1.0)	46	0.34368020526673876	0.22573266290609556	0.22559762409451325	0.059858259644494906
MdWfIbDeHtNiSoSc	Language	sub-02	NNLS	15	15.DefaultC	(0.0, 0.0, 0.507812, 1.0)	46	0.34368020526673876	0.2585655915931057	0.25859438237709326	-0.01113356899824621
MdWfIbDeHtNiSoSc	Language	sub-03	NNLS	15	15.DefaultC	(0.0, 0.0, 0.507812, 1.0)	46	0.34368020526673876	0.06842521252948251	0.06846047788338992	-0.05151198910337449
MdWfIbDeHtNiSoSc	Language	sub-04	NNLS	15	15.DefaultC	(0.0, 0.0, 0.507812, 1.0)	46	0.34368020526673876	0.3266950762664876	0.32662057694371077	0.022809133298925626
MdWfIbDeHtNiSoSc	Language	sub-06	NNLS	15	15.DefaultC	(0.0, 0.0, 0.507812, 1.0)	46	0.34368020526673876	0.35761212515632834	0.3578151781139556	-0.05674800009813142
MdWfIbDeHtNiSoSc	Language	sub-07	NNLS	15	15.DefaultC	(0.0, 0.0, 0.507812, 1.0)	46	0.34368020526673876	0.4746111123924424	0.47450218412582285	0.022956325653220512
MdWfIbDeHtNiSoSc	Language	sub-08	NNLS	15	15.DefaultC	(0.0, 0.0, 0.507812, 1.0)	46	0.34368020526673876	0.3531931803762712	0.3534840753567601	-0.08229365925333619
MdWfIbDeHtNiSoSc	Language	sub-09	NNLS	15	15.DefaultC	(0.0, 0.0, 0.507812, 1.0)	46	0.34368020526673876	0.3788120724786567	0.37896441067392966	-0.04019854925216556
MdWfIbDeHtNiSoSc	Language	sub-10	NNLS	15	15.DefaultC	(0.0, 0.0, 0.507812, 1.0)	46	0.34368020526673876	0.2373722790939851	0.23751971143810716	-0.06207162480512063
MdWfIbDeHtNiSoSc	Language	sub-12	NNLS	15	15.DefaultC	(0.0, 0.0, 0.507812, 1.0)	46	0.34368020526673876	0.3571530685594601	0.35740734864540696	-0.07114573522637169
MdWfIbDeHtNiSoSc	Language	sub-13	NNLS	15	15.DefaultC	(0.0, 0.0, 0.507812, 1.0)	46	0.34368020526673876	0.37741922510093856	0.37754426851981876	-0.03312020054507479
MdWfIbDeHtNiSoSc	Language	sub-14	NNLS	15	15.DefaultC	(0.0, 0.0, 0.507812, 1.0)	46	0.34368020526673876	0.3820000190406248	0.38223525359071314	-0.06154182479992268
MdWfIbDeHtNiSoSc	Language	sub-15	NNLS	15	15.DefaultC	(0.0, 0.0, 0.507812, 1.0)	46	0.34368020526673876	0.3997890007649469	0.3999902833700953	-0.05032187368465694
MdWfIbDeHtNiSoSc	Language	sub-16	NNLS	15	15.DefaultC	(0.0, 0.0, 0.507812, 1.0)	46	0.34368020526673876	0.3662160448036653	0.3665084350038609	-0.07977720899997238
MdWfIbDeHtNiSoSc	Language	sub-17	NNLS	15	15.DefaultC	(0.0, 0.0, 0.507812, 1.0)	46	0.34368020526673876	0.4527276611478912	0.4530434280122841	-0.06969902770211332
MdWfIbDeHtNiSoSc	Language	sub-18	NNLS	15	15.DefaultC	(0.0, 0.0, 0.507812, 1.0)	46	0.34368020526673876	0.3446656670820291	0.34498340145453993	-0.09210135072329945
MdWfIbDeHtNiSoSc	Language	sub-19	NNLS	15	15.DefaultC	(0.0, 0.0, 0.507812, 1.0)	46	0.34368020526673876	0.3463270715788064	0.3468069182856661	-0.13836134216460236
MdWfIbDeHtNiSoSc	Language	sub-01	NNLS	16	16.DefaultA	(0.996094, 0.996094, 0.0, 1.0)	154	3.524137944717759	0.22589219870799043	0.22559762409451325	0.13057522864414864
MdWfIbDeHtNiSoSc	Language	sub-02	NNLS	16	16.DefaultA	(0.996094, 0.996094, 0.0, 1.0)	154	3.524137944717759	0.2594749070976349	0.25859438237709326	0.34050419519848724
MdWfIbDeHtNiSoSc	Language	sub-03	NNLS	16	16.DefaultA	(0.996094, 0.996094, 0.0, 1.0)	154	3.524137944717759	0.06991660977800308	0.06846047788338992	2.126967178192093
MdWfIbDeHtNiSoSc	Language	sub-04	NNLS	16	16.DefaultA	(0.996094, 0.996094, 0.0, 1.0)	154	3.524137944717759	0.3286140246762245	0.32662057694371077	0.610325213177644
MdWfIbDeHtNiSoSc	Language	sub-06	NNLS	16	16.DefaultA	(0.996094, 0.996094, 0.0, 1.0)	154	3.524137944717759	0.35530923965838784	0.3578151781139556	-0.7003443701791918
MdWfIbDeHtNiSoSc	Language	sub-07	NNLS	16	16.DefaultA	(0.996094, 0.996094, 0.0, 1.0)	154	3.524137944717759	0.479390576068983	0.47450218412582285	1.0302148455156335
MdWfIbDeHtNiSoSc	Language	sub-08	NNLS	16	16.DefaultA	(0.996094, 0.996094, 0.0, 1.0)	154	3.524137944717759	0.34873464508168167	0.3534840753567601	-1.343605159662414
MdWfIbDeHtNiSoSc	Language	sub-09	NNLS	16	16.DefaultA	(0.996094, 0.996094, 0.0, 1.0)	154	3.524137944717759	0.37745704641485583	0.37896441067392966	-0.3977587912261245
MdWfIbDeHtNiSoSc	Language	sub-10	NNLS	16	16.DefaultA	(0.996094, 0.996094, 0.0, 1.0)	154	3.524137944717759	0.23904478364791404	0.23751971143810716	0.6420823773206231
MdWfIbDeHtNiSoSc	Language	sub-12	NNLS	16	16.DefaultA	(0.996094, 0.996094, 0.0, 1.0)	154	3.524137944717759	0.36044777400903644	0.35740734864540696	0.8506891017078547
MdWfIbDeHtNiSoSc	Language	sub-13	NNLS	16	16.DefaultA	(0.996094, 0.996094, 0.0, 1.0)	154	3.524137944717759	0.3758681079809062	0.37754426851981876	-0.4439639742073254
MdWfIbDeHtNiSoSc	Language	sub-14	NNLS	16	16.DefaultA	(0.996094, 0.996094, 0.0, 1.0)	154	3.524137944717759	0.38271358634791763	0.38223525359071314	0.12514093158886827
MdWfIbDeHtNiSoSc	Language	sub-15	NNLS	16	16.DefaultA	(0.996094, 0.996094, 0.0, 1.0)	154	3.524137944717759	0.4063640954749867	0.3999902833700953	1.593491734646456
MdWfIbDeHtNiSoSc	Language	sub-16	NNLS	16	16.DefaultA	(0.996094, 0.996094, 0.0, 1.0)	154	3.524137944717759	0.3669005439074317	0.3665084350038609	0.10698496026884097
MdWfIbDeHtNiSoSc	Language	sub-17	NNLS	16	16.DefaultA	(0.996094, 0.996094, 0.0, 1.0)	154	3.524137944717759	0.4536784089022259	0.4530434280122841	0.1401589451871658
MdWfIbDeHtNiSoSc	Language	sub-18	NNLS	16	16.DefaultA	(0.996094, 0.996094, 0.0, 1.0)	154	3.524137944717759	0.3457021196028817	0.34498340145453993	0.20833412428293285
MdWfIbDeHtNiSoSc	Language	sub-19	NNLS	16	16.DefaultA	(0.996094, 0.996094, 0.0, 1.0)	154	3.524137944717759	0.3439151172895152	0.3468069182856661	-0.833836017587444
MdWfIbDeHtNiSoSc	Language	sub-01	NNLS	17	17.DefaultB	(0.800781, 0.242188, 0.304688, 1.0)	148	6.498835124973606	0.22826393616300952	0.22559762409451325	1.1818883639391642
MdWfIbDeHtNiSoSc	Language	sub-02	NNLS	17	17.DefaultB	(0.800781, 0.242188, 0.304688, 1.0)	148	6.498835124973606	0.263419045195043	0.25859438237709326	1.8657260740158756
MdWfIbDeHtNiSoSc	Language	sub-03	NNLS	17	17.DefaultB	(0.800781, 0.242188, 0.304688, 1.0)	148	6.498835124973606	0.07031589879915141	0.06846047788338992	2.710207367996855
MdWfIbDeHtNiSoSc	Language	sub-04	NNLS	17	17.DefaultB	(0.800781, 0.242188, 0.304688, 1.0)	148	6.498835124973606	0.32883476415375984	0.32662057694371077	0.6779080579576152
MdWfIbDeHtNiSoSc	Language	sub-06	NNLS	17	17.DefaultB	(0.800781, 0.242188, 0.304688, 1.0)	148	6.498835124973606	0.357569714956195	0.3578151781139556	-0.06860054373725016
MdWfIbDeHtNiSoSc	Language	sub-07	NNLS	17	17.DefaultB	(0.800781, 0.242188, 0.304688, 1.0)	148	6.498835124973606	0.4722778655328451	0.47450218412582285	-0.46876888397797284
MdWfIbDeHtNiSoSc	Language	sub-08	NNLS	17	17.DefaultB	(0.800781, 0.242188, 0.304688, 1.0)	148	6.498835124973606	0.35107928509587727	0.3534840753567601	-0.6803107773541787
MdWfIbDeHtNiSoSc	Language	sub-09	NNLS	17	17.DefaultB	(0.800781, 0.242188, 0.304688, 1.0)	148	6.498835124973606	0.3786400120341987	0.37896441067392966	-0.08560134687952506
MdWfIbDeHtNiSoSc	Language	sub-10	NNLS	17	17.DefaultB	(0.800781, 0.242188, 0.304688, 1.0)	148	6.498835124973606	0.23540317137151842	0.23751971143810716	-0.8911008074966706
MdWfIbDeHtNiSoSc	Language	sub-12	NNLS	17	17.DefaultB	(0.800781, 0.242188, 0.304688, 1.0)	148	6.498835124973606	0.35504740888665737	0.35740734864540696	-0.6602941343242926
MdWfIbDeHtNiSoSc	Language	sub-13	NNLS	17	17.DefaultB	(0.800781, 0.242188, 0.304688, 1.0)	148	6.498835124973606	0.38051730800403555	0.37754426851981876	0.7874677838105552
MdWfIbDeHtNiSoSc	Language	sub-14	NNLS	17	17.DefaultB	(0.800781, 0.242188, 0.304688, 1.0)	148	6.498835124973606	0.3835952425802497	0.38223525359071314	0.3557989423426602
MdWfIbDeHtNiSoSc	Language	sub-15	NNLS	17	17.DefaultB	(0.800781, 0.242188, 0.304688, 1.0)	148	6.498835124973606	0.40077199324485346	0.3999902833700953	0.19543221604583047
MdWfIbDeHtNiSoSc	Language	sub-16	NNLS	17	17.DefaultB	(0.800781, 0.242188, 0.304688, 1.0)	148	6.498835124973606	0.3616674337421953	0.3665084350038609	-1.32084306916827
MdWfIbDeHtNiSoSc	Language	sub-17	NNLS	17	17.DefaultB	(0.800781, 0.242188, 0.304688, 1.0)	148	6.498835124973606	0.4516832834207062	0.4530434280122841	-0.3002238874859091
MdWfIbDeHtNiSoSc	Language	sub-18	NNLS	17	17.DefaultB	(0.800781, 0.242188, 0.304688, 1.0)	148	6.498835124973606	0.3421546925193485	0.34498340145453993	-0.8199550828430768
MdWfIbDeHtNiSoSc	Language	sub-19	NNLS	17	17.DefaultB	(0.800781, 0.242188, 0.304688, 1.0)	148	6.498835124973606	0.34713207744030583	0.3468069182856661	0.09375797814156477
