eval_subj	num_regions	subj_id	mname	R_train	R2_train	logalpha	train_dataset	train_ses	run	cond_num	task_code	subj_list	method	cerebellum	cortex	parcellation	crossed	type	add_rest	cortical_cerebellar_act	std_cortex	std_cerebellum	append	load_default_group	hippocampus	hipp_label_img	extension	eval_dataset	eval_ses	splitby	cortical_act	dataset	mix_param	R_eval	R2_eval	group_noiseceil_Y_upper	group_noiseceil_Y_lower	model	group_noiseceiling_Y	mean_group_noiseceiling_Y	R_eval_adj	isbest
sub-02	1876	group	WfIbDeHtNiSoScLa_Icosahedron1002_NPLS_sc_A2_global	0.5986775736889216	0.3564212047959826	2.0	Global	all	all	all	all	all	NPLS	MNISymC3	fs32k	Icosahedron1002	half	CondHalf	False	ind	parcel	global	False	False		/cifs/diedrichsen/data/FunctionalFusion_new/Atlases/tpl-MNI152NLin6Asym/atl-Platchi5_space-MNI152NLin6Asym_dseg.nii	WfIbDeHtNiSoScLa-sc-global-Cavg	MDTB	all		avg	WfIbDeHtNiSoScLa		0.1088951646027446	-0.0668071114534545	0.3750656347683047	0.2905136507320132	global	0.33278964275015893	0.4054166789931486	0.2686006033920102	True
sub-03	1876	group	WfIbDeHtNiSoScLa_Icosahedron1002_NPLS_sc_A2_global	0.5986775736889216	0.3564212047959826	2.0	Global	all	all	all	all	all	NPLS	MNISymC3	fs32k	Icosahedron1002	half	CondHalf	False	ind	parcel	global	False	False		/cifs/diedrichsen/data/FunctionalFusion_new/Atlases/tpl-MNI152NLin6Asym/atl-Platchi5_space-MNI152NLin6Asym_dseg.nii	WfIbDeHtNiSoScLa-sc-global-Cavg	MDTB	all		avg	WfIbDeHtNiSoScLa		0.2376618565017182	0.0334682650878349	0.42036767438127	0.3388101101787188	global	0.37958889227999437	0.4054166789931486	0.5862162777613168	True
sub-04	1876	group	WfIbDeHtNiSoScLa_Icosahedron1002_NPLS_sc_A2_global	0.5986775736889216	0.3564212047959826	2.0	Global	all	all	all	all	all	NPLS	MNISymC3	fs32k	Icosahedron1002	half	CondHalf	False	ind	parcel	global	False	False		/cifs/diedrichsen/data/FunctionalFusion_new/Atlases/tpl-MNI152NLin6Asym/atl-Platchi5_space-MNI152NLin6Asym_dseg.nii	WfIbDeHtNiSoScLa-sc-global-Cavg	MDTB	all		avg	WfIbDeHtNiSoScLa		0.153756058151037	-0.0318722775597399	0.3331913772547054	0.246263471849742	global	0.28972742455222367	0.4054166789931486	0.3792543970635096	True
sub-06	1876	group	WfIbDeHtNiSoScLa_Icosahedron1002_NPLS_sc_A2_global	0.5986775736889216	0.3564212047959826	2.0	Global	all	all	all	all	all	NPLS	MNISymC3	fs32k	Icosahedron1002	half	CondHalf	False	ind	parcel	global	False	False		/cifs/diedrichsen/data/FunctionalFusion_new/Atlases/tpl-MNI152NLin6Asym/atl-Platchi5_space-MNI152NLin6Asym_dseg.nii	WfIbDeHtNiSoScLa-sc-global-Cavg	MDTB	all		avg	WfIbDeHtNiSoScLa		0.2249539076680869	0.0235721162036219	0.5496691353261127	0.4791634051532334	global	0.5144162702396731	0.4054166789931486	0.5548708756303747	True
sub-08	1876	group	WfIbDeHtNiSoScLa_Icosahedron1002_NPLS_sc_A2_global	0.5986775736889216	0.3564212047959826	2.0	Global	all	all	all	all	all	NPLS	MNISymC3	fs32k	Icosahedron1002	half	CondHalf	False	ind	parcel	global	False	False		/cifs/diedrichsen/data/FunctionalFusion_new/Atlases/tpl-MNI152NLin6Asym/atl-Platchi5_space-MNI152NLin6Asym_dseg.nii	WfIbDeHtNiSoScLa-sc-global-Cavg	MDTB	all		avg	WfIbDeHtNiSoScLa		0.2246901388905806	0.0233667097192727	0.4207280834389532	0.3391961322474637	global	0.37996210784320844	0.4054166789931486	0.5542202640715178	True
sub-09	1876	group	WfIbDeHtNiSoScLa_Icosahedron1002_NPLS_sc_A2_global	0.5986775736889216	0.3564212047959826	2.0	Global	all	all	all	all	all	NPLS	MNISymC3	fs32k	Icosahedron1002	half	CondHalf	False	ind	parcel	global	False	False		/cifs/diedrichsen/data/FunctionalFusion_new/Atlases/tpl-MNI152NLin6Asym/atl-Platchi5_space-MNI152NLin6Asym_dseg.nii	WfIbDeHtNiSoScLa-sc-global-Cavg	MDTB	all		avg	WfIbDeHtNiSoScLa		0.1876545105300109	-0.0054743012947642	0.435667884572281	0.3552227487776702	global	0.3954453166749756	0.4054166789931486	0.46286825444885604	True
sub-10	1876	group	WfIbDeHtNiSoScLa_Icosahedron1002_NPLS_sc_A2_global	0.5986775736889216	0.3564212047959826	2.0	Global	all	all	all	all	all	NPLS	MNISymC3	fs32k	Icosahedron1002	half	CondHalf	False	ind	parcel	global	False	False		/cifs/diedrichsen/data/FunctionalFusion_new/Atlases/tpl-MNI152NLin6Asym/atl-Platchi5_space-MNI152NLin6Asym_dseg.nii	WfIbDeHtNiSoScLa-sc-global-Cavg	MDTB	all		avg	WfIbDeHtNiSoScLa		0.3074638515762367	0.087825655467345	0.5703422583693568	0.5019580381322609	global	0.5361501482508089	0.4054166789931486	0.7583897444471759	True
sub-12	1876	group	WfIbDeHtNiSoScLa_Icosahedron1002_NPLS_sc_A2_global	0.5986775736889216	0.3564212047959826	2.0	Global	all	all	all	all	all	NPLS	MNISymC3	fs32k	Icosahedron1002	half	CondHalf	False	ind	parcel	global	False	False		/cifs/diedrichsen/data/FunctionalFusion_new/Atlases/tpl-MNI152NLin6Asym/atl-Platchi5_space-MNI152NLin6Asym_dseg.nii	WfIbDeHtNiSoScLa-sc-global-Cavg	MDTB	all		avg	WfIbDeHtNiSoScLa		0.2805904000920732	0.0668983067345468	0.4790033137684534	0.4019904245977363	global	0.44049686918309483	0.4054166789931486	0.6921037407462338	True
sub-14	1876	group	WfIbDeHtNiSoScLa_Icosahedron1002_NPLS_sc_A2_global	0.5986775736889216	0.3564212047959826	2.0	Global	all	all	all	all	all	NPLS	MNISymC3	fs32k	Icosahedron1002	half	CondHalf	False	ind	parcel	global	False	False		/cifs/diedrichsen/data/FunctionalFusion_new/Atlases/tpl-MNI152NLin6Asym/atl-Platchi5_space-MNI152NLin6Asym_dseg.nii	WfIbDeHtNiSoScLa-sc-global-Cavg	MDTB	all		avg	WfIbDeHtNiSoScLa		0.2393406945164888	0.03477563822603	0.407505314238891	0.3250522600421464	global	0.3662787871405187	0.4054166789931486	0.5903572963768804	True
sub-15	1876	group	WfIbDeHtNiSoScLa_Icosahedron1002_NPLS_sc_A2_global	0.5986775736889216	0.3564212047959826	2.0	Global	all	all	all	all	all	NPLS	MNISymC3	fs32k	Icosahedron1002	half	CondHalf	False	ind	parcel	global	False	False		/cifs/diedrichsen/data/FunctionalFusion_new/Atlases/tpl-MNI152NLin6Asym/atl-Platchi5_space-MNI152NLin6Asym_dseg.nii	WfIbDeHtNiSoScLa-sc-global-Cavg	MDTB	all		avg	WfIbDeHtNiSoScLa		0.1915370694068898	-0.0024508093685429	0.4043049237314933	0.3216346611675762	global	0.36296979244953476	0.4054166789931486	0.47244496670085623	True
sub-17	1876	group	WfIbDeHtNiSoScLa_Icosahedron1002_NPLS_sc_A2_global	0.5986775736889216	0.3564212047959826	2.0	Global	all	all	all	all	all	NPLS	MNISymC3	fs32k	Icosahedron1002	half	CondHalf	False	ind	parcel	global	False	False		/cifs/diedrichsen/data/FunctionalFusion_new/Atlases/tpl-MNI152NLin6Asym/atl-Platchi5_space-MNI152NLin6Asym_dseg.nii	WfIbDeHtNiSoScLa-sc-global-Cavg	MDTB	all		avg	WfIbDeHtNiSoScLa		0.1825438663369273	-0.0094541485927912	0.531874579337113	0.4596223670843313	global	0.49574847321072213	0.4054166789931486	0.4502623493199011	True
sub-18	1876	group	WfIbDeHtNiSoScLa_Icosahedron1002_NPLS_sc_A2_global	0.5986775736889216	0.3564212047959826	2.0	Global	all	all	all	all	all	NPLS	MNISymC3	fs32k	Icosahedron1002	half	CondHalf	False	ind	parcel	global	False	False		/cifs/diedrichsen/data/FunctionalFusion_new/Atlases/tpl-MNI152NLin6Asym/atl-Platchi5_space-MNI152NLin6Asym_dseg.nii	WfIbDeHtNiSoScLa-sc-global-Cavg	MDTB	all		avg	WfIbDeHtNiSoScLa		0.184053663355166	-0.008278413918924	0.4080237624185024	0.3256061048112154	global	0.3668149336148589	0.4054166789931486	0.4539864117388136	True
sub-19	1876	group	WfIbDeHtNiSoScLa_Icosahedron1002_NPLS_sc_A2_global	0.5986775736889216	0.3564212047959826	2.0	Global	all	all	all	all	all	NPLS	MNISymC3	fs32k	Icosahedron1002	half	CondHalf	False	ind	parcel	global	False	False		/cifs/diedrichsen/data/FunctionalFusion_new/Atlases/tpl-MNI152NLin6Asym/atl-Platchi5_space-MNI152NLin6Asym_dseg.nii	WfIbDeHtNiSoScLa-sc-global-Cavg	MDTB	all		avg	WfIbDeHtNiSoScLa		0.2137452943118868	0.0148435552052506	0.5254335003873118	0.4525671471830247	global	0.4890003237851683	0.4054166789931486	0.5272237315019273	True
sub-20	1876	group	WfIbDeHtNiSoScLa_Icosahedron1002_NPLS_sc_A2_global	0.5986775736889216	0.3564212047959826	2.0	Global	all	all	all	all	all	NPLS	MNISymC3	fs32k	Icosahedron1002	half	CondHalf	False	ind	parcel	global	False	False		/cifs/diedrichsen/data/FunctionalFusion_new/Atlases/tpl-MNI152NLin6Asym/atl-Platchi5_space-MNI152NLin6Asym_dseg.nii	WfIbDeHtNiSoScLa-sc-global-Cavg	MDTB	all		avg	WfIbDeHtNiSoScLa		0.1726748407979063	-0.0171395231056141	0.438300366915444	0.3580518271024704	global	0.3981760970089572	0.4054166789931486	0.4259194299226758	True
sub-21	1876	group	WfIbDeHtNiSoScLa_Icosahedron1002_NPLS_sc_A2_global	0.5986775736889216	0.3564212047959826	2.0	Global	all	all	all	all	all	NPLS	MNISymC3	fs32k	Icosahedron1002	half	CondHalf	False	ind	parcel	global	False	False		/cifs/diedrichsen/data/FunctionalFusion_new/Atlases/tpl-MNI152NLin6Asym/atl-Platchi5_space-MNI152NLin6Asym_dseg.nii	WfIbDeHtNiSoScLa-sc-global-Cavg	MDTB	all		avg	WfIbDeHtNiSoScLa		0.1540378820525868	-0.0316528108837737	0.3701205186875111	0.2852684928985194	global	0.3276945057930153	0.4054166789931486	0.3799495433565771	True
sub-22	1876	group	WfIbDeHtNiSoScLa_Icosahedron1002_NPLS_sc_A2_global	0.5986775736889216	0.3564212047959826	2.0	Global	all	all	all	all	all	NPLS	MNISymC3	fs32k	Icosahedron1002	half	CondHalf	False	ind	parcel	global	False	False		/cifs/diedrichsen/data/FunctionalFusion_new/Atlases/tpl-MNI152NLin6Asym/atl-Platchi5_space-MNI152NLin6Asym_dseg.nii	WfIbDeHtNiSoScLa-sc-global-Cavg	MDTB	all		avg	WfIbDeHtNiSoScLa		0.347432597455053	0.1189507933719967	0.5267754454398101	0.4540362557832254	global	0.49040585061151776	0.4054166789931486	0.856976576094257	True
sub-24	1876	group	WfIbDeHtNiSoScLa_Icosahedron1002_NPLS_sc_A2_global	0.5986775736889216	0.3564212047959826	2.0	Global	all	all	all	all	all	NPLS	MNISymC3	fs32k	Icosahedron1002	half	CondHalf	False	ind	parcel	global	False	False		/cifs/diedrichsen/data/FunctionalFusion_new/Atlases/tpl-MNI152NLin6Asym/atl-Platchi5_space-MNI152NLin6Asym_dseg.nii	WfIbDeHtNiSoScLa-sc-global-Cavg	MDTB	all		avg	WfIbDeHtNiSoScLa		0.1589516626709902	-0.0278262685187786	0.4546006497755788	0.3756035791928173	global	0.41510211448419804	0.4054166789931486	0.3920698651711772	True
sub-25	1876	group	WfIbDeHtNiSoScLa_Icosahedron1002_NPLS_sc_A2_global	0.5986775736889216	0.3564212047959826	2.0	Global	all	all	all	all	all	NPLS	MNISymC3	fs32k	Icosahedron1002	half	CondHalf	False	ind	parcel	global	False	False		/cifs/diedrichsen/data/FunctionalFusion_new/Atlases/tpl-MNI152NLin6Asym/atl-Platchi5_space-MNI152NLin6Asym_dseg.nii	WfIbDeHtNiSoScLa-sc-global-Cavg	MDTB	all		avg	WfIbDeHtNiSoScLa		0.1512367686309663	-0.0338341413112746	0.4452463271758239	0.3655238692944495	global	0.4053850982351367	0.4054166789931486	0.3730403223827951	True
sub-26	1876	group	WfIbDeHtNiSoScLa_Icosahedron1002_NPLS_sc_A2_global	0.5986775736889216	0.3564212047959826	2.0	Global	all	all	all	all	all	NPLS	MNISymC3	fs32k	Icosahedron1002	half	CondHalf	False	ind	parcel	global	False	False		/cifs/diedrichsen/data/FunctionalFusion_new/Atlases/tpl-MNI152NLin6Asym/atl-Platchi5_space-MNI152NLin6Asym_dseg.nii	WfIbDeHtNiSoScLa-sc-global-Cavg	MDTB	all		avg	WfIbDeHtNiSoScLa		0.2173923088522431	0.0176836200612517	0.4574426207556252	0.3786697852097578	global	0.4180562029826915	0.4054166789931486	0.5362194505468705	True
sub-27	1876	group	WfIbDeHtNiSoScLa_Icosahedron1002_NPLS_sc_A2_global	0.5986775736889216	0.3564212047959826	2.0	Global	all	all	all	all	all	NPLS	MNISymC3	fs32k	Icosahedron1002	half	CondHalf	False	ind	parcel	global	False	False		/cifs/diedrichsen/data/FunctionalFusion_new/Atlases/tpl-MNI152NLin6Asym/atl-Platchi5_space-MNI152NLin6Asym_dseg.nii	WfIbDeHtNiSoScLa-sc-global-Cavg	MDTB	all		avg	WfIbDeHtNiSoScLa		0.2356349423959578	0.0318898322479868	0.5166137691870436	0.4429219439029584	global	0.479767856545001	0.4054166789931486	0.5812166953297448	True
sub-28	1876	group	WfIbDeHtNiSoScLa_Icosahedron1002_NPLS_sc_A2_global	0.5986775736889216	0.3564212047959826	2.0	Global	all	all	all	all	all	NPLS	MNISymC3	fs32k	Icosahedron1002	half	CondHalf	False	ind	parcel	global	False	False		/cifs/diedrichsen/data/FunctionalFusion_new/Atlases/tpl-MNI152NLin6Asym/atl-Platchi5_space-MNI152NLin6Asym_dseg.nii	WfIbDeHtNiSoScLa-sc-global-Cavg	MDTB	all		avg	WfIbDeHtNiSoScLa		0.2761819187720458	0.0634652595868585	0.4547844140581377	0.3758017883334354	global	0.41529310119578655	0.4054166789931486	0.6812297892083349	True
sub-29	1876	group	WfIbDeHtNiSoScLa_Icosahedron1002_NPLS_sc_A2_global	0.5986775736889216	0.3564212047959826	2.0	Global	all	all	all	all	all	NPLS	MNISymC3	fs32k	Icosahedron1002	half	CondHalf	False	ind	parcel	global	False	False		/cifs/diedrichsen/data/FunctionalFusion_new/Atlases/tpl-MNI152NLin6Asym/atl-Platchi5_space-MNI152NLin6Asym_dseg.nii	WfIbDeHtNiSoScLa-sc-global-Cavg	MDTB	all		avg	WfIbDeHtNiSoScLa		0.1727911396743297	-0.0170489568772467	0.3507040618264951	0.2647244884736082	global	0.3077142751500517	0.4054166789931486	0.42620629250739295	True
sub-30	1876	group	WfIbDeHtNiSoScLa_Icosahedron1002_NPLS_sc_A2_global	0.5986775736889216	0.3564212047959826	2.0	Global	all	all	all	all	all	NPLS	MNISymC3	fs32k	Icosahedron1002	half	CondHalf	False	ind	parcel	global	False	False		/cifs/diedrichsen/data/FunctionalFusion_new/Atlases/tpl-MNI152NLin6Asym/atl-Platchi5_space-MNI152NLin6Asym_dseg.nii	WfIbDeHtNiSoScLa-sc-global-Cavg	MDTB	all		avg	WfIbDeHtNiSoScLa		0.2071487336457148	0.0097065698954407	0.3545028246281645	0.2687375334160915	global	0.311620179022128	0.4054166789931486	0.5109526676607588	True
sub-31	1876	group	WfIbDeHtNiSoScLa_Icosahedron1002_NPLS_sc_A2_global	0.5986775736889216	0.3564212047959826	2.0	Global	all	all	all	all	all	NPLS	MNISymC3	fs32k	Icosahedron1002	half	CondHalf	False	ind	parcel	global	False	False		/cifs/diedrichsen/data/FunctionalFusion_new/Atlases/tpl-MNI152NLin6Asym/atl-Platchi5_space-MNI152NLin6Asym_dseg.nii	WfIbDeHtNiSoScLa-sc-global-Cavg	MDTB	all		avg	WfIbDeHtNiSoScLa		0.2127123336635149	0.0140391506155213	0.4510340031808647	0.3717580624834209	global	0.41139603283214277	0.4054166789931486	0.5246758327550448	True
sub-01	1876	group	MdWfIbDeHtNiSoSc_Icosahedron1002_NPLS_sc_A2_global	0.5799487909919971	0.334499372323037	2.0	Global	all	all	all	all	all	NPLS	MNISymC3	fs32k	Icosahedron1002	half	CondHalf	False	ind	parcel	global	False	False		/cifs/diedrichsen/data/FunctionalFusion_new/Atlases/tpl-MNI152NLin6Asym/atl-Platchi5_space-MNI152NLin6Asym_dseg.nii	MdWfIbDeHtNiSoSc-sc-global-Cavg	Language	ses-localizer		avg	MdWfIbDeHtNiSoSc		0.1673451410208566	0.0151757478152826	0.3641851522855345	0.2473897821081014	global	0.30578746719681793	0.41211353319290933	0.40606562886767117	True
sub-02	1876	group	MdWfIbDeHtNiSoSc_Icosahedron1002_NPLS_sc_A2_global	0.5799487909919971	0.334499372323037	2.0	Global	all	all	all	all	all	NPLS	MNISymC3	fs32k	Icosahedron1002	half	CondHalf	False	ind	parcel	global	False	False		/cifs/diedrichsen/data/FunctionalFusion_new/Atlases/tpl-MNI152NLin6Asym/atl-Platchi5_space-MNI152NLin6Asym_dseg.nii	MdWfIbDeHtNiSoSc-sc-global-Cavg	Language	ses-localizer		avg	MdWfIbDeHtNiSoSc		0.331272158908858	0.1071744637370682	0.473073107698103	0.3661682893766651	global	0.41962069853738404	0.41211353319290933	0.8038371279445229	True
sub-03	1876	group	MdWfIbDeHtNiSoSc_Icosahedron1002_NPLS_sc_A2_global	0.5799487909919971	0.334499372323037	2.0	Global	all	all	all	all	all	NPLS	MNISymC3	fs32k	Icosahedron1002	half	CondHalf	False	ind	parcel	global	False	False		/cifs/diedrichsen/data/FunctionalFusion_new/Atlases/tpl-MNI152NLin6Asym/atl-Platchi5_space-MNI152NLin6Asym_dseg.nii	MdWfIbDeHtNiSoSc-sc-global-Cavg	Language	ses-localizer		avg	MdWfIbDeHtNiSoSc		0.1684316862672601	0.0157855360536581	0.1998680965539342	0.0747782416354455	global	0.13732316909468983	0.41211353319290933	0.4087021480763109	True
sub-04	1876	group	MdWfIbDeHtNiSoSc_Icosahedron1002_NPLS_sc_A2_global	0.5799487909919971	0.334499372323037	2.0	Global	all	all	all	all	all	NPLS	MNISymC3	fs32k	Icosahedron1002	half	CondHalf	False	ind	parcel	global	False	False		/cifs/diedrichsen/data/FunctionalFusion_new/Atlases/tpl-MNI152NLin6Asym/atl-Platchi5_space-MNI152NLin6Asym_dseg.nii	MdWfIbDeHtNiSoSc-sc-global-Cavg	Language	ses-localizer		avg	MdWfIbDeHtNiSoSc		0.3169203334200565	0.0991199676990488	0.468165350113162	0.3607351048250393	global	0.41445022746910065	0.41211353319290933	0.7690121966261828	True
sub-06	1876	group	MdWfIbDeHtNiSoSc_Icosahedron1002_NPLS_sc_A2_global	0.5799487909919971	0.334499372323037	2.0	Global	all	all	all	all	all	NPLS	MNISymC3	fs32k	Icosahedron1002	half	CondHalf	False	ind	parcel	global	False	False		/cifs/diedrichsen/data/FunctionalFusion_new/Atlases/tpl-MNI152NLin6Asym/atl-Platchi5_space-MNI152NLin6Asym_dseg.nii	MdWfIbDeHtNiSoSc-sc-global-Cavg	Language	ses-localizer		avg	MdWfIbDeHtNiSoSc		0.3440681947812413	0.1143558233708579	0.4953774006254497	0.3909578721265421	global	0.4431676363759959	0.41211353319290933	0.8348869111759643	True
sub-07	1876	group	MdWfIbDeHtNiSoSc_Icosahedron1002_NPLS_sc_A2_global	0.5799487909919971	0.334499372323037	2.0	Global	all	all	all	all	all	NPLS	MNISymC3	fs32k	Icosahedron1002	half	CondHalf	False	ind	parcel	global	False	False		/cifs/diedrichsen/data/FunctionalFusion_new/Atlases/tpl-MNI152NLin6Asym/atl-Platchi5_space-MNI152NLin6Asym_dseg.nii	MdWfIbDeHtNiSoSc-sc-global-Cavg	Language	ses-localizer		avg	MdWfIbDeHtNiSoSc		0.4095238975749112	0.1510907111542124	0.5700560176232585	0.4751455296584138	global	0.5226007736408361	0.41211353319290933	0.9937162082547143	True
sub-08	1876	group	MdWfIbDeHtNiSoSc_Icosahedron1002_NPLS_sc_A2_global	0.5799487909919971	0.334499372323037	2.0	Global	all	all	all	all	all	NPLS	MNISymC3	fs32k	Icosahedron1002	half	CondHalf	False	ind	parcel	global	False	False		/cifs/diedrichsen/data/FunctionalFusion_new/Atlases/tpl-MNI152NLin6Asym/atl-Platchi5_space-MNI152NLin6Asym_dseg.nii	MdWfIbDeHtNiSoSc-sc-global-Cavg	Language	ses-localizer		avg	MdWfIbDeHtNiSoSc		0.2727040608202811	0.0743050204473017	0.4691087144441174	0.3617788695260082	global	0.41544379198506276	0.41211353319290933	0.6617207125120761	True
sub-09	1876	group	MdWfIbDeHtNiSoSc_Icosahedron1002_NPLS_sc_A2_global	0.5799487909919971	0.334499372323037	2.0	Global	all	all	all	all	all	NPLS	MNISymC3	fs32k	Icosahedron1002	half	CondHalf	False	ind	parcel	global	False	False		/cifs/diedrichsen/data/FunctionalFusion_new/Atlases/tpl-MNI152NLin6Asym/atl-Platchi5_space-MNI152NLin6Asym_dseg.nii	MdWfIbDeHtNiSoSc-sc-global-Cavg	Language	ses-localizer		avg	MdWfIbDeHtNiSoSc		0.3008251747957887	0.0900870825464513	0.4718310621582832	0.364792542988671	global	0.4183118025734771	0.41211353319290933	0.7299570399086437	True
sub-10	1876	group	MdWfIbDeHtNiSoSc_Icosahedron1002_NPLS_sc_A2_global	0.5799487909919971	0.334499372323037	2.0	Global	all	all	all	all	all	NPLS	MNISymC3	fs32k	Icosahedron1002	half	CondHalf	False	ind	parcel	global	False	False		/cifs/diedrichsen/data/FunctionalFusion_new/Atlases/tpl-MNI152NLin6Asym/atl-Platchi5_space-MNI152NLin6Asym_dseg.nii	MdWfIbDeHtNiSoSc-sc-global-Cavg	Language	ses-localizer		avg	MdWfIbDeHtNiSoSc		0.1906792014826794	0.0282712315701063	0.4193535797030959	0.3071114975741874	global	0.36323253863864163	0.41211353319290933	0.4626860952741946	True
sub-12	1876	group	MdWfIbDeHtNiSoSc_Icosahedron1002_NPLS_sc_A2_global	0.5799487909919971	0.334499372323037	2.0	Global	all	all	all	all	all	NPLS	MNISymC3	fs32k	Icosahedron1002	half	CondHalf	False	ind	parcel	global	False	False		/cifs/diedrichsen/data/FunctionalFusion_new/Atlases/tpl-MNI152NLin6Asym/atl-Platchi5_space-MNI152NLin6Asym_dseg.nii	MdWfIbDeHtNiSoSc-sc-global-Cavg	Language	ses-localizer		avg	MdWfIbDeHtNiSoSc		0.1866323504594756	0.0260000678384763	0.4881890882116344	0.3829510827084374	global	0.43557008546003595	0.41211353319290933	0.45286634732306513	True
sub-13	1876	group	MdWfIbDeHtNiSoSc_Icosahedron1002_NPLS_sc_A2_global	0.5799487909919971	0.334499372323037	2.0	Global	all	all	all	all	all	NPLS	MNISymC3	fs32k	Icosahedron1002	half	CondHalf	False	ind	parcel	global	False	False		/cifs/diedrichsen/data/FunctionalFusion_new/Atlases/tpl-MNI152NLin6Asym/atl-Platchi5_space-MNI152NLin6Asym_dseg.nii	MdWfIbDeHtNiSoSc-sc-global-Cavg	Language	ses-localizer		avg	MdWfIbDeHtNiSoSc		0.2738110798491068	0.0749262989312578	0.4526644341680763	0.343624950277391	global	0.39814469222273363	0.41211353319290933	0.6644069116772647	True
sub-14	1876	group	MdWfIbDeHtNiSoSc_Icosahedron1002_NPLS_sc_A2_global	0.5799487909919971	0.334499372323037	2.0	Global	all	all	all	all	all	NPLS	MNISymC3	fs32k	Icosahedron1002	half	CondHalf	False	ind	parcel	global	False	False		/cifs/diedrichsen/data/FunctionalFusion_new/Atlases/tpl-MNI152NLin6Asym/atl-Platchi5_space-MNI152NLin6Asym_dseg.nii	MdWfIbDeHtNiSoSc-sc-global-Cavg	Language	ses-localizer		avg	MdWfIbDeHtNiSoSc		0.2661824150709303	0.0706449585345853	0.5021182495622261	0.3984814726561439	global	0.45029986110918496	0.41211353319290933	0.6458958360543112	True
sub-15	1876	group	MdWfIbDeHtNiSoSc_Icosahedron1002_NPLS_sc_A2_global	0.5799487909919971	0.334499372323037	2.0	Global	all	all	all	all	all	NPLS	MNISymC3	fs32k	Icosahedron1002	half	CondHalf	False	ind	parcel	global	False	False		/cifs/diedrichsen/data/FunctionalFusion_new/Atlases/tpl-MNI152NLin6Asym/atl-Platchi5_space-MNI152NLin6Asym_dseg.nii	MdWfIbDeHtNiSoSc-sc-global-Cavg	Language	ses-localizer		avg	MdWfIbDeHtNiSoSc		0.3684209993776455	0.128023044191614	0.4956120870587671	0.3912195625324594	global	0.44341582479561326	0.41211353319290933	0.893979376321982	True
sub-16	1876	group	MdWfIbDeHtNiSoSc_Icosahedron1002_NPLS_sc_A2_global	0.5799487909919971	0.334499372323037	2.0	Global	all	all	all	all	all	NPLS	MNISymC3	fs32k	Icosahedron1002	half	CondHalf	False	ind	parcel	global	False	False		/cifs/diedrichsen/data/FunctionalFusion_new/Atlases/tpl-MNI152NLin6Asym/atl-Platchi5_space-MNI152NLin6Asym_dseg.nii	MdWfIbDeHtNiSoSc-sc-global-Cavg	Language	ses-localizer		avg	MdWfIbDeHtNiSoSc		0.1709207836340119	0.0171824611273631	0.4206705415539835	0.3085485185677258	global	0.3646095300608546	0.41211353319290933	0.4147419821663665	True
sub-17	1876	group	MdWfIbDeHtNiSoSc_Icosahedron1002_NPLS_sc_A2_global	0.5799487909919971	0.334499372323037	2.0	Global	all	all	all	all	all	NPLS	MNISymC3	fs32k	Icosahedron1002	half	CondHalf	False	ind	parcel	global	False	False		/cifs/diedrichsen/data/FunctionalFusion_new/Atlases/tpl-MNI152NLin6Asym/atl-Platchi5_space-MNI152NLin6Asym_dseg.nii	MdWfIbDeHtNiSoSc-sc-global-Cavg	Language	ses-localizer		avg	MdWfIbDeHtNiSoSc		0.3614327584408529	0.1241011208807402	0.6162335394609713	0.5281472721474322	global	0.5721904058042018	0.41211353319290933	0.8770222992693304	True
sub-18	1876	group	MdWfIbDeHtNiSoSc_Icosahedron1002_NPLS_sc_A2_global	0.5799487909919971	0.334499372323037	2.0	Global	all	all	all	all	all	NPLS	MNISymC3	fs32k	Icosahedron1002	half	CondHalf	False	ind	parcel	global	False	False		/cifs/diedrichsen/data/FunctionalFusion_new/Atlases/tpl-MNI152NLin6Asym/atl-Platchi5_space-MNI152NLin6Asym_dseg.nii	MdWfIbDeHtNiSoSc-sc-global-Cavg	Language	ses-localizer		avg	MdWfIbDeHtNiSoSc		0.259464809745648	0.0668749206728734	0.5093500246847459	0.4065694641077361	global	0.457959744396241	0.41211353319290933	0.6295954605892381	True
sub-19	1876	group	MdWfIbDeHtNiSoSc_Icosahedron1002_NPLS_sc_A2_global	0.5799487909919971	0.334499372323037	2.0	Global	all	all	all	all	all	NPLS	MNISymC3	fs32k	Icosahedron1002	half	CondHalf	False	ind	parcel	global	False	False		/cifs/diedrichsen/data/FunctionalFusion_new/Atlases/tpl-MNI152NLin6Asym/atl-Platchi5_space-MNI152NLin6Asym_dseg.nii	MdWfIbDeHtNiSoSc-sc-global-Cavg	Language	ses-localizer		avg	MdWfIbDeHtNiSoSc		0.217814940140237	0.0435002837681407	0.4959770617029435	0.3916265681342306	global	0.44380181491858706	0.41211353319290933	0.5285313938920767	True
sub-03	1876	group	MdWfIbDeHtNiSoLa_Icosahedron1002_NPLS_sc_A2_global	0.5845579234990708	0.3398856189962947	2.0	Global	all	all	all	all	all	NPLS	MNISymC3	fs32k	Icosahedron1002	half	CondHalf	False	ind	parcel	global	False	False		/cifs/diedrichsen/data/FunctionalFusion_new/Atlases/tpl-MNI152NLin6Asym/atl-Platchi5_space-MNI152NLin6Asym_dseg.nii	MdWfIbDeHtNiSoLa-sc-global-Cavg	Social	ses-social		avg	MdWfIbDeHtNiSoLa		0.1590665567048305	0.0170330873131036	0.2463044998148956	0.1226302231761898	global	0.18446736149554271	0.3164158965181936	0.5027135439628089	True
sub-04	1876	group	MdWfIbDeHtNiSoLa_Icosahedron1002_NPLS_sc_A2_global	0.5845579234990708	0.3398856189962947	2.0	Global	all	all	all	all	all	NPLS	MNISymC3	fs32k	Icosahedron1002	half	CondHalf	False	ind	parcel	global	False	False		/cifs/diedrichsen/data/FunctionalFusion_new/Atlases/tpl-MNI152NLin6Asym/atl-Platchi5_space-MNI152NLin6Asym_dseg.nii	MdWfIbDeHtNiSoLa-sc-global-Cavg	Social	ses-social		avg	MdWfIbDeHtNiSoLa		0.135934159452373	0.0054668400890041	0.4357409143774031	0.3248850311753789	global	0.380312972776391	0.3164158965181936	0.4296059741251241	True
sub-05	1876	group	MdWfIbDeHtNiSoLa_Icosahedron1002_NPLS_sc_A2_global	0.5845579234990708	0.3398856189962947	2.0	Global	all	all	all	all	all	NPLS	MNISymC3	fs32k	Icosahedron1002	half	CondHalf	False	ind	parcel	global	False	False		/cifs/diedrichsen/data/FunctionalFusion_new/Atlases/tpl-MNI152NLin6Asym/atl-Platchi5_space-MNI152NLin6Asym_dseg.nii	MdWfIbDeHtNiSoLa-sc-global-Cavg	Social	ses-social		avg	MdWfIbDeHtNiSoLa		0.1336530901850236	0.004326300663128	0.2938413160351823	0.1723988182517698	global	0.23312006714347605	0.3164158965181936	0.42239688857521956	True
sub-07	1876	group	MdWfIbDeHtNiSoLa_Icosahedron1002_NPLS_sc_A2_global	0.5845579234990708	0.3398856189962947	2.0	Global	all	all	all	all	all	NPLS	MNISymC3	fs32k	Icosahedron1002	half	CondHalf	False	ind	parcel	global	False	False		/cifs/diedrichsen/data/FunctionalFusion_new/Atlases/tpl-MNI152NLin6Asym/atl-Platchi5_space-MNI152NLin6Asym_dseg.nii	MdWfIbDeHtNiSoLa-sc-global-Cavg	Social	ses-social		avg	MdWfIbDeHtNiSoLa		0.2732280769805205	0.074114087288037	0.4490047187053557	0.3394516746135415	global	0.3942281966594486	0.3164158965181936	0.8635093242377921	True
sub-08	1876	group	MdWfIbDeHtNiSoLa_Icosahedron1002_NPLS_sc_A2_global	0.5845579234990708	0.3398856189962947	2.0	Global	all	all	all	all	all	NPLS	MNISymC3	fs32k	Icosahedron1002	half	CondHalf	False	ind	parcel	global	False	False		/cifs/diedrichsen/data/FunctionalFusion_new/Atlases/tpl-MNI152NLin6Asym/atl-Platchi5_space-MNI152NLin6Asym_dseg.nii	MdWfIbDeHtNiSoLa-sc-global-Cavg	Social	ses-social		avg	MdWfIbDeHtNiSoLa		0.3351429142563681	0.1050716360002124	0.4462432584232372	0.3364144129749971	global	0.39132883569911714	0.3164158965181936	1.0591848195499802	True
sub-09	1876	group	MdWfIbDeHtNiSoLa_Icosahedron1002_NPLS_sc_A2_global	0.5845579234990708	0.3398856189962947	2.0	Global	all	all	all	all	all	NPLS	MNISymC3	fs32k	Icosahedron1002	half	CondHalf	False	ind	parcel	global	False	False		/cifs/diedrichsen/data/FunctionalFusion_new/Atlases/tpl-MNI152NLin6Asym/atl-Platchi5_space-MNI152NLin6Asym_dseg.nii	MdWfIbDeHtNiSoLa-sc-global-Cavg	Social	ses-social		avg	MdWfIbDeHtNiSoLa		0.2347790185871893	0.0548894773153781	0.3662745201628892	0.2494832054687538	global	0.3078788628158215	0.3164158965181936	0.7419950172247106	True
sub-10	1876	group	MdWfIbDeHtNiSoLa_Icosahedron1002_NPLS_sc_A2_global	0.5845579234990708	0.3398856189962947	2.0	Global	all	all	all	all	all	NPLS	MNISymC3	fs32k	Icosahedron1002	half	CondHalf	False	ind	parcel	global	False	False		/cifs/diedrichsen/data/FunctionalFusion_new/Atlases/tpl-MNI152NLin6Asym/atl-Platchi5_space-MNI152NLin6Asym_dseg.nii	MdWfIbDeHtNiSoLa-sc-global-Cavg	Social	ses-social		avg	MdWfIbDeHtNiSoLa		0.2377581705136772	0.0563790595373957	0.3857592323948106	0.2704842705539769	global	0.3281217514743937	0.3164158965181936	0.7514103214470021	True
sub-11	1876	group	MdWfIbDeHtNiSoLa_Icosahedron1002_NPLS_sc_A2_global	0.5845579234990708	0.3398856189962947	2.0	Global	all	all	all	all	all	NPLS	MNISymC3	fs32k	Icosahedron1002	half	CondHalf	False	ind	parcel	global	False	False		/cifs/diedrichsen/data/FunctionalFusion_new/Atlases/tpl-MNI152NLin6Asym/atl-Platchi5_space-MNI152NLin6Asym_dseg.nii	MdWfIbDeHtNiSoLa-sc-global-Cavg	Social	ses-social		avg	MdWfIbDeHtNiSoLa		0.1812333883653384	0.0281165497127126	0.2281745242829191	0.1038156847195352	global	0.16599510450122715	0.3164158965181936	0.5727695427429882	True
sub-12	1876	group	MdWfIbDeHtNiSoLa_Icosahedron1002_NPLS_sc_A2_global	0.5845579234990708	0.3398856189962947	2.0	Global	all	all	all	all	all	NPLS	MNISymC3	fs32k	Icosahedron1002	half	CondHalf	False	ind	parcel	global	False	False		/cifs/diedrichsen/data/FunctionalFusion_new/Atlases/tpl-MNI152NLin6Asym/atl-Platchi5_space-MNI152NLin6Asym_dseg.nii	MdWfIbDeHtNiSoLa-sc-global-Cavg	Social	ses-social		avg	MdWfIbDeHtNiSoLa		0.1397554161371847	0.0073774764593257	0.2945804793573498	0.1731777448775694	global	0.2338791121174596	0.3164158965181936	0.44168266409822715	True
sub-13	1876	group	MdWfIbDeHtNiSoLa_Icosahedron1002_NPLS_sc_A2_global	0.5845579234990708	0.3398856189962947	2.0	Global	all	all	all	all	all	NPLS	MNISymC3	fs32k	Icosahedron1002	half	CondHalf	False	ind	parcel	global	False	False		/cifs/diedrichsen/data/FunctionalFusion_new/Atlases/tpl-MNI152NLin6Asym/atl-Platchi5_space-MNI152NLin6Asym_dseg.nii	MdWfIbDeHtNiSoLa-sc-global-Cavg	Social	ses-social		avg	MdWfIbDeHtNiSoLa		0.1626738813653889	0.018836757221858	0.3148698939723957	0.1946199807498714	global	0.25474493736113357	0.3164158965181936	0.5141141237069148	True
sub-14	1876	group	MdWfIbDeHtNiSoLa_Icosahedron1002_NPLS_sc_A2_global	0.5845579234990708	0.3398856189962947	2.0	Global	all	all	all	all	all	NPLS	MNISymC3	fs32k	Icosahedron1002	half	CondHalf	False	ind	parcel	global	False	False		/cifs/diedrichsen/data/FunctionalFusion_new/Atlases/tpl-MNI152NLin6Asym/atl-Platchi5_space-MNI152NLin6Asym_dseg.nii	MdWfIbDeHtNiSoLa-sc-global-Cavg	Social	ses-social		avg	MdWfIbDeHtNiSoLa		0.2201919119995487	0.0475958933761248	0.4803661905335657	0.3741151120809689	global	0.4272406513072673	0.3164158965181936	0.6958939624162906	True
sub-16	1876	group	MdWfIbDeHtNiSoLa_Icosahedron1002_NPLS_sc_A2_global	0.5845579234990708	0.3398856189962947	2.0	Global	all	all	all	all	all	NPLS	MNISymC3	fs32k	Icosahedron1002	half	CondHalf	False	ind	parcel	global	False	False		/cifs/diedrichsen/data/FunctionalFusion_new/Atlases/tpl-MNI152NLin6Asym/atl-Platchi5_space-MNI152NLin6Asym_dseg.nii	MdWfIbDeHtNiSoLa-sc-global-Cavg	Social	ses-social		avg	MdWfIbDeHtNiSoLa		0.2010912205703152	0.0380455075336769	0.4835097079082265	0.3776069426833837	global	0.43055832529580507	0.3164158965181936	0.635528185477093	True
sub-17	1876	group	MdWfIbDeHtNiSoLa_Icosahedron1002_NPLS_sc_A2_global	0.5845579234990708	0.3398856189962947	2.0	Global	all	all	all	all	all	NPLS	MNISymC3	fs32k	Icosahedron1002	half	CondHalf	False	ind	parcel	global	False	False		/cifs/diedrichsen/data/FunctionalFusion_new/Atlases/tpl-MNI152NLin6Asym/atl-Platchi5_space-MNI152NLin6Asym_dseg.nii	MdWfIbDeHtNiSoLa-sc-global-Cavg	Social	ses-social		avg	MdWfIbDeHtNiSoLa		0.1833259102413182	0.0291628150467926	0.4127707537250824	0.2997884679871279	global	0.35627961085610516	0.3164158965181936	0.5793827435935323	True
sub-18	1876	group	MdWfIbDeHtNiSoLa_Icosahedron1002_NPLS_sc_A2_global	0.5845579234990708	0.3398856189962947	2.0	Global	all	all	all	all	all	NPLS	MNISymC3	fs32k	Icosahedron1002	half	CondHalf	False	ind	parcel	global	False	False		/cifs/diedrichsen/data/FunctionalFusion_new/Atlases/tpl-MNI152NLin6Asym/atl-Platchi5_space-MNI152NLin6Asym_dseg.nii	MdWfIbDeHtNiSoLa-sc-global-Cavg	Social	ses-social		avg	MdWfIbDeHtNiSoLa		0.0489491283127474	-0.0380258582239656	0.2073397446297037	0.0823058780640182	global	0.14482281134686095	0.3164158965181936	0.15469870146025635	True
sub-19	1876	group	MdWfIbDeHtNiSoLa_Icosahedron1002_NPLS_sc_A2_global	0.5845579234990708	0.3398856189962947	2.0	Global	all	all	all	all	all	NPLS	MNISymC3	fs32k	Icosahedron1002	half	CondHalf	False	ind	parcel	global	False	False		/cifs/diedrichsen/data/FunctionalFusion_new/Atlases/tpl-MNI152NLin6Asym/atl-Platchi5_space-MNI152NLin6Asym_dseg.nii	MdWfIbDeHtNiSoLa-sc-global-Cavg	Social	ses-social		avg	MdWfIbDeHtNiSoLa		-0.0065443197388002	-0.0657726988335671	0.1997917745961562	0.0745425580943081	global	0.13716716634523216	0.3164158965181936	-0.020682651569700478	True
sub-20	1876	group	MdWfIbDeHtNiSoLa_Icosahedron1002_NPLS_sc_A2_global	0.5845579234990708	0.3398856189962947	2.0	Global	all	all	all	all	all	NPLS	MNISymC3	fs32k	Icosahedron1002	half	CondHalf	False	ind	parcel	global	False	False		/cifs/diedrichsen/data/FunctionalFusion_new/Atlases/tpl-MNI152NLin6Asym/atl-Platchi5_space-MNI152NLin6Asym_dseg.nii	MdWfIbDeHtNiSoLa-sc-global-Cavg	Social	ses-social		avg	MdWfIbDeHtNiSoLa		0.2716148551077172	0.073307472962486	0.4674752134284123	0.3598289428772753	global	0.41365207815284377	0.3164158965181936	0.8584109019064396	True
sub-21	1876	group	MdWfIbDeHtNiSoLa_Icosahedron1002_NPLS_sc_A2_global	0.5845579234990708	0.3398856189962947	2.0	Global	all	all	all	all	all	NPLS	MNISymC3	fs32k	Icosahedron1002	half	CondHalf	False	ind	parcel	global	False	False		/cifs/diedrichsen/data/FunctionalFusion_new/Atlases/tpl-MNI152NLin6Asym/atl-Platchi5_space-MNI152NLin6Asym_dseg.nii	MdWfIbDeHtNiSoLa-sc-global-Cavg	Social	ses-social		avg	MdWfIbDeHtNiSoLa		0.2253552134975741	0.0501775549724986	0.4393159324899344	0.3288057719629001	global	0.3840608522264173	0.3164158965181936	0.7122120474266893	True
sub-22	1876	group	MdWfIbDeHtNiSoLa_Icosahedron1002_NPLS_sc_A2_global	0.5845579234990708	0.3398856189962947	2.0	Global	all	all	all	all	all	NPLS	MNISymC3	fs32k	Icosahedron1002	half	CondHalf	False	ind	parcel	global	False	False		/cifs/diedrichsen/data/FunctionalFusion_new/Atlases/tpl-MNI152NLin6Asym/atl-Platchi5_space-MNI152NLin6Asym_dseg.nii	MdWfIbDeHtNiSoLa-sc-global-Cavg	Social	ses-social		avg	MdWfIbDeHtNiSoLa		0.1213249790548146	-0.0018377808015817	0.2881365342521337	0.1663924052120341	global	0.22726446973208392	0.3164158965181936	0.3834351573036045	True
sub-24	1876	group	MdWfIbDeHtNiSoLa_Icosahedron1002_NPLS_sc_A2_global	0.5845579234990708	0.3398856189962947	2.0	Global	all	all	all	all	all	NPLS	MNISymC3	fs32k	Icosahedron1002	half	CondHalf	False	ind	parcel	global	False	False		/cifs/diedrichsen/data/FunctionalFusion_new/Atlases/tpl-MNI152NLin6Asym/atl-Platchi5_space-MNI152NLin6Asym_dseg.nii	MdWfIbDeHtNiSoLa-sc-global-Cavg	Social	ses-social		avg	MdWfIbDeHtNiSoLa		0.0150051819438343	-0.054997902719817	0.05279530078835		global		0.3164158965181936	0.04742233910795793	True
sub-25	1876	group	MdWfIbDeHtNiSoLa_Icosahedron1002_NPLS_sc_A2_global	0.5845579234990708	0.3398856189962947	2.0	Global	all	all	all	all	all	NPLS	MNISymC3	fs32k	Icosahedron1002	half	CondHalf	False	ind	parcel	global	False	False		/cifs/diedrichsen/data/FunctionalFusion_new/Atlases/tpl-MNI152NLin6Asym/atl-Platchi5_space-MNI152NLin6Asym_dseg.nii	MdWfIbDeHtNiSoLa-sc-global-Cavg	Social	ses-social		avg	MdWfIbDeHtNiSoLa		0.2735674792236477	0.0742837891226364	0.5278086679968784	0.4271561053015504	global	0.4774823866492144	0.3164158965181936	0.8645819702295453	True
sub-26	1876	group	MdWfIbDeHtNiSoLa_Icosahedron1002_NPLS_sc_A2_global	0.5845579234990708	0.3398856189962947	2.0	Global	all	all	all	all	all	NPLS	MNISymC3	fs32k	Icosahedron1002	half	CondHalf	False	ind	parcel	global	False	False		/cifs/diedrichsen/data/FunctionalFusion_new/Atlases/tpl-MNI152NLin6Asym/atl-Platchi5_space-MNI152NLin6Asym_dseg.nii	MdWfIbDeHtNiSoLa-sc-global-Cavg	Social	ses-social		avg	MdWfIbDeHtNiSoLa		0.2274287461514633	0.0512143256556397	0.3869779414389364	0.2718016307315668	global	0.3293897860852516	0.3164158965181936	0.7187652347877105	True
sub-27	1876	group	MdWfIbDeHtNiSoLa_Icosahedron1002_NPLS_sc_A2_global	0.5845579234990708	0.3398856189962947	2.0	Global	all	all	all	all	all	NPLS	MNISymC3	fs32k	Icosahedron1002	half	CondHalf	False	ind	parcel	global	False	False		/cifs/diedrichsen/data/FunctionalFusion_new/Atlases/tpl-MNI152NLin6Asym/atl-Platchi5_space-MNI152NLin6Asym_dseg.nii	MdWfIbDeHtNiSoLa-sc-global-Cavg	Social	ses-social		avg	MdWfIbDeHtNiSoLa		0.333638064173936	0.1043192077975209	0.4950375528893939	0.3904394207925515	global	0.4427384868409727	0.3164158965181936	1.0544288951511391	True
sub-01	1876	group	MdIbDeHtNiSoScLa_Icosahedron1002_NPLS_sc_A2_global	0.5814306892349688	0.3363535028370811	2.0	Global	all	all	all	all	all	NPLS	MNISymC3	fs32k	Icosahedron1002	half	CondHalf	True	ind	global	global	False	False		/cifs/diedrichsen/data/FunctionalFusion_new/Atlases/tpl-MNI152NLin6Asym/atl-Platchi5_space-MNI152NLin6Asym_dseg.nii	MdIbDeHtNiSoScLa-sc-global-Cavg	WMFS	all		avg	MdIbDeHtNiSoScLa		0.1759322782038607	0.0200303844558349	0.5034841094354175	0.4013506766640068	global	0.4524173930497122	0.44994201095275094	0.39101100568787656	True
sub-02	1876	group	MdIbDeHtNiSoScLa_Icosahedron1002_NPLS_sc_A2_global	0.5814306892349688	0.3363535028370811	2.0	Global	all	all	all	all	all	NPLS	MNISymC3	fs32k	Icosahedron1002	half	CondHalf	True	ind	global	global	False	False		/cifs/diedrichsen/data/FunctionalFusion_new/Atlases/tpl-MNI152NLin6Asym/atl-Platchi5_space-MNI152NLin6Asym_dseg.nii	MdIbDeHtNiSoScLa-sc-global-Cavg	WMFS	all		avg	MdIbDeHtNiSoScLa		0.0658830198379831	-0.0416939573789323	0.3493462334766418	0.2329640953067989	global	0.29115516439172034	0.44994201095275094	0.14642557981744356	True
sub-03	1876	group	MdIbDeHtNiSoScLa_Icosahedron1002_NPLS_sc_A2_global	0.5814306892349688	0.3363535028370811	2.0	Global	all	all	all	all	all	NPLS	MNISymC3	fs32k	Icosahedron1002	half	CondHalf	True	ind	global	global	False	False		/cifs/diedrichsen/data/FunctionalFusion_new/Atlases/tpl-MNI152NLin6Asym/atl-Platchi5_space-MNI152NLin6Asym_dseg.nii	MdIbDeHtNiSoScLa-sc-global-Cavg	WMFS	all		avg	MdIbDeHtNiSoScLa		0.2259581104229987	0.0480888340475335	0.3900951865188485	0.2767779470929605	global	0.3334365668059045	0.44994201095275094	0.5021938492574477	True
sub-04	1876	group	MdIbDeHtNiSoScLa_Icosahedron1002_NPLS_sc_A2_global	0.5814306892349688	0.3363535028370811	2.0	Global	all	all	all	all	all	NPLS	MNISymC3	fs32k	Icosahedron1002	half	CondHalf	True	ind	global	global	False	False		/cifs/diedrichsen/data/FunctionalFusion_new/Atlases/tpl-MNI152NLin6Asym/atl-Platchi5_space-MNI152NLin6Asym_dseg.nii	MdIbDeHtNiSoScLa-sc-global-Cavg	WMFS	all		avg	MdIbDeHtNiSoScLa		0.253078068679561	0.0632998549924208	0.5993201647129349	0.5098499990517568	global	0.5545850818823459	0.44994201095275094	0.5624681903867321	True
sub-05	1876	group	MdIbDeHtNiSoScLa_Icosahedron1002_NPLS_sc_A2_global	0.5814306892349688	0.3363535028370811	2.0	Global	all	all	all	all	all	NPLS	MNISymC3	fs32k	Icosahedron1002	half	CondHalf	True	ind	global	global	False	False		/cifs/diedrichsen/data/FunctionalFusion_new/Atlases/tpl-MNI152NLin6Asym/atl-Platchi5_space-MNI152NLin6Asym_dseg.nii	MdIbDeHtNiSoScLa-sc-global-Cavg	WMFS	all		avg	MdIbDeHtNiSoScLa		0.2876866575554964	0.0827110932135365	0.5882094043979053	0.4971139199998903	global	0.5426616621988978	0.44994201095275094	0.6393860776554754	True
sub-06	1876	group	MdIbDeHtNiSoScLa_Icosahedron1002_NPLS_sc_A2_global	0.5814306892349688	0.3363535028370811	2.0	Global	all	all	all	all	all	NPLS	MNISymC3	fs32k	Icosahedron1002	half	CondHalf	True	ind	global	global	False	False		/cifs/diedrichsen/data/FunctionalFusion_new/Atlases/tpl-MNI152NLin6Asym/atl-Platchi5_space-MNI152NLin6Asym_dseg.nii	MdIbDeHtNiSoScLa-sc-global-Cavg	WMFS	all		avg	MdIbDeHtNiSoScLa		0.3125271820836632	0.0966436271542366	0.5443973678713065	0.4472982861265428	global	0.4958478269989247	0.44994201095275094	0.6945943576637527	True
sub-07	1876	group	MdIbDeHtNiSoScLa_Icosahedron1002_NPLS_sc_A2_global	0.5814306892349688	0.3363535028370811	2.0	Global	all	all	all	all	all	NPLS	MNISymC3	fs32k	Icosahedron1002	half	CondHalf	True	ind	global	global	False	False		/cifs/diedrichsen/data/FunctionalFusion_new/Atlases/tpl-MNI152NLin6Asym/atl-Platchi5_space-MNI152NLin6Asym_dseg.nii	MdIbDeHtNiSoScLa-sc-global-Cavg	WMFS	all		avg	MdIbDeHtNiSoScLa		0.2227805390680287	0.0463066003148311	0.6145694210432884	0.5273987255873892	global	0.5709840733153388	0.44994201095275094	0.49513166951512605	True
sub-08	1876	group	MdIbDeHtNiSoScLa_Icosahedron1002_NPLS_sc_A2_global	0.5814306892349688	0.3363535028370811	2.0	Global	all	all	all	all	all	NPLS	MNISymC3	fs32k	Icosahedron1002	half	CondHalf	True	ind	global	global	False	False		/cifs/diedrichsen/data/FunctionalFusion_new/Atlases/tpl-MNI152NLin6Asym/atl-Platchi5_space-MNI152NLin6Asym_dseg.nii	MdIbDeHtNiSoScLa-sc-global-Cavg	WMFS	all		avg	MdIbDeHtNiSoScLa		0.3180779156428768	0.0997569182452459	0.4215339301478822	0.310920283049277	global	0.3662271065985796	0.44994201095275094	0.7069309108730427	True
sub-09	1876	group	MdIbDeHtNiSoScLa_Icosahedron1002_NPLS_sc_A2_global	0.5814306892349688	0.3363535028370811	2.0	Global	all	all	all	all	all	NPLS	MNISymC3	fs32k	Icosahedron1002	half	CondHalf	True	ind	global	global	False	False		/cifs/diedrichsen/data/FunctionalFusion_new/Atlases/tpl-MNI152NLin6Asym/atl-Platchi5_space-MNI152NLin6Asym_dseg.nii	MdIbDeHtNiSoScLa-sc-global-Cavg	WMFS	all		avg	MdIbDeHtNiSoScLa		0.1403617268416556	7.960146888952302e-05	0.4549050274865718	0.3474912612844505	global	0.40119814438551116	0.44994201095275094	0.31195514849666967	True
sub-10	1876	group	MdIbDeHtNiSoScLa_Icosahedron1002_NPLS_sc_A2_global	0.5814306892349688	0.3363535028370811	2.0	Global	all	all	all	all	all	NPLS	MNISymC3	fs32k	Icosahedron1002	half	CondHalf	True	ind	global	global	False	False		/cifs/diedrichsen/data/FunctionalFusion_new/Atlases/tpl-MNI152NLin6Asym/atl-Platchi5_space-MNI152NLin6Asym_dseg.nii	MdIbDeHtNiSoScLa-sc-global-Cavg	WMFS	all		avg	MdIbDeHtNiSoScLa		0.2176059266076453	0.0434042677311327	0.5852413794518194	0.4937188245725889	global	0.5394801020122042	0.44994201095275094	0.48363104869195334	True
sub-11	1876	group	MdIbDeHtNiSoScLa_Icosahedron1002_NPLS_sc_A2_global	0.5814306892349688	0.3363535028370811	2.0	Global	all	all	all	all	all	NPLS	MNISymC3	fs32k	Icosahedron1002	half	CondHalf	True	ind	global	global	False	False		/cifs/diedrichsen/data/FunctionalFusion_new/Atlases/tpl-MNI152NLin6Asym/atl-Platchi5_space-MNI152NLin6Asym_dseg.nii	MdIbDeHtNiSoScLa-sc-global-Cavg	WMFS	all		avg	MdIbDeHtNiSoScLa		0.2430553535442629	0.0576783223777543	0.5127595346702454	0.4117197906740347	global	0.46223966267214	0.44994201095275094	0.5401926195546708	True
sub-12	1876	group	MdIbDeHtNiSoScLa_Icosahedron1002_NPLS_sc_A2_global	0.5814306892349688	0.3363535028370811	2.0	Global	all	all	all	all	all	NPLS	MNISymC3	fs32k	Icosahedron1002	half	CondHalf	True	ind	global	global	False	False		/cifs/diedrichsen/data/FunctionalFusion_new/Atlases/tpl-MNI152NLin6Asym/atl-Platchi5_space-MNI152NLin6Asym_dseg.nii	MdIbDeHtNiSoScLa-sc-global-Cavg	WMFS	all		avg	MdIbDeHtNiSoScLa		0.1795656593912016	0.0220682724502983	0.2987451000399754	0.1792303708085106	global	0.238987735424243	0.44994201095275094	0.39908622671390875	True
sub-13	1876	group	MdIbDeHtNiSoScLa_Icosahedron1002_NPLS_sc_A2_global	0.5814306892349688	0.3363535028370811	2.0	Global	all	all	all	all	all	NPLS	MNISymC3	fs32k	Icosahedron1002	half	CondHalf	True	ind	global	global	False	False		/cifs/diedrichsen/data/FunctionalFusion_new/Atlases/tpl-MNI152NLin6Asym/atl-Platchi5_space-MNI152NLin6Asym_dseg.nii	MdIbDeHtNiSoScLa-sc-global-Cavg	WMFS	all		avg	MdIbDeHtNiSoScLa		0.2335568184082675	0.052350791430526	0.5436558154921705	0.4464606173904303	global	0.4950582164413004	0.44994201095275094	0.5190820432920047	True
sub-14	1876	group	MdIbDeHtNiSoScLa_Icosahedron1002_NPLS_sc_A2_global	0.5814306892349688	0.3363535028370811	2.0	Global	all	all	all	all	all	NPLS	MNISymC3	fs32k	Icosahedron1002	half	CondHalf	True	ind	global	global	False	False		/cifs/diedrichsen/data/FunctionalFusion_new/Atlases/tpl-MNI152NLin6Asym/atl-Platchi5_space-MNI152NLin6Asym_dseg.nii	MdIbDeHtNiSoScLa-sc-global-Cavg	WMFS	all		avg	MdIbDeHtNiSoScLa		0.2008630131161904	0.0340135155261458	0.4409916540568084	0.3322020059662534	global	0.3865968300115309	0.44994201095275094	0.44641977905300184	True
sub-15	1876	group	MdIbDeHtNiSoScLa_Icosahedron1002_NPLS_sc_A2_global	0.5814306892349688	0.3363535028370811	2.0	Global	all	all	all	all	all	NPLS	MNISymC3	fs32k	Icosahedron1002	half	CondHalf	True	ind	global	global	False	False		/cifs/diedrichsen/data/FunctionalFusion_new/Atlases/tpl-MNI152NLin6Asym/atl-Platchi5_space-MNI152NLin6Asym_dseg.nii	MdIbDeHtNiSoScLa-sc-global-Cavg	WMFS	all		avg	MdIbDeHtNiSoScLa		0.1984205200416146	0.0326435719235919	0.6223036704614002	0.5363298745743091	global	0.5793167725178547	0.44994201095275094	0.44099131712875556	True
sub-16	1876	group	MdIbDeHtNiSoScLa_Icosahedron1002_NPLS_sc_A2_global	0.5814306892349688	0.3363535028370811	2.0	Global	all	all	all	all	all	NPLS	MNISymC3	fs32k	Icosahedron1002	half	CondHalf	True	ind	global	global	False	False		/cifs/diedrichsen/data/FunctionalFusion_new/Atlases/tpl-MNI152NLin6Asym/atl-Platchi5_space-MNI152NLin6Asym_dseg.nii	MdIbDeHtNiSoScLa-sc-global-Cavg	WMFS	all		avg	MdIbDeHtNiSoScLa		0.2051209734269793	0.0364017169701595	0.5378505328613727	0.4399091402142416	global	0.4888798365378072	0.44994201095275094	0.455883132567764	True
sub-01	1876	group	MdWfIbHtNiSoScLa_Icosahedron1002_NPLS_sc_A2_global	0.5548689482054341	0.3060249226106819	2.0	Global	all	all	all	all	all	NPLS	MNISymC3	fs32k	Icosahedron1002	half	CondHalf	True	ind	parcel	global	False	False		/cifs/diedrichsen/data/FunctionalFusion_new/Atlases/tpl-MNI152NLin6Asym/atl-Platchi5_space-MNI152NLin6Asym_dseg.nii	MdWfIbHtNiSoScLa-sc-global-Cavg	Demand	all		avg	MdWfIbHtNiSoScLa		0.4578842860264864	0.198918957536996	0.562508918092735	0.5242816673945142	global	0.5433952927436245	0.4848958217608638	0.944294146243028	True
sub-02	1876	group	MdWfIbHtNiSoScLa_Icosahedron1002_NPLS_sc_A2_global	0.5548689482054341	0.3060249226106819	2.0	Global	all	all	all	all	all	NPLS	MNISymC3	fs32k	Icosahedron1002	half	CondHalf	True	ind	parcel	global	False	False		/cifs/diedrichsen/data/FunctionalFusion_new/Atlases/tpl-MNI152NLin6Asym/atl-Platchi5_space-MNI152NLin6Asym_dseg.nii	MdWfIbHtNiSoScLa-sc-global-Cavg	Demand	all		avg	MdWfIbHtNiSoScLa		0.5127047075736906	0.2377597569869477	0.5737403707387744	0.5361910551834728	global	0.5549657129611236	0.4848958217608638	1.0573502277496243	True
sub-05	1876	group	MdWfIbHtNiSoScLa_Icosahedron1002_NPLS_sc_A2_global	0.5548689482054341	0.3060249226106819	2.0	Global	all	all	all	all	all	NPLS	MNISymC3	fs32k	Icosahedron1002	half	CondHalf	True	ind	parcel	global	False	False		/cifs/diedrichsen/data/FunctionalFusion_new/Atlases/tpl-MNI152NLin6Asym/atl-Platchi5_space-MNI152NLin6Asym_dseg.nii	MdWfIbHtNiSoScLa-sc-global-Cavg	Demand	all		avg	MdWfIbHtNiSoScLa		0.4178719066169424	0.1705697993163996	0.5887728913738836	0.5521550842799935	global	0.5704639878269385	0.4848958217608638	0.8617766700885792	True
sub-06	1876	group	MdWfIbHtNiSoScLa_Icosahedron1002_NPLS_sc_A2_global	0.5548689482054341	0.3060249226106819	2.0	Global	all	all	all	all	all	NPLS	MNISymC3	fs32k	Icosahedron1002	half	CondHalf	True	ind	parcel	global	False	False		/cifs/diedrichsen/data/FunctionalFusion_new/Atlases/tpl-MNI152NLin6Asym/atl-Platchi5_space-MNI152NLin6Asym_dseg.nii	MdWfIbHtNiSoScLa-sc-global-Cavg	Demand	all		avg	MdWfIbHtNiSoScLa		0.3717552995303295	0.1378957366840832	0.5254405609006936	0.4850847245034076	global	0.5052626427020506	0.4848958217608638	0.7666704534188957	True
sub-07	1876	group	MdWfIbHtNiSoScLa_Icosahedron1002_NPLS_sc_A2_global	0.5548689482054341	0.3060249226106819	2.0	Global	all	all	all	all	all	NPLS	MNISymC3	fs32k	Icosahedron1002	half	CondHalf	True	ind	parcel	global	False	False		/cifs/diedrichsen/data/FunctionalFusion_new/Atlases/tpl-MNI152NLin6Asym/atl-Platchi5_space-MNI152NLin6Asym_dseg.nii	MdWfIbHtNiSoScLa-sc-global-Cavg	Demand	all		avg	MdWfIbHtNiSoScLa		0.366501175705766	0.1341731390827613	0.4960862990402074	0.454162632110244	global	0.4751244655752257	0.4848958217608638	0.7558348809334833	True
sub-08	1876	group	MdWfIbHtNiSoScLa_Icosahedron1002_NPLS_sc_A2_global	0.5548689482054341	0.3060249226106819	2.0	Global	all	all	all	all	all	NPLS	MNISymC3	fs32k	Icosahedron1002	half	CondHalf	True	ind	parcel	global	False	False		/cifs/diedrichsen/data/FunctionalFusion_new/Atlases/tpl-MNI152NLin6Asym/atl-Platchi5_space-MNI152NLin6Asym_dseg.nii	MdWfIbHtNiSoScLa-sc-global-Cavg	Demand	all		avg	MdWfIbHtNiSoScLa		0.3136745361786746	0.0967449534983093	0.4694252842220167	0.4261671418819183	global	0.4477962130519675	0.4848958217608638	0.6468905734010831	True
sub-09	1876	group	MdWfIbHtNiSoScLa_Icosahedron1002_NPLS_sc_A2_global	0.5548689482054341	0.3060249226106819	2.0	Global	all	all	all	all	all	NPLS	MNISymC3	fs32k	Icosahedron1002	half	CondHalf	True	ind	parcel	global	False	False		/cifs/diedrichsen/data/FunctionalFusion_new/Atlases/tpl-MNI152NLin6Asym/atl-Platchi5_space-MNI152NLin6Asym_dseg.nii	MdWfIbHtNiSoScLa-sc-global-Cavg	Demand	all		avg	MdWfIbHtNiSoScLa		0.4084427921835121	0.1638891804454894	0.5745764666983345	0.5370782343817831	global	0.5558273505400588	0.4848958217608638	0.8423310200947532	True
sub-10	1876	group	MdWfIbHtNiSoScLa_Icosahedron1002_NPLS_sc_A2_global	0.5548689482054341	0.3060249226106819	2.0	Global	all	all	all	all	all	NPLS	MNISymC3	fs32k	Icosahedron1002	half	CondHalf	True	ind	parcel	global	False	False		/cifs/diedrichsen/data/FunctionalFusion_new/Atlases/tpl-MNI152NLin6Asym/atl-Platchi5_space-MNI152NLin6Asym_dseg.nii	MdWfIbHtNiSoScLa-sc-global-Cavg	Demand	all		avg	MdWfIbHtNiSoScLa		0.3400436644168221	0.1154277361669181	0.5062120318832231	0.4648174812658038	global	0.48551475657451343	0.4848958217608638	0.7012715910439862	True
sub-11	1876	group	MdWfIbHtNiSoScLa_Icosahedron1002_NPLS_sc_A2_global	0.5548689482054341	0.3060249226106819	2.0	Global	all	all	all	all	all	NPLS	MNISymC3	fs32k	Icosahedron1002	half	CondHalf	True	ind	parcel	global	False	False		/cifs/diedrichsen/data/FunctionalFusion_new/Atlases/tpl-MNI152NLin6Asym/atl-Platchi5_space-MNI152NLin6Asym_dseg.nii	MdWfIbHtNiSoScLa-sc-global-Cavg	Demand	all		avg	MdWfIbHtNiSoScLa		0.3590139119753415	0.1288683402363695	0.5179029933214041	0.4771346740162728	global	0.4975188336688384	0.4848958217608638	0.740393907028542	True
sub-12	1876	group	MdWfIbHtNiSoScLa_Icosahedron1002_NPLS_sc_A2_global	0.5548689482054341	0.3060249226106819	2.0	Global	all	all	all	all	all	NPLS	MNISymC3	fs32k	Icosahedron1002	half	CondHalf	True	ind	parcel	global	False	False		/cifs/diedrichsen/data/FunctionalFusion_new/Atlases/tpl-MNI152NLin6Asym/atl-Platchi5_space-MNI152NLin6Asym_dseg.nii	MdWfIbHtNiSoScLa-sc-global-Cavg	Demand	all		avg	MdWfIbHtNiSoScLa		0.3676705188007337	0.135001629987391	0.5015811848898345	0.4599431243816581	global	0.4807621546357463	0.4848958217608638	0.7582464156229786	True
sub-15	1876	group	MdWfIbHtNiSoScLa_Icosahedron1002_NPLS_sc_A2_global	0.5548689482054341	0.3060249226106819	2.0	Global	all	all	all	all	all	NPLS	MNISymC3	fs32k	Icosahedron1002	half	CondHalf	True	ind	parcel	global	False	False		/cifs/diedrichsen/data/FunctionalFusion_new/Atlases/tpl-MNI152NLin6Asym/atl-Platchi5_space-MNI152NLin6Asym_dseg.nii	MdWfIbHtNiSoScLa-sc-global-Cavg	Demand	all		avg	MdWfIbHtNiSoScLa		0.2763760291690276	0.0703186001493683	0.3997597944765038	0.3534126036433809	global	0.37658619905994234	0.4848958217608638	0.5699699126410044	True
sub-16	1876	group	MdWfIbHtNiSoScLa_Icosahedron1002_NPLS_sc_A2_global	0.5548689482054341	0.3060249226106819	2.0	Global	all	all	all	all	all	NPLS	MNISymC3	fs32k	Icosahedron1002	half	CondHalf	True	ind	parcel	global	False	False		/cifs/diedrichsen/data/FunctionalFusion_new/Atlases/tpl-MNI152NLin6Asym/atl-Platchi5_space-MNI152NLin6Asym_dseg.nii	MdWfIbHtNiSoScLa-sc-global-Cavg	Demand	all		avg	MdWfIbHtNiSoScLa		0.3745311122992753	0.1398624269069304	0.5168235762725348	0.4759967481184022	global	0.4964101621954685	0.4848958217608638	0.7723950083529136	True
sub-17	1876	group	MdWfIbHtNiSoScLa_Icosahedron1002_NPLS_sc_A2_global	0.5548689482054341	0.3060249226106819	2.0	Global	all	all	all	all	all	NPLS	MNISymC3	fs32k	Icosahedron1002	half	CondHalf	True	ind	parcel	global	False	False		/cifs/diedrichsen/data/FunctionalFusion_new/Atlases/tpl-MNI152NLin6Asym/atl-Platchi5_space-MNI152NLin6Asym_dseg.nii	MdWfIbHtNiSoScLa-sc-global-Cavg	Demand	all		avg	MdWfIbHtNiSoScLa		0.1734110121277284	-0.0026331113550446	0.3371832775902768	0.2885455972168552	global	0.31286443740356595	0.4848958217608638	0.3576252967039372	True
sub-19	1876	group	MdWfIbHtNiSoScLa_Icosahedron1002_NPLS_sc_A2_global	0.5548689482054341	0.3060249226106819	2.0	Global	all	all	all	all	all	NPLS	MNISymC3	fs32k	Icosahedron1002	half	CondHalf	True	ind	parcel	global	False	False		/cifs/diedrichsen/data/FunctionalFusion_new/Atlases/tpl-MNI152NLin6Asym/atl-Platchi5_space-MNI152NLin6Asym_dseg.nii	MdWfIbHtNiSoScLa-sc-global-Cavg	Demand	all		avg	MdWfIbHtNiSoScLa		0.330744162632328	0.1088389491127184	0.5167038359245361	0.4758705260004907	global	0.49628718096251334	0.4848958217608638	0.6820932410414564	True
sub-20	1876	group	MdWfIbHtNiSoScLa_Icosahedron1002_NPLS_sc_A2_global	0.5548689482054341	0.3060249226106819	2.0	Global	all	all	all	all	all	NPLS	MNISymC3	fs32k	Icosahedron1002	half	CondHalf	True	ind	parcel	global	False	False		/cifs/diedrichsen/data/FunctionalFusion_new/Atlases/tpl-MNI152NLin6Asym/atl-Platchi5_space-MNI152NLin6Asym_dseg.nii	MdWfIbHtNiSoScLa-sc-global-Cavg	Demand	all		avg	MdWfIbHtNiSoScLa		0.4208258316695057	0.1726626838167133	0.5644057272672144	0.5262918884501688	global	0.5453488078586917	0.4848958217608638	0.867868545745161	True
sub-21	1876	group	MdWfIbHtNiSoScLa_Icosahedron1002_NPLS_sc_A2_global	0.5548689482054341	0.3060249226106819	2.0	Global	all	all	all	all	all	NPLS	MNISymC3	fs32k	Icosahedron1002	half	CondHalf	True	ind	parcel	global	False	False		/cifs/diedrichsen/data/FunctionalFusion_new/Atlases/tpl-MNI152NLin6Asym/atl-Platchi5_space-MNI152NLin6Asym_dseg.nii	MdWfIbHtNiSoScLa-sc-global-Cavg	Demand	all		avg	MdWfIbHtNiSoScLa		0.2764157160244596	0.0703467186706989	0.4634156804610692	0.4198684424207357	global	0.44164206144090246	0.4848958217608638	0.5700517587894984	True
sub-24	1876	group	MdWfIbHtNiSoScLa_Icosahedron1002_NPLS_sc_A2_global	0.5548689482054341	0.3060249226106819	2.0	Global	all	all	all	all	all	NPLS	MNISymC3	fs32k	Icosahedron1002	half	CondHalf	True	ind	parcel	global	False	False		/cifs/diedrichsen/data/FunctionalFusion_new/Atlases/tpl-MNI152NLin6Asym/atl-Platchi5_space-MNI152NLin6Asym_dseg.nii	MdWfIbHtNiSoScLa-sc-global-Cavg	Demand	all		avg	MdWfIbHtNiSoScLa		0.2890661951740956	0.0793097056330252	0.4892293153176375	0.4469543189537774	global	0.46809181713570747	0.4848958217608638	0.5961408248979602	True
sub-25	1876	group	MdWfIbHtNiSoScLa_Icosahedron1002_NPLS_sc_A2_global	0.5548689482054341	0.3060249226106819	2.0	Global	all	all	all	all	all	NPLS	MNISymC3	fs32k	Icosahedron1002	half	CondHalf	True	ind	parcel	global	False	False		/cifs/diedrichsen/data/FunctionalFusion_new/Atlases/tpl-MNI152NLin6Asym/atl-Platchi5_space-MNI152NLin6Asym_dseg.nii	MdWfIbHtNiSoScLa-sc-global-Cavg	Demand	all		avg	MdWfIbHtNiSoScLa		0.3463263661891663	0.1198790912031679	0.4687111894704223	0.4254184702305527	global	0.44706482985048746	0.4848958217608638	0.7142283984454791	True
sub-26	1876	group	MdWfIbHtNiSoScLa_Icosahedron1002_NPLS_sc_A2_global	0.5548689482054341	0.3060249226106819	2.0	Global	all	all	all	all	all	NPLS	MNISymC3	fs32k	Icosahedron1002	half	CondHalf	True	ind	parcel	global	False	False		/cifs/diedrichsen/data/FunctionalFusion_new/Atlases/tpl-MNI152NLin6Asym/atl-Platchi5_space-MNI152NLin6Asym_dseg.nii	MdWfIbHtNiSoScLa-sc-global-Cavg	Demand	all		avg	MdWfIbHtNiSoScLa		0.2225423750123508	0.0321769349497109	0.3751822940834678	0.3278812747506647	global	0.35153178441706623	0.4848958217608638	0.4589488401945894	True
sub-27	1876	group	MdWfIbHtNiSoScLa_Icosahedron1002_NPLS_sc_A2_global	0.5548689482054341	0.3060249226106819	2.0	Global	all	all	all	all	all	NPLS	MNISymC3	fs32k	Icosahedron1002	half	CondHalf	True	ind	parcel	global	False	False		/cifs/diedrichsen/data/FunctionalFusion_new/Atlases/tpl-MNI152NLin6Asym/atl-Platchi5_space-MNI152NLin6Asym_dseg.nii	MdWfIbHtNiSoScLa-sc-global-Cavg	Demand	all		avg	MdWfIbHtNiSoScLa		0.3451937043743082	0.1190765893406522	0.4917372750288918	0.4495901253853658	global	0.4706637002071288	0.4848958217608638	0.7118925115105393	True
sub-29	1876	group	MdWfIbHtNiSoScLa_Icosahedron1002_NPLS_sc_A2_global	0.5548689482054341	0.3060249226106819	2.0	Global	all	all	all	all	all	NPLS	MNISymC3	fs32k	Icosahedron1002	half	CondHalf	True	ind	parcel	global	False	False		/cifs/diedrichsen/data/FunctionalFusion_new/Atlases/tpl-MNI152NLin6Asym/atl-Platchi5_space-MNI152NLin6Asym_dseg.nii	MdWfIbHtNiSoScLa-sc-global-Cavg	Demand	all		avg	MdWfIbHtNiSoScLa		0.4270088763340826	0.1770434308272073	0.5653200215429299	0.5272610058836746	global	0.5462905137133023	0.4848958217608638	0.8806198304275565	True
sub-30	1876	group	MdWfIbHtNiSoScLa_Icosahedron1002_NPLS_sc_A2_global	0.5548689482054341	0.3060249226106819	2.0	Global	all	all	all	all	all	NPLS	MNISymC3	fs32k	Icosahedron1002	half	CondHalf	True	ind	parcel	global	False	False		/cifs/diedrichsen/data/FunctionalFusion_new/Atlases/tpl-MNI152NLin6Asym/atl-Platchi5_space-MNI152NLin6Asym_dseg.nii	MdWfIbHtNiSoScLa-sc-global-Cavg	Demand	all		avg	MdWfIbHtNiSoScLa		0.5080382460869238	0.2344535238418346	0.5804729964207914	0.5433374544042678	global	0.5619052254125296	0.4848958217608638	1.0477265905117927	True
sub-31	1876	group	MdWfIbHtNiSoScLa_Icosahedron1002_NPLS_sc_A2_global	0.5548689482054341	0.3060249226106819	2.0	Global	all	all	all	all	all	NPLS	MNISymC3	fs32k	Icosahedron1002	half	CondHalf	True	ind	parcel	global	False	False		/cifs/diedrichsen/data/FunctionalFusion_new/Atlases/tpl-MNI152NLin6Asym/atl-Platchi5_space-MNI152NLin6Asym_dseg.nii	MdWfIbHtNiSoScLa-sc-global-Cavg	Demand	all		avg	MdWfIbHtNiSoScLa		0.4149462944298686	0.1684969747554172	0.5818422724241822	0.5447915622593521	global	0.5633169173417671	0.4848958217608638	0.8557431840163551	True
sub-34	1876	group	MdWfIbHtNiSoScLa_Icosahedron1002_NPLS_sc_A2_global	0.5548689482054341	0.3060249226106819	2.0	Global	all	all	all	all	all	NPLS	MNISymC3	fs32k	Icosahedron1002	half	CondHalf	True	ind	parcel	global	False	False		/cifs/diedrichsen/data/FunctionalFusion_new/Atlases/tpl-MNI152NLin6Asym/atl-Platchi5_space-MNI152NLin6Asym_dseg.nii	MdWfIbHtNiSoScLa-sc-global-Cavg	Demand	all		avg	MdWfIbHtNiSoScLa		0.3958308085125814	0.1549534679025482	0.5074243183748157	0.4660939404236608	global	0.48675912939923827	0.4848958217608638	0.8163213431601672	True
sub-35	1876	group	MdWfIbHtNiSoScLa_Icosahedron1002_NPLS_sc_A2_global	0.5548689482054341	0.3060249226106819	2.0	Global	all	all	all	all	all	NPLS	MNISymC3	fs32k	Icosahedron1002	half	CondHalf	True	ind	parcel	global	False	False		/cifs/diedrichsen/data/FunctionalFusion_new/Atlases/tpl-MNI152NLin6Asym/atl-Platchi5_space-MNI152NLin6Asym_dseg.nii	MdWfIbHtNiSoScLa-sc-global-Cavg	Demand	all		avg	MdWfIbHtNiSoScLa		0.3369486244375994	0.1132348703747596	0.4754824731196098	0.4325200656676462	global	0.454001269393628	0.4848958217608638	0.6948886942642546	True
sub-36	1876	group	MdWfIbHtNiSoScLa_Icosahedron1002_NPLS_sc_A2_global	0.5548689482054341	0.3060249226106819	2.0	Global	all	all	all	all	all	NPLS	MNISymC3	fs32k	Icosahedron1002	half	CondHalf	True	ind	parcel	global	False	False		/cifs/diedrichsen/data/FunctionalFusion_new/Atlases/tpl-MNI152NLin6Asym/atl-Platchi5_space-MNI152NLin6Asym_dseg.nii	MdWfIbHtNiSoScLa-sc-global-Cavg	Demand	all		avg	MdWfIbHtNiSoScLa		0.4179350352487439	0.170614526563257	0.4918303247832614	0.4496879329629104	global	0.4707591288730859	0.4848958217608638	0.8619068601809009	True
sub-37	1876	group	MdWfIbHtNiSoScLa_Icosahedron1002_NPLS_sc_A2_global	0.5548689482054341	0.3060249226106819	2.0	Global	all	all	all	all	all	NPLS	MNISymC3	fs32k	Icosahedron1002	half	CondHalf	True	ind	parcel	global	False	False		/cifs/diedrichsen/data/FunctionalFusion_new/Atlases/tpl-MNI152NLin6Asym/atl-Platchi5_space-MNI152NLin6Asym_dseg.nii	MdWfIbHtNiSoScLa-sc-global-Cavg	Demand	all		avg	MdWfIbHtNiSoScLa		0.1999585759297494	0.0161760946382221	0.3889899654460512	0.3422161378048642	global	0.3656030516254577	0.4848958217608638	0.4123743017698408	True
sub-38	1876	group	MdWfIbHtNiSoScLa_Icosahedron1002_NPLS_sc_A2_global	0.5548689482054341	0.3060249226106819	2.0	Global	all	all	all	all	all	NPLS	MNISymC3	fs32k	Icosahedron1002	half	CondHalf	True	ind	parcel	global	False	False		/cifs/diedrichsen/data/FunctionalFusion_new/Atlases/tpl-MNI152NLin6Asym/atl-Platchi5_space-MNI152NLin6Asym_dseg.nii	MdWfIbHtNiSoScLa-sc-global-Cavg	Demand	all		avg	MdWfIbHtNiSoScLa		0.4769326481628343	0.2124149065411619	0.6354816164256626	0.6019356017018139	global	0.6187086090637383	0.4848958217608638	0.9835775578162093	True
sub-39	1876	group	MdWfIbHtNiSoScLa_Icosahedron1002_NPLS_sc_A2_global	0.5548689482054341	0.3060249226106819	2.0	Global	all	all	all	all	all	NPLS	MNISymC3	fs32k	Icosahedron1002	half	CondHalf	True	ind	parcel	global	False	False		/cifs/diedrichsen/data/FunctionalFusion_new/Atlases/tpl-MNI152NLin6Asym/atl-Platchi5_space-MNI152NLin6Asym_dseg.nii	MdWfIbHtNiSoScLa-sc-global-Cavg	Demand	all		avg	MdWfIbHtNiSoScLa		0.4179284795276304	0.170609881771374	0.5300978853896018	0.490000342502467	global	0.5100491139460344	0.4848958217608638	0.8618933403260799	True
sub-41	1876	group	MdWfIbHtNiSoScLa_Icosahedron1002_NPLS_sc_A2_global	0.5548689482054341	0.3060249226106819	2.0	Global	all	all	all	all	all	NPLS	MNISymC3	fs32k	Icosahedron1002	half	CondHalf	True	ind	parcel	global	False	False		/cifs/diedrichsen/data/FunctionalFusion_new/Atlases/tpl-MNI152NLin6Asym/atl-Platchi5_space-MNI152NLin6Asym_dseg.nii	MdWfIbHtNiSoScLa-sc-global-Cavg	Demand	all		avg	MdWfIbHtNiSoScLa		0.3078182436947285	0.092595713571481	0.479013544872695	0.4362255553908853	global	0.4576195501317901	0.4848958217608638	0.6348131493006249	True
sub-43	1876	group	MdWfIbHtNiSoScLa_Icosahedron1002_NPLS_sc_A2_global	0.5548689482054341	0.3060249226106819	2.0	Global	all	all	all	all	all	NPLS	MNISymC3	fs32k	Icosahedron1002	half	CondHalf	True	ind	parcel	global	False	False		/cifs/diedrichsen/data/FunctionalFusion_new/Atlases/tpl-MNI152NLin6Asym/atl-Platchi5_space-MNI152NLin6Asym_dseg.nii	MdWfIbHtNiSoScLa-sc-global-Cavg	Demand	all		avg	MdWfIbHtNiSoScLa		0.2476161130999228	0.0499419211543761	0.4420547166162227	0.3975145949109323	global	0.4197846557635775	0.4848958217608638	0.5106583764750188	True
sub-44	1876	group	MdWfIbHtNiSoScLa_Icosahedron1002_NPLS_sc_A2_global	0.5548689482054341	0.3060249226106819	2.0	Global	all	all	all	all	all	NPLS	MNISymC3	fs32k	Icosahedron1002	half	CondHalf	True	ind	parcel	global	False	False		/cifs/diedrichsen/data/FunctionalFusion_new/Atlases/tpl-MNI152NLin6Asym/atl-Platchi5_space-MNI152NLin6Asym_dseg.nii	MdWfIbHtNiSoScLa-sc-global-Cavg	Demand	all		avg	MdWfIbHtNiSoScLa		0.4284422886574184	0.1780590173369138	0.5578350704326005	0.5193302374851689	global	0.5385826539588847	0.4848958217608638	0.88357595473098	True
sub-45	1876	group	MdWfIbHtNiSoScLa_Icosahedron1002_NPLS_sc_A2_global	0.5548689482054341	0.3060249226106819	2.0	Global	all	all	all	all	all	NPLS	MNISymC3	fs32k	Icosahedron1002	half	CondHalf	True	ind	parcel	global	False	False		/cifs/diedrichsen/data/FunctionalFusion_new/Atlases/tpl-MNI152NLin6Asym/atl-Platchi5_space-MNI152NLin6Asym_dseg.nii	MdWfIbHtNiSoScLa-sc-global-Cavg	Demand	all		avg	MdWfIbHtNiSoScLa		0.4227975538763509	0.174059668090925	0.5339148347370432	0.4940309333622449	global	0.513972884049644	0.4848958217608638	0.8719348257961729	True
sub-46	1876	group	MdWfIbHtNiSoScLa_Icosahedron1002_NPLS_sc_A2_global	0.5548689482054341	0.3060249226106819	2.0	Global	all	all	all	all	all	NPLS	MNISymC3	fs32k	Icosahedron1002	half	CondHalf	True	ind	parcel	global	False	False		/cifs/diedrichsen/data/FunctionalFusion_new/Atlases/tpl-MNI152NLin6Asym/atl-Platchi5_space-MNI152NLin6Asym_dseg.nii	MdWfIbHtNiSoScLa-sc-global-Cavg	Demand	all		avg	MdWfIbHtNiSoScLa		0.417292569433942	0.17015933331297	0.5558517130282369	0.5172298913672353	global	0.536540802197736	0.4848958217608638	0.8605819037965196	True
sub-47	1876	group	MdWfIbHtNiSoScLa_Icosahedron1002_NPLS_sc_A2_global	0.5548689482054341	0.3060249226106819	2.0	Global	all	all	all	all	all	NPLS	MNISymC3	fs32k	Icosahedron1002	half	CondHalf	True	ind	parcel	global	False	False		/cifs/diedrichsen/data/FunctionalFusion_new/Atlases/tpl-MNI152NLin6Asym/atl-Platchi5_space-MNI152NLin6Asym_dseg.nii	MdWfIbHtNiSoScLa-sc-global-Cavg	Demand	all		avg	MdWfIbHtNiSoScLa		0.3402309464639814	0.1155604273106378	0.4674614851912688	0.4241084005429786	global	0.44578494286712367	0.4848958217608638	0.7016578225575496	True
sub-48	1876	group	MdWfIbHtNiSoScLa_Icosahedron1002_NPLS_sc_A2_global	0.5548689482054341	0.3060249226106819	2.0	Global	all	all	all	all	all	NPLS	MNISymC3	fs32k	Icosahedron1002	half	CondHalf	True	ind	parcel	global	False	False		/cifs/diedrichsen/data/FunctionalFusion_new/Atlases/tpl-MNI152NLin6Asym/atl-Platchi5_space-MNI152NLin6Asym_dseg.nii	MdWfIbHtNiSoScLa-sc-global-Cavg	Demand	all		avg	MdWfIbHtNiSoScLa		0.4315753589205255	0.1802788279534223	0.5676920484972078	0.5297757404358086	global	0.5487338944665081	0.4848958217608638	0.8900372813139348	True
sub-50	1876	group	MdWfIbHtNiSoScLa_Icosahedron1002_NPLS_sc_A2_global	0.5548689482054341	0.3060249226106819	2.0	Global	all	all	all	all	all	NPLS	MNISymC3	fs32k	Icosahedron1002	half	CondHalf	True	ind	parcel	global	False	False		/cifs/diedrichsen/data/FunctionalFusion_new/Atlases/tpl-MNI152NLin6Asym/atl-Platchi5_space-MNI152NLin6Asym_dseg.nii	MdWfIbHtNiSoScLa-sc-global-Cavg	Demand	all		avg	MdWfIbHtNiSoScLa		0.2622644523635715	0.0603204113512148	0.4027243585851882	0.3564969856875158	global	0.379610672136352	0.4848958217608638	0.5408676268052326	True
sub-01	1876	group	MdWfIbDeHtNiScLa_Icosahedron1002_NPLS_sc_A2_global	0.5822237384367722	0.3376463467270033	2.0	Global	all	all	all	all	all	NPLS	MNISymC3	fs32k	Icosahedron1002	half	CondHalf	True	ind	global	global	False	False		/cifs/diedrichsen/data/FunctionalFusion_new/Atlases/tpl-MNI152NLin6Asym/atl-Platchi5_space-MNI152NLin6Asym_dseg.nii	MdWfIbDeHtNiScLa-sc-global-Cavg	Somatotopic	all		avg	MdWfIbDeHtNiScLa		0.2747242063465234	0.0754691435284393	0.7767002582009389	0.6937241280438952	global	0.735212193122417	0.688173960935121	0.39920749976243813	True
sub-02	1876	group	MdWfIbDeHtNiScLa_Icosahedron1002_NPLS_sc_A2_global	0.5822237384367722	0.3376463467270033	2.0	Global	all	all	all	all	all	NPLS	MNISymC3	fs32k	Icosahedron1002	half	CondHalf	True	ind	global	global	False	False		/cifs/diedrichsen/data/FunctionalFusion_new/Atlases/tpl-MNI152NLin6Asym/atl-Platchi5_space-MNI152NLin6Asym_dseg.nii	MdWfIbDeHtNiScLa-sc-global-Cavg	Somatotopic	all		avg	MdWfIbDeHtNiScLa		0.2772910575770189	0.0768900743100629	0.7288425875164657	0.6323083393433201	global	0.6805754634298928	0.688173960935121	0.40293744506145457	True
sub-03	1876	group	MdWfIbDeHtNiScLa_Icosahedron1002_NPLS_sc_A2_global	0.5822237384367722	0.3376463467270033	2.0	Global	all	all	all	all	all	NPLS	MNISymC3	fs32k	Icosahedron1002	half	CondHalf	True	ind	global	global	False	False		/cifs/diedrichsen/data/FunctionalFusion_new/Atlases/tpl-MNI152NLin6Asym/atl-Platchi5_space-MNI152NLin6Asym_dseg.nii	MdWfIbDeHtNiScLa-sc-global-Cavg	Somatotopic	all		avg	MdWfIbDeHtNiScLa		0.2056798914699326	0.0372483104942991	0.7720040928559166	0.6876366727601735	global	0.7298203828080451	0.688173960935121	0.29887775932475813	True
sub-04	1876	group	MdWfIbDeHtNiScLa_Icosahedron1002_NPLS_sc_A2_global	0.5822237384367722	0.3376463467270033	2.0	Global	all	all	all	all	all	NPLS	MNISymC3	fs32k	Icosahedron1002	half	CondHalf	True	ind	global	global	False	False		/cifs/diedrichsen/data/FunctionalFusion_new/Atlases/tpl-MNI152NLin6Asym/atl-Platchi5_space-MNI152NLin6Asym_dseg.nii	MdWfIbDeHtNiScLa-sc-global-Cavg	Somatotopic	all		avg	MdWfIbDeHtNiScLa		0.15763187415648	0.0106503892803456	0.7812043949472585	0.6995753284021308	global	0.7403898616746947	0.688173960935121	0.22905817875219064	True
sub-05	1876	group	MdWfIbDeHtNiScLa_Icosahedron1002_NPLS_sc_A2_global	0.5822237384367722	0.3376463467270033	2.0	Global	all	all	all	all	all	NPLS	MNISymC3	fs32k	Icosahedron1002	half	CondHalf	True	ind	global	global	False	False		/cifs/diedrichsen/data/FunctionalFusion_new/Atlases/tpl-MNI152NLin6Asym/atl-Platchi5_space-MNI152NLin6Asym_dseg.nii	MdWfIbDeHtNiScLa-sc-global-Cavg	Somatotopic	all		avg	MdWfIbDeHtNiScLa		0.160707694317699	0.0123530697839486	0.7329900324854254	0.6375770331915024	global	0.6852835328384639	0.688173960935121	0.23352771746742979	True
sub-06	1876	group	MdWfIbDeHtNiScLa_Icosahedron1002_NPLS_sc_A2_global	0.5822237384367722	0.3376463467270033	2.0	Global	all	all	all	all	all	NPLS	MNISymC3	fs32k	Icosahedron1002	half	CondHalf	True	ind	global	global	False	False		/cifs/diedrichsen/data/FunctionalFusion_new/Atlases/tpl-MNI152NLin6Asym/atl-Platchi5_space-MNI152NLin6Asym_dseg.nii	MdWfIbDeHtNiScLa-sc-global-Cavg	Somatotopic	all		avg	MdWfIbDeHtNiScLa		0.1924474484540304	0.029923232447706	0.7476821043273152	0.656322293404831	global	0.7020021988660731	0.688173960935121	0.2796494191563487	True
sub-07	1876	group	MdWfIbDeHtNiScLa_Icosahedron1002_NPLS_sc_A2_global	0.5822237384367722	0.3376463467270033	2.0	Global	all	all	all	all	all	NPLS	MNISymC3	fs32k	Icosahedron1002	half	CondHalf	True	ind	global	global	False	False		/cifs/diedrichsen/data/FunctionalFusion_new/Atlases/tpl-MNI152NLin6Asym/atl-Platchi5_space-MNI152NLin6Asym_dseg.nii	MdWfIbDeHtNiScLa-sc-global-Cavg	Somatotopic	all		avg	MdWfIbDeHtNiScLa		0.2521625009812753	0.0629796695540515	0.7303842304149644	0.6342655884320864	global	0.6823249094235253	0.688173960935121	0.36642261302451173	True
sub-08	1876	group	MdWfIbDeHtNiScLa_Icosahedron1002_NPLS_sc_A2_global	0.5822237384367722	0.3376463467270033	2.0	Global	all	all	all	all	all	NPLS	MNISymC3	fs32k	Icosahedron1002	half	CondHalf	True	ind	global	global	False	False		/cifs/diedrichsen/data/FunctionalFusion_new/Atlases/tpl-MNI152NLin6Asym/atl-Platchi5_space-MNI152NLin6Asym_dseg.nii	MdWfIbDeHtNiScLa-sc-global-Cavg	Somatotopic	all		avg	MdWfIbDeHtNiScLa		0.229446139163219	0.0504045824705904	0.6118726262656191	0.4876936643700926	global	0.5497831453178559	0.688173960935121	0.33341299175493	True
sub-01	1876	group	MdWfIbDeHtSoScLa_Icosahedron1002_NPLS_sc_A2_global	0.6523414761045042	0.4233180249285743	2.0	Global	all	all	all	all	all	NPLS	MNISymC3	fs32k	Icosahedron1002	half	CondHalf	False	ind	parcel	global	False	False		/cifs/diedrichsen/data/FunctionalFusion_new/Atlases/tpl-MNI152NLin6Asym/atl-Platchi5_space-MNI152NLin6Asym_dseg.nii	MdWfIbDeHtSoScLa-sc-global-Cavg	Nishimoto	all		avg	MdWfIbDeHtSoScLa		0.0325353368023705	-0.1004077884827319	0.4962139353045517	0.1802634301667345	global	0.3382386827356431	0.33632408812522036	0.09673805103801227	True
sub-02	1876	group	MdWfIbDeHtSoScLa_Icosahedron1002_NPLS_sc_A2_global	0.6523414761045042	0.4233180249285743	2.0	Global	all	all	all	all	all	NPLS	MNISymC3	fs32k	Icosahedron1002	half	CondHalf	False	ind	parcel	global	False	False		/cifs/diedrichsen/data/FunctionalFusion_new/Atlases/tpl-MNI152NLin6Asym/atl-Platchi5_space-MNI152NLin6Asym_dseg.nii	MdWfIbDeHtSoScLa-sc-global-Cavg	Nishimoto	all		avg	MdWfIbDeHtSoScLa		0.0003717480135472	-0.122991333162447	0.4989637408658633	0.1835973695121916	global	0.34128055518902745	0.33632408812522036	0.001105326756758471	True
sub-03	1876	group	MdWfIbDeHtSoScLa_Icosahedron1002_NPLS_sc_A2_global	0.6523414761045042	0.4233180249285743	2.0	Global	all	all	all	all	all	NPLS	MNISymC3	fs32k	Icosahedron1002	half	CondHalf	False	ind	parcel	global	False	False		/cifs/diedrichsen/data/FunctionalFusion_new/Atlases/tpl-MNI152NLin6Asym/atl-Platchi5_space-MNI152NLin6Asym_dseg.nii	MdWfIbDeHtSoScLa-sc-global-Cavg	Nishimoto	all		avg	MdWfIbDeHtSoScLa		0.0161610506545265	-0.1119049328233778	0.4955926685703331	0.1795113236854619	global	0.3375519961278975	0.33632408812522036	0.04805201656715533	True
sub-04	1876	group	MdWfIbDeHtSoScLa_Icosahedron1002_NPLS_sc_A2_global	0.6523414761045042	0.4233180249285743	2.0	Global	all	all	all	all	all	NPLS	MNISymC3	fs32k	Icosahedron1002	half	CondHalf	False	ind	parcel	global	False	False		/cifs/diedrichsen/data/FunctionalFusion_new/Atlases/tpl-MNI152NLin6Asym/atl-Platchi5_space-MNI152NLin6Asym_dseg.nii	MdWfIbDeHtSoScLa-sc-global-Cavg	Nishimoto	all		avg	MdWfIbDeHtSoScLa		0.0426457665087168	-0.0933087877305605	0.4762431768136551	0.1562930077851122	global	0.31626809229938363	0.33632408812522036	0.1267996198144419	True
sub-05	1876	group	MdWfIbDeHtSoScLa_Icosahedron1002_NPLS_sc_A2_global	0.6523414761045042	0.4233180249285743	2.0	Global	all	all	all	all	all	NPLS	MNISymC3	fs32k	Icosahedron1002	half	CondHalf	False	ind	parcel	global	False	False		/cifs/diedrichsen/data/FunctionalFusion_new/Atlases/tpl-MNI152NLin6Asym/atl-Platchi5_space-MNI152NLin6Asym_dseg.nii	MdWfIbDeHtSoScLa-sc-global-Cavg	Nishimoto	all		avg	MdWfIbDeHtSoScLa		-0.0742444942065899	-0.1753828511324964	0.4737460894682394	0.1533253313862541	global	0.3135357104272467	0.33632408812522036	-0.22075282986851408	True
sub-06	1876	group	MdWfIbDeHtSoScLa_Icosahedron1002_NPLS_sc_A2_global	0.6523414761045042	0.4233180249285743	2.0	Global	all	all	all	all	all	NPLS	MNISymC3	fs32k	Icosahedron1002	half	CondHalf	False	ind	parcel	global	False	False		/cifs/diedrichsen/data/FunctionalFusion_new/Atlases/tpl-MNI152NLin6Asym/atl-Platchi5_space-MNI152NLin6Asym_dseg.nii	MdWfIbDeHtSoScLa-sc-global-Cavg	Nishimoto	all		avg	MdWfIbDeHtSoScLa		-0.0089777958092761	-0.1295560807111118	0.525695662462795	0.2164433214814528	global	0.3710694919721239	0.33632408812522036	-0.026693882853652404	True
sub-01	1876	group	MdWfDeHtNiSoScLa_Icosahedron1002_NPLS_sc_A2_global	0.6466714137418725	0.4162393383594037	2.0	Global	all	all	all	all	all	NPLS	MNISymC3	fs32k	Icosahedron1002	half	CondHalf	True	ind	parcel	global	False	False		/cifs/diedrichsen/data/FunctionalFusion_new/Atlases/tpl-MNI152NLin6Asym/atl-Platchi5_space-MNI152NLin6Asym_dseg.nii	MdWfDeHtNiSoScLa-sc-global-Cavg	IBC	all		avg	MdWfDeHtNiSoScLa		-0.0034575911808725	-0.0731406194884338	0.4101207063825669	0.2071544607489667	global	0.3086375835657668	0.2814080751391692	-0.01228675182530765	True
sub-04	1876	group	MdWfDeHtNiSoScLa_Icosahedron1002_NPLS_sc_A2_global	0.6466714137418725	0.4162393383594037	2.0	Global	all	all	all	all	all	NPLS	MNISymC3	fs32k	Icosahedron1002	half	CondHalf	True	ind	parcel	global	False	False		/cifs/diedrichsen/data/FunctionalFusion_new/Atlases/tpl-MNI152NLin6Asym/atl-Platchi5_space-MNI152NLin6Asym_dseg.nii	MdWfDeHtNiSoScLa-sc-global-Cavg	IBC	all		avg	MdWfDeHtNiSoScLa		-0.0858663950634548	-0.1171485252287793	0.4450728115377945	0.2468099178278979	global	0.3459413646828462	0.2814080751391692	-0.3051312405338401	True
sub-05	1876	group	MdWfDeHtNiSoScLa_Icosahedron1002_NPLS_sc_A2_global	0.6466714137418725	0.4162393383594037	2.0	Global	all	all	all	all	all	NPLS	MNISymC3	fs32k	Icosahedron1002	half	CondHalf	True	ind	parcel	global	False	False		/cifs/diedrichsen/data/FunctionalFusion_new/Atlases/tpl-MNI152NLin6Asym/atl-Platchi5_space-MNI152NLin6Asym_dseg.nii	MdWfDeHtNiSoScLa-sc-global-Cavg	IBC	all		avg	MdWfDeHtNiSoScLa		-0.0698457500018707	-0.108593188850226	0.366770302904045	0.15894262433856	global	0.2628564636213025	0.2814080751391692	-0.24820094436639306	True
sub-06	1876	group	MdWfDeHtNiSoScLa_Icosahedron1002_NPLS_sc_A2_global	0.6466714137418725	0.4162393383594037	2.0	Global	all	all	all	all	all	NPLS	MNISymC3	fs32k	Icosahedron1002	half	CondHalf	True	ind	parcel	global	False	False		/cifs/diedrichsen/data/FunctionalFusion_new/Atlases/tpl-MNI152NLin6Asym/atl-Platchi5_space-MNI152NLin6Asym_dseg.nii	MdWfDeHtNiSoScLa-sc-global-Cavg	IBC	all		avg	MdWfDeHtNiSoScLa		-0.0464866591861765	-0.0961189795623209	0.4163903937385252	0.2142153696050544	global	0.3153028816717898	0.2814080751391692	-0.16519305340895676	True
sub-07	1876	group	MdWfDeHtNiSoScLa_Icosahedron1002_NPLS_sc_A2_global	0.6466714137418725	0.4162393383594037	2.0	Global	all	all	all	all	all	NPLS	MNISymC3	fs32k	Icosahedron1002	half	CondHalf	True	ind	parcel	global	False	False		/cifs/diedrichsen/data/FunctionalFusion_new/Atlases/tpl-MNI152NLin6Asym/atl-Platchi5_space-MNI152NLin6Asym_dseg.nii	MdWfDeHtNiSoScLa-sc-global-Cavg	IBC	all		avg	MdWfDeHtNiSoScLa		0.0362582112247507	-0.0519316077527558	0.3255327904456504	0.1140360036061968	global	0.21978439702592362	0.2814080751391692	0.12884566729941688	True
sub-08	1876	group	MdWfDeHtNiSoScLa_Icosahedron1002_NPLS_sc_A2_global	0.6466714137418725	0.4162393383594037	2.0	Global	all	all	all	all	all	NPLS	MNISymC3	fs32k	Icosahedron1002	half	CondHalf	True	ind	parcel	global	False	False		/cifs/diedrichsen/data/FunctionalFusion_new/Atlases/tpl-MNI152NLin6Asym/atl-Platchi5_space-MNI152NLin6Asym_dseg.nii	MdWfDeHtNiSoScLa-sc-global-Cavg	IBC	all		avg	MdWfDeHtNiSoScLa		-0.0197792250876249	-0.0818566897704418	0.2663577579109741	0.051140415864945	global	0.15874908688795955	0.2814080751391692	-0.07028662940053575	True
sub-09	1876	group	MdWfDeHtNiSoScLa_Icosahedron1002_NPLS_sc_A2_global	0.6466714137418725	0.4162393383594037	2.0	Global	all	all	all	all	all	NPLS	MNISymC3	fs32k	Icosahedron1002	half	CondHalf	True	ind	parcel	global	False	False		/cifs/diedrichsen/data/FunctionalFusion_new/Atlases/tpl-MNI152NLin6Asym/atl-Platchi5_space-MNI152NLin6Asym_dseg.nii	MdWfDeHtNiSoScLa-sc-global-Cavg	IBC	all		avg	MdWfDeHtNiSoScLa		-0.0352776643096711	-0.0901331580635391	0.4101573032099246	0.2071956103496488	global	0.3086764567797867	0.2814080751391692	-0.12536123667462165	True
sub-11	1876	group	MdWfDeHtNiSoScLa_Icosahedron1002_NPLS_sc_A2_global	0.6466714137418725	0.4162393383594037	2.0	Global	all	all	all	all	all	NPLS	MNISymC3	fs32k	Icosahedron1002	half	CondHalf	True	ind	parcel	global	False	False		/cifs/diedrichsen/data/FunctionalFusion_new/Atlases/tpl-MNI152NLin6Asym/atl-Platchi5_space-MNI152NLin6Asym_dseg.nii	MdWfDeHtNiSoScLa-sc-global-Cavg	IBC	all		avg	MdWfDeHtNiSoScLa		-0.0866733421946243	-0.1175794507077676	0.4604556183504174	0.2644924541198185	global	0.3624740362351179	0.2814080751391692	-0.30799877420632066	True
sub-12	1876	group	MdWfDeHtNiSoScLa_Icosahedron1002_NPLS_sc_A2_global	0.6466714137418725	0.4162393383594037	2.0	Global	all	all	all	all	all	NPLS	MNISymC3	fs32k	Icosahedron1002	half	CondHalf	True	ind	parcel	global	False	False		/cifs/diedrichsen/data/FunctionalFusion_new/Atlases/tpl-MNI152NLin6Asym/atl-Platchi5_space-MNI152NLin6Asym_dseg.nii	MdWfDeHtNiSoScLa-sc-global-Cavg	IBC	all		avg	MdWfDeHtNiSoScLa		0.0050516538868245	-0.0685965169506239	0.4214096782652394	0.2198844593832	global	0.32064706882421967	0.2814080751391692	0.017951346578545142	True
sub-13	1876	group	MdWfDeHtNiSoScLa_Icosahedron1002_NPLS_sc_A2_global	0.6466714137418725	0.4162393383594037	2.0	Global	all	all	all	all	all	NPLS	MNISymC3	fs32k	Icosahedron1002	half	CondHalf	True	ind	parcel	global	False	False		/cifs/diedrichsen/data/FunctionalFusion_new/Atlases/tpl-MNI152NLin6Asym/atl-Platchi5_space-MNI152NLin6Asym_dseg.nii	MdWfDeHtNiSoScLa-sc-global-Cavg	IBC	all		avg	MdWfDeHtNiSoScLa		0.0008652539640021	-0.0708321360169734	0.3367638747975254	0.1261765385093775	global	0.23147020665345144	0.2814080751391692	0.003074730402012068	True
sub-14	1876	group	MdWfDeHtNiSoScLa_Icosahedron1002_NPLS_sc_A2_global	0.6466714137418725	0.4162393383594037	2.0	Global	all	all	all	all	all	NPLS	MNISymC3	fs32k	Icosahedron1002	half	CondHalf	True	ind	parcel	global	False	False		/cifs/diedrichsen/data/FunctionalFusion_new/Atlases/tpl-MNI152NLin6Asym/atl-Platchi5_space-MNI152NLin6Asym_dseg.nii	MdWfDeHtNiSoScLa-sc-global-Cavg	IBC	all		avg	MdWfDeHtNiSoScLa		0.0170436165761788	-0.0621925753957046	0.3957354681875987	0.191038911133003	global	0.29338718966030086	0.2814080751391692	0.06056548507980785	True
sub-15	1876	group	MdWfDeHtNiSoScLa_Icosahedron1002_NPLS_sc_A2_global	0.6466714137418725	0.4162393383594037	2.0	Global	all	all	all	all	all	NPLS	MNISymC3	fs32k	Icosahedron1002	half	CondHalf	True	ind	parcel	global	False	False		/cifs/diedrichsen/data/FunctionalFusion_new/Atlases/tpl-MNI152NLin6Asym/atl-Platchi5_space-MNI152NLin6Asym_dseg.nii	MdWfDeHtNiSoScLa-sc-global-Cavg	IBC	all		avg	MdWfDeHtNiSoScLa		0.0400544658193569	-0.0499043338876503	0.3535230660337632	0.1444172660893675	global	0.24897016606156536	0.2814080751391692	0.14233587930818306	True
sub-101309	1876	group	MdWfIbDeNiSoScLa_Icosahedron1002_NPLS_sc_A2_global	0.5873841840191247	0.3431939840230327	2.0	Global	all	all	all	all	all	NPLS	MNISymC3	fs32k	Icosahedron1002	half	CondHalf	True	ind	parcel	global	False	False		/cifs/diedrichsen/data/FunctionalFusion_new/Atlases/tpl-MNI152NLin6Asym/atl-Platchi5_space-MNI152NLin6Asym_dseg.nii	MdWfIbDeNiSoScLa-sc-global-Cavg	HCPur100	all		avg	MdWfIbDeNiSoScLa		0.1632144192102285	0.0179895864864348	0.3245220614190298	0.2708698189081229	global	0.29769594016357637	0.31623232488821695	0.5161218710576858	True
sub-103111	1876	group	MdWfIbDeNiSoScLa_Icosahedron1002_NPLS_sc_A2_global	0.5873841840191247	0.3431939840230327	2.0	Global	all	all	all	all	all	NPLS	MNISymC3	fs32k	Icosahedron1002	half	CondHalf	True	ind	parcel	global	False	False		/cifs/diedrichsen/data/FunctionalFusion_new/Atlases/tpl-MNI152NLin6Asym/atl-Platchi5_space-MNI152NLin6Asym_dseg.nii	MdWfIbDeNiSoScLa-sc-global-Cavg	HCPur100	all		avg	MdWfIbDeNiSoScLa		0.1939057793689959	0.033716843376226	0.3607092260969277	0.3083725991249895	global	0.3345409126109586	0.31623232488821695	0.6131750744884745	True
sub-103414	1876	group	MdWfIbDeNiSoScLa_Icosahedron1002_NPLS_sc_A2_global	0.5873841840191247	0.3431939840230327	2.0	Global	all	all	all	all	all	NPLS	MNISymC3	fs32k	Icosahedron1002	half	CondHalf	True	ind	parcel	global	False	False		/cifs/diedrichsen/data/FunctionalFusion_new/Atlases/tpl-MNI152NLin6Asym/atl-Platchi5_space-MNI152NLin6Asym_dseg.nii	MdWfIbDeNiSoScLa-sc-global-Cavg	HCPur100	all		avg	MdWfIbDeNiSoScLa		0.2084220285027726	0.0411554442730944	0.3795783118543148	0.3279936817064833	global	0.353785996780399	0.31623232488821695	0.6590788230660685	True
sub-103818	1876	group	MdWfIbDeNiSoScLa_Icosahedron1002_NPLS_sc_A2_global	0.5873841840191247	0.3431939840230327	2.0	Global	all	all	all	all	all	NPLS	MNISymC3	fs32k	Icosahedron1002	half	CondHalf	True	ind	parcel	global	False	False		/cifs/diedrichsen/data/FunctionalFusion_new/Atlases/tpl-MNI152NLin6Asym/atl-Platchi5_space-MNI152NLin6Asym_dseg.nii	MdWfIbDeNiSoScLa-sc-global-Cavg	HCPur100	all		avg	MdWfIbDeNiSoScLa		0.1771638267721177	0.0251377192199253	0.3400049754921644	0.2868953369850275	global	0.31345015623859596	0.31623232488821695	0.5602331350368507	True
sub-105014	1876	group	MdWfIbDeNiSoScLa_Icosahedron1002_NPLS_sc_A2_global	0.5873841840191247	0.3431939840230327	2.0	Global	all	all	all	all	all	NPLS	MNISymC3	fs32k	Icosahedron1002	half	CondHalf	True	ind	parcel	global	False	False		/cifs/diedrichsen/data/FunctionalFusion_new/Atlases/tpl-MNI152NLin6Asym/atl-Platchi5_space-MNI152NLin6Asym_dseg.nii	MdWfIbDeNiSoScLa-sc-global-Cavg	HCPur100	all		avg	MdWfIbDeNiSoScLa		0.1393196836686892	0.0057451423747566	0.3237559544930053	0.2700776488093921	global	0.2969168016511987	0.31623232488821695	0.4405611719736003	True
sub-105115	1876	group	MdWfIbDeNiSoScLa_Icosahedron1002_NPLS_sc_A2_global	0.5873841840191247	0.3431939840230327	2.0	Global	all	all	all	all	all	NPLS	MNISymC3	fs32k	Icosahedron1002	half	CondHalf	True	ind	parcel	global	False	False		/cifs/diedrichsen/data/FunctionalFusion_new/Atlases/tpl-MNI152NLin6Asym/atl-Platchi5_space-MNI152NLin6Asym_dseg.nii	MdWfIbDeNiSoScLa-sc-global-Cavg	HCPur100	all		avg	MdWfIbDeNiSoScLa		0.1260509492565224	-0.0010541911713308	0.3489986702364541	0.29621813788032	global	0.32260840405838703	0.31623232488821695	0.3986023544591129	True
sub-110411	1876	group	MdWfIbDeNiSoScLa_Icosahedron1002_NPLS_sc_A2_global	0.5873841840191247	0.3431939840230327	2.0	Global	all	all	all	all	all	NPLS	MNISymC3	fs32k	Icosahedron1002	half	CondHalf	True	ind	parcel	global	False	False		/cifs/diedrichsen/data/FunctionalFusion_new/Atlases/tpl-MNI152NLin6Asym/atl-Platchi5_space-MNI152NLin6Asym_dseg.nii	MdWfIbDeNiSoScLa-sc-global-Cavg	HCPur100	all		avg	MdWfIbDeNiSoScLa		0.1648209899955956	0.0188128459093603	0.3668816466908906	0.3147860137653682	global	0.3408338302281294	0.31623232488821695	0.5212022207212915	True
sub-117122	1876	group	MdWfIbDeNiSoScLa_Icosahedron1002_NPLS_sc_A2_global	0.5873841840191247	0.3431939840230327	2.0	Global	all	all	all	all	all	NPLS	MNISymC3	fs32k	Icosahedron1002	half	CondHalf	True	ind	parcel	global	False	False		/cifs/diedrichsen/data/FunctionalFusion_new/Atlases/tpl-MNI152NLin6Asym/atl-Platchi5_space-MNI152NLin6Asym_dseg.nii	MdWfIbDeNiSoScLa-sc-global-Cavg	HCPur100	all		avg	MdWfIbDeNiSoScLa		0.2721097877659821	0.0737911354085213	0.4273145414730347	0.3778362512010425	global	0.4025753963370386	0.31623232488821695	0.8604742980091252	True
sub-118730	1876	group	MdWfIbDeNiSoScLa_Icosahedron1002_NPLS_sc_A2_global	0.5873841840191247	0.3431939840230327	2.0	Global	all	all	all	all	all	NPLS	MNISymC3	fs32k	Icosahedron1002	half	CondHalf	True	ind	parcel	global	False	False		/cifs/diedrichsen/data/FunctionalFusion_new/Atlases/tpl-MNI152NLin6Asym/atl-Platchi5_space-MNI152NLin6Asym_dseg.nii	MdWfIbDeNiSoScLa-sc-global-Cavg	HCPur100	all		avg	MdWfIbDeNiSoScLa		0.1631750373542595	0.0179694059352173	0.3405085748439103	0.2874170938026332	global	0.31396283432327177	0.31623232488821695	0.5159973364896813	True
sub-123117	1876	group	MdWfIbDeNiSoScLa_Icosahedron1002_NPLS_sc_A2_global	0.5873841840191247	0.3431939840230327	2.0	Global	all	all	all	all	all	NPLS	MNISymC3	fs32k	Icosahedron1002	half	CondHalf	True	ind	parcel	global	False	False		/cifs/diedrichsen/data/FunctionalFusion_new/Atlases/tpl-MNI152NLin6Asym/atl-Platchi5_space-MNI152NLin6Asym_dseg.nii	MdWfIbDeNiSoScLa-sc-global-Cavg	HCPur100	all		avg	MdWfIbDeNiSoScLa		0.128126758725022	9.521502088327694e-06	0.2797640703175187	0.224712683634096	global	0.25223837697580737	0.31623232488821695	0.40516654573599564	True
sub-124422	1876	group	MdWfIbDeNiSoScLa_Icosahedron1002_NPLS_sc_A2_global	0.5873841840191247	0.3431939840230327	2.0	Global	all	all	all	all	all	NPLS	MNISymC3	fs32k	Icosahedron1002	half	CondHalf	True	ind	parcel	global	False	False		/cifs/diedrichsen/data/FunctionalFusion_new/Atlases/tpl-MNI152NLin6Asym/atl-Platchi5_space-MNI152NLin6Asym_dseg.nii	MdWfIbDeNiSoScLa-sc-global-Cavg	HCPur100	all		avg	MdWfIbDeNiSoScLa		0.144948888284176	0.0086297309565264	0.3190918848219232	0.2652565008643108	global	0.29217419284311696	0.31623232488821695	0.4583620233491724	True
sub-127630	1876	group	MdWfIbDeNiSoScLa_Icosahedron1002_NPLS_sc_A2_global	0.5873841840191247	0.3431939840230327	2.0	Global	all	all	all	all	all	NPLS	MNISymC3	fs32k	Icosahedron1002	half	CondHalf	True	ind	parcel	global	False	False		/cifs/diedrichsen/data/FunctionalFusion_new/Atlases/tpl-MNI152NLin6Asym/atl-Platchi5_space-MNI152NLin6Asym_dseg.nii	MdWfIbDeNiSoScLa-sc-global-Cavg	HCPur100	all		avg	MdWfIbDeNiSoScLa		0.2283472679629521	0.0513657887465806	0.4033769629212688	0.3528057627377279	global	0.37809136282949835	0.31623232488821695	0.7220870543315557	True
sub-128632	1876	group	MdWfIbDeNiSoScLa_Icosahedron1002_NPLS_sc_A2_global	0.5873841840191247	0.3431939840230327	2.0	Global	all	all	all	all	all	NPLS	MNISymC3	fs32k	Icosahedron1002	half	CondHalf	True	ind	parcel	global	False	False		/cifs/diedrichsen/data/FunctionalFusion_new/Atlases/tpl-MNI152NLin6Asym/atl-Platchi5_space-MNI152NLin6Asym_dseg.nii	MdWfIbDeNiSoScLa-sc-global-Cavg	HCPur100	all		avg	MdWfIbDeNiSoScLa		0.2098513059697969	0.041887852800263	0.3389572862635363	0.2858099757439586	global	0.31238363100374744	0.31623232488821695	0.6635985301122393	True
sub-130013	1876	group	MdWfIbDeNiSoScLa_Icosahedron1002_NPLS_sc_A2_global	0.5873841840191247	0.3431939840230327	2.0	Global	all	all	all	all	all	NPLS	MNISymC3	fs32k	Icosahedron1002	half	CondHalf	True	ind	parcel	global	False	False		/cifs/diedrichsen/data/FunctionalFusion_new/Atlases/tpl-MNI152NLin6Asym/atl-Platchi5_space-MNI152NLin6Asym_dseg.nii	MdWfIbDeNiSoScLa-sc-global-Cavg	HCPur100	all		avg	MdWfIbDeNiSoScLa		0.2325078574615474	0.0534978109026169	0.4069675802450022	0.3565556004949178	global	0.38176159036996	0.31623232488821695	0.7352438038829053	True
sub-130316	1876	group	MdWfIbDeNiSoScLa_Icosahedron1002_NPLS_sc_A2_global	0.5873841840191247	0.3431939840230327	2.0	Global	all	all	all	all	all	NPLS	MNISymC3	fs32k	Icosahedron1002	half	CondHalf	True	ind	parcel	global	False	False		/cifs/diedrichsen/data/FunctionalFusion_new/Atlases/tpl-MNI152NLin6Asym/atl-Platchi5_space-MNI152NLin6Asym_dseg.nii	MdWfIbDeNiSoScLa-sc-global-Cavg	HCPur100	all		avg	MdWfIbDeNiSoScLa		0.1722119003364279	0.022600190131916	0.2971441618743177	0.24260629866011	global	0.26987523026721383	0.31623232488821695	0.5445739944431741	True
sub-131217	1876	group	MdWfIbDeNiSoScLa_Icosahedron1002_NPLS_sc_A2_global	0.5873841840191247	0.3431939840230327	2.0	Global	all	all	all	all	all	NPLS	MNISymC3	fs32k	Icosahedron1002	half	CondHalf	True	ind	parcel	global	False	False		/cifs/diedrichsen/data/FunctionalFusion_new/Atlases/tpl-MNI152NLin6Asym/atl-Platchi5_space-MNI152NLin6Asym_dseg.nii	MdWfIbDeNiSoScLa-sc-global-Cavg	HCPur100	all		avg	MdWfIbDeNiSoScLa		0.1980832170581448	0.0358574990962227	0.3179926028338243	0.2641205955267014	global	0.29105659918026283	0.31623232488821695	0.6263851019283497	True
sub-153025	1876	group	MdWfIbDeNiSoScLa_Icosahedron1002_NPLS_sc_A2_global	0.5873841840191247	0.3431939840230327	2.0	Global	all	all	all	all	all	NPLS	MNISymC3	fs32k	Icosahedron1002	half	CondHalf	True	ind	parcel	global	False	False		/cifs/diedrichsen/data/FunctionalFusion_new/Atlases/tpl-MNI152NLin6Asym/atl-Platchi5_space-MNI152NLin6Asym_dseg.nii	MdWfIbDeNiSoScLa-sc-global-Cavg	HCPur100	all		avg	MdWfIbDeNiSoScLa		0.2148015669923532	0.0444245284761056	0.3884974122108994	0.3372840753006706	global	0.362890743755785	0.31623232488821695	0.6792524042830919	True
sub-154734	1876	group	MdWfIbDeNiSoScLa_Icosahedron1002_NPLS_sc_A2_global	0.5873841840191247	0.3431939840230327	2.0	Global	all	all	all	all	all	NPLS	MNISymC3	fs32k	Icosahedron1002	half	CondHalf	True	ind	parcel	global	False	False		/cifs/diedrichsen/data/FunctionalFusion_new/Atlases/tpl-MNI152NLin6Asym/atl-Platchi5_space-MNI152NLin6Asym_dseg.nii	MdWfIbDeNiSoScLa-sc-global-Cavg	HCPur100	all		avg	MdWfIbDeNiSoScLa		0.2050012351891535	0.0394025178816976	0.3403637694708054	0.2872670641295068	global	0.3138154168001561	0.31623232488821695	0.6482614807376764	True
sub-156637	1876	group	MdWfIbDeNiSoScLa_Icosahedron1002_NPLS_sc_A2_global	0.5873841840191247	0.3431939840230327	2.0	Global	all	all	all	all	all	NPLS	MNISymC3	fs32k	Icosahedron1002	half	CondHalf	True	ind	parcel	global	False	False		/cifs/diedrichsen/data/FunctionalFusion_new/Atlases/tpl-MNI152NLin6Asym/atl-Platchi5_space-MNI152NLin6Asym_dseg.nii	MdWfIbDeNiSoScLa-sc-global-Cavg	HCPur100	all		avg	MdWfIbDeNiSoScLa		0.1167827148616009	-0.0058035376483096	0.2740444683408007	0.2188323182048772	global	0.24643839327283895	0.31623232488821695	0.3692940464036424	True
sub-159340	1876	group	MdWfIbDeNiSoScLa_Icosahedron1002_NPLS_sc_A2_global	0.5873841840191247	0.3431939840230327	2.0	Global	all	all	all	all	all	NPLS	MNISymC3	fs32k	Icosahedron1002	half	CondHalf	True	ind	parcel	global	False	False		/cifs/diedrichsen/data/FunctionalFusion_new/Atlases/tpl-MNI152NLin6Asym/atl-Platchi5_space-MNI152NLin6Asym_dseg.nii	MdWfIbDeNiSoScLa-sc-global-Cavg	HCPur100	all		avg	MdWfIbDeNiSoScLa		0.1521563431796875	0.0123230666078922	0.3215306725337838	0.2677770813611548	global	0.2946538769474693	0.31623232488821695	0.4811536683780582	True
sub-160123	1876	group	MdWfIbDeNiSoScLa_Icosahedron1002_NPLS_sc_A2_global	0.5873841840191247	0.3431939840230327	2.0	Global	all	all	all	all	all	NPLS	MNISymC3	fs32k	Icosahedron1002	half	CondHalf	True	ind	parcel	global	False	False		/cifs/diedrichsen/data/FunctionalFusion_new/Atlases/tpl-MNI152NLin6Asym/atl-Platchi5_space-MNI152NLin6Asym_dseg.nii	MdWfIbDeNiSoScLa-sc-global-Cavg	HCPur100	all		avg	MdWfIbDeNiSoScLa		0.2253039487098783	0.0498062924113534	0.3491984806007235	0.2964253763139193	global	0.32281192845732143	0.31623232488821695	0.7124633725838104	True
sub-161731	1876	group	MdWfIbDeNiSoScLa_Icosahedron1002_NPLS_sc_A2_global	0.5873841840191247	0.3431939840230327	2.0	Global	all	all	all	all	all	NPLS	MNISymC3	fs32k	Icosahedron1002	half	CondHalf	True	ind	parcel	global	False	False		/cifs/diedrichsen/data/FunctionalFusion_new/Atlases/tpl-MNI152NLin6Asym/atl-Platchi5_space-MNI152NLin6Asym_dseg.nii	MdWfIbDeNiSoScLa-sc-global-Cavg	HCPur100	all		avg	MdWfIbDeNiSoScLa		0.1587836599919858	0.0157191205285355	0.3456914879971972	0.2927887445551749	global	0.31924011627618604	0.31623232488821695	0.5021107821539537	True
sub-162733	1876	group	MdWfIbDeNiSoScLa_Icosahedron1002_NPLS_sc_A2_global	0.5873841840191247	0.3431939840230327	2.0	Global	all	all	all	all	all	NPLS	MNISymC3	fs32k	Icosahedron1002	half	CondHalf	True	ind	parcel	global	False	False		/cifs/diedrichsen/data/FunctionalFusion_new/Atlases/tpl-MNI152NLin6Asym/atl-Platchi5_space-MNI152NLin6Asym_dseg.nii	MdWfIbDeNiSoScLa-sc-global-Cavg	HCPur100	all		avg	MdWfIbDeNiSoScLa		0.1932168630954212	0.0333638201425207	0.3236357726932491	0.2699533851005551	global	0.2967945788969021	0.31623232488821695	0.6109965613531768	True
sub-163129	1876	group	MdWfIbDeNiSoScLa_Icosahedron1002_NPLS_sc_A2_global	0.5873841840191247	0.3431939840230327	2.0	Global	all	all	all	all	all	NPLS	MNISymC3	fs32k	Icosahedron1002	half	CondHalf	True	ind	parcel	global	False	False		/cifs/diedrichsen/data/FunctionalFusion_new/Atlases/tpl-MNI152NLin6Asym/atl-Platchi5_space-MNI152NLin6Asym_dseg.nii	MdWfIbDeNiSoScLa-sc-global-Cavg	HCPur100	all		avg	MdWfIbDeNiSoScLa		0.1840605728995226	0.0286718375349258	0.3603585688275924	0.308008396517676	global	0.3341834826726342	0.31623232488821695	0.5820422468341434	True
sub-178950	1876	group	MdWfIbDeNiSoScLa_Icosahedron1002_NPLS_sc_A2_global	0.5873841840191247	0.3431939840230327	2.0	Global	all	all	all	all	all	NPLS	MNISymC3	fs32k	Icosahedron1002	half	CondHalf	True	ind	parcel	global	False	False		/cifs/diedrichsen/data/FunctionalFusion_new/Atlases/tpl-MNI152NLin6Asym/atl-Platchi5_space-MNI152NLin6Asym_dseg.nii	MdWfIbDeNiSoScLa-sc-global-Cavg	HCPur100	all		avg	MdWfIbDeNiSoScLa		0.1370985437378689	0.0046069576185426	0.3193338533298404	0.2655065511367886	global	0.2924202022333145	0.31623232488821695	0.4335374120477122	True
sub-188347	1876	group	MdWfIbDeNiSoScLa_Icosahedron1002_NPLS_sc_A2_global	0.5873841840191247	0.3431939840230327	2.0	Global	all	all	all	all	all	NPLS	MNISymC3	fs32k	Icosahedron1002	half	CondHalf	True	ind	parcel	global	False	False		/cifs/diedrichsen/data/FunctionalFusion_new/Atlases/tpl-MNI152NLin6Asym/atl-Platchi5_space-MNI152NLin6Asym_dseg.nii	MdWfIbDeNiSoScLa-sc-global-Cavg	HCPur100	all		avg	MdWfIbDeNiSoScLa		0.2292552666236514	0.0518310769618483	0.4009530568309424	0.3502753108645562	global	0.3756141838477493	0.31623232488821695	0.7249583568178536	True
sub-189450	1876	group	MdWfIbDeNiSoScLa_Icosahedron1002_NPLS_sc_A2_global	0.5873841840191247	0.3431939840230327	2.0	Global	all	all	all	all	all	NPLS	MNISymC3	fs32k	Icosahedron1002	half	CondHalf	True	ind	parcel	global	False	False		/cifs/diedrichsen/data/FunctionalFusion_new/Atlases/tpl-MNI152NLin6Asym/atl-Platchi5_space-MNI152NLin6Asym_dseg.nii	MdWfIbDeNiSoScLa-sc-global-Cavg	HCPur100	all		avg	MdWfIbDeNiSoScLa		0.1679748139618835	0.0204289684743559	0.3004321391444506	0.2459956686748758	global	0.2732139039096632	0.31623232488821695	0.5311753440172818	True
sub-190031	1876	group	MdWfIbDeNiSoScLa_Icosahedron1002_NPLS_sc_A2_global	0.5873841840191247	0.3431939840230327	2.0	Global	all	all	all	all	all	NPLS	MNISymC3	fs32k	Icosahedron1002	half	CondHalf	True	ind	parcel	global	False	False		/cifs/diedrichsen/data/FunctionalFusion_new/Atlases/tpl-MNI152NLin6Asym/atl-Platchi5_space-MNI152NLin6Asym_dseg.nii	MdWfIbDeNiSoScLa-sc-global-Cavg	HCPur100	all		avg	MdWfIbDeNiSoScLa		0.199465806398748	0.0365659831001986	0.3348361441969084	0.2815419957009765	global	0.30818906994894246	0.31623232488821695	0.6307571702837651	True
sub-196750	1876	group	MdWfIbDeNiSoScLa_Icosahedron1002_NPLS_sc_A2_global	0.5873841840191247	0.3431939840230327	2.0	Global	all	all	all	all	all	NPLS	MNISymC3	fs32k	Icosahedron1002	half	CondHalf	True	ind	parcel	global	False	False		/cifs/diedrichsen/data/FunctionalFusion_new/Atlases/tpl-MNI152NLin6Asym/atl-Platchi5_space-MNI152NLin6Asym_dseg.nii	MdWfIbDeNiSoScLa-sc-global-Cavg	HCPur100	all		avg	MdWfIbDeNiSoScLa		0.1479296998482024	0.0101571963071979	0.3594727673608585	0.3070884476126249	global	0.3332806074867417	0.31623232488821695	0.4677880412778585	True
sub-198451	1876	group	MdWfIbDeNiSoScLa_Icosahedron1002_NPLS_sc_A2_global	0.5873841840191247	0.3431939840230327	2.0	Global	all	all	all	all	all	NPLS	MNISymC3	fs32k	Icosahedron1002	half	CondHalf	True	ind	parcel	global	False	False		/cifs/diedrichsen/data/FunctionalFusion_new/Atlases/tpl-MNI152NLin6Asym/atl-Platchi5_space-MNI152NLin6Asym_dseg.nii	MdWfIbDeNiSoScLa-sc-global-Cavg	HCPur100	all		avg	MdWfIbDeNiSoScLa		0.2022282362438856	0.037981542514632	0.3484334328711644	0.2956319149043969	global	0.3220326738877807	0.31623232488821695	0.6394926145370181	True
sub-199655	1876	group	MdWfIbDeNiSoScLa_Icosahedron1002_NPLS_sc_A2_global	0.5873841840191247	0.3431939840230327	2.0	Global	all	all	all	all	all	NPLS	MNISymC3	fs32k	Icosahedron1002	half	CondHalf	True	ind	parcel	global	False	False		/cifs/diedrichsen/data/FunctionalFusion_new/Atlases/tpl-MNI152NLin6Asym/atl-Platchi5_space-MNI152NLin6Asym_dseg.nii	MdWfIbDeNiSoScLa-sc-global-Cavg	HCPur100	all		avg	MdWfIbDeNiSoScLa		0.1953264515189987	0.0344448422574644	0.3570898333757302	0.3046141474438986	global	0.3308519904098144	0.31623232488821695	0.6176675695251693	True
sub-201111	1876	group	MdWfIbDeNiSoScLa_Icosahedron1002_NPLS_sc_A2_global	0.5873841840191247	0.3431939840230327	2.0	Global	all	all	all	all	all	NPLS	MNISymC3	fs32k	Icosahedron1002	half	CondHalf	True	ind	parcel	global	False	False		/cifs/diedrichsen/data/FunctionalFusion_new/Atlases/tpl-MNI152NLin6Asym/atl-Platchi5_space-MNI152NLin6Asym_dseg.nii	MdWfIbDeNiSoScLa-sc-global-Cavg	HCPur100	all		avg	MdWfIbDeNiSoScLa		0.1301858379623932	0.0010646610578151	0.2983049666395512	0.2438027451836747	global	0.27105385591161296	0.31623232488821695	0.4116778321394304	True
sub-208226	1876	group	MdWfIbDeNiSoScLa_Icosahedron1002_NPLS_sc_A2_global	0.5873841840191247	0.3431939840230327	2.0	Global	all	all	all	all	all	NPLS	MNISymC3	fs32k	Icosahedron1002	half	CondHalf	True	ind	parcel	global	False	False		/cifs/diedrichsen/data/FunctionalFusion_new/Atlases/tpl-MNI152NLin6Asym/atl-Platchi5_space-MNI152NLin6Asym_dseg.nii	MdWfIbDeNiSoScLa-sc-global-Cavg	HCPur100	all		avg	MdWfIbDeNiSoScLa		0.1567258754504835	0.0146646444173226	0.3276525198193455	0.2741075450237617	global	0.3008800324215536	0.31623232488821695	0.4956035898793192	True
sub-211417	1876	group	MdWfIbDeNiSoScLa_Icosahedron1002_NPLS_sc_A2_global	0.5873841840191247	0.3431939840230327	2.0	Global	all	all	all	all	all	NPLS	MNISymC3	fs32k	Icosahedron1002	half	CondHalf	True	ind	parcel	global	False	False		/cifs/diedrichsen/data/FunctionalFusion_new/Atlases/tpl-MNI152NLin6Asym/atl-Platchi5_space-MNI152NLin6Asym_dseg.nii	MdWfIbDeNiSoScLa-sc-global-Cavg	HCPur100	all		avg	MdWfIbDeNiSoScLa		0.1758470944934519	0.024462982528735	0.3351584529157936	0.2818757110254933	global	0.3085170819706434	0.31623232488821695	0.5560693219948689	True
sub-211720	1876	group	MdWfIbDeNiSoScLa_Icosahedron1002_NPLS_sc_A2_global	0.5873841840191247	0.3431939840230327	2.0	Global	all	all	all	all	all	NPLS	MNISymC3	fs32k	Icosahedron1002	half	CondHalf	True	ind	parcel	global	False	False		/cifs/diedrichsen/data/FunctionalFusion_new/Atlases/tpl-MNI152NLin6Asym/atl-Platchi5_space-MNI152NLin6Asym_dseg.nii	MdWfIbDeNiSoScLa-sc-global-Cavg	HCPur100	all		avg	MdWfIbDeNiSoScLa		0.1543440588874917	0.0134441236988939	0.3157224698607932	0.2617753124636582	global	0.2887488911622257	0.31623232488821695	0.4880717331539394	True
sub-212318	1876	group	MdWfIbDeNiSoScLa_Icosahedron1002_NPLS_sc_A2_global	0.5873841840191247	0.3431939840230327	2.0	Global	all	all	all	all	all	NPLS	MNISymC3	fs32k	Icosahedron1002	half	CondHalf	True	ind	parcel	global	False	False		/cifs/diedrichsen/data/FunctionalFusion_new/Atlases/tpl-MNI152NLin6Asym/atl-Platchi5_space-MNI152NLin6Asym_dseg.nii	MdWfIbDeNiSoScLa-sc-global-Cavg	HCPur100	all		avg	MdWfIbDeNiSoScLa		0.1605609147726061	0.0166298440138692	0.3281925489488793	0.274666203646734	global	0.30142937629780664	0.31623232488821695	0.5077308742215452	True
sub-214423	1876	group	MdWfIbDeNiSoScLa_Icosahedron1002_NPLS_sc_A2_global	0.5873841840191247	0.3431939840230327	2.0	Global	all	all	all	all	all	NPLS	MNISymC3	fs32k	Icosahedron1002	half	CondHalf	True	ind	parcel	global	False	False		/cifs/diedrichsen/data/FunctionalFusion_new/Atlases/tpl-MNI152NLin6Asym/atl-Platchi5_space-MNI152NLin6Asym_dseg.nii	MdWfIbDeNiSoScLa-sc-global-Cavg	HCPur100	all		avg	MdWfIbDeNiSoScLa		0.1720286404069871	0.0225062817494589	0.2662777820337816	0.2108538378502892	global	0.2385658099420354	0.31623232488821695	0.5439944840167634	True
sub-221319	1876	group	MdWfIbDeNiSoScLa_Icosahedron1002_NPLS_sc_A2_global	0.5873841840191247	0.3431939840230327	2.0	Global	all	all	all	all	all	NPLS	MNISymC3	fs32k	Icosahedron1002	half	CondHalf	True	ind	parcel	global	False	False		/cifs/diedrichsen/data/FunctionalFusion_new/Atlases/tpl-MNI152NLin6Asym/atl-Platchi5_space-MNI152NLin6Asym_dseg.nii	MdWfIbDeNiSoScLa-sc-global-Cavg	HCPur100	all		avg	MdWfIbDeNiSoScLa		0.1601447650365829	0.0164165952764655	0.2977239889559042	0.2432039078882805	global	0.2704639484220923	0.31623232488821695	0.5064149121794917	True
sub-239944	1876	group	MdWfIbDeNiSoScLa_Icosahedron1002_NPLS_sc_A2_global	0.5873841840191247	0.3431939840230327	2.0	Global	all	all	all	all	all	NPLS	MNISymC3	fs32k	Icosahedron1002	half	CondHalf	True	ind	parcel	global	False	False		/cifs/diedrichsen/data/FunctionalFusion_new/Atlases/tpl-MNI152NLin6Asym/atl-Platchi5_space-MNI152NLin6Asym_dseg.nii	MdWfIbDeNiSoScLa-sc-global-Cavg	HCPur100	all		avg	MdWfIbDeNiSoScLa		0.1651121066546086	0.0189620236081494	0.3582944042077295	0.3058648135409619	global	0.33207960887434573	0.31623232488821695	0.5221227991571484	True
sub-245333	1876	group	MdWfIbDeNiSoScLa_Icosahedron1002_NPLS_sc_A2_global	0.5873841840191247	0.3431939840230327	2.0	Global	all	all	all	all	all	NPLS	MNISymC3	fs32k	Icosahedron1002	half	CondHalf	True	ind	parcel	global	False	False		/cifs/diedrichsen/data/FunctionalFusion_new/Atlases/tpl-MNI152NLin6Asym/atl-Platchi5_space-MNI152NLin6Asym_dseg.nii	MdWfIbDeNiSoScLa-sc-global-Cavg	HCPur100	all		avg	MdWfIbDeNiSoScLa		0.1913591681456875	0.0324118764832566	0.3852948145194907	0.3339469842009767	global	0.35962089936023367	0.31623232488821695	0.6051220988029289	True
sub-280739	1876	group	MdWfIbDeNiSoScLa_Icosahedron1002_NPLS_sc_A2_global	0.5873841840191247	0.3431939840230327	2.0	Global	all	all	all	all	all	NPLS	MNISymC3	fs32k	Icosahedron1002	half	CondHalf	True	ind	parcel	global	False	False		/cifs/diedrichsen/data/FunctionalFusion_new/Atlases/tpl-MNI152NLin6Asym/atl-Platchi5_space-MNI152NLin6Asym_dseg.nii	MdWfIbDeNiSoScLa-sc-global-Cavg	HCPur100	all		avg	MdWfIbDeNiSoScLa		0.1549355599816373	0.013747228208114	0.2591519480318391	0.2035402666415041	global	0.2313461073366716	0.31623232488821695	0.4899421968845359	True
sub-298051	1876	group	MdWfIbDeNiSoScLa_Icosahedron1002_NPLS_sc_A2_global	0.5873841840191247	0.3431939840230327	2.0	Global	all	all	all	all	all	NPLS	MNISymC3	fs32k	Icosahedron1002	half	CondHalf	True	ind	parcel	global	False	False		/cifs/diedrichsen/data/FunctionalFusion_new/Atlases/tpl-MNI152NLin6Asym/atl-Platchi5_space-MNI152NLin6Asym_dseg.nii	MdWfIbDeNiSoScLa-sc-global-Cavg	HCPur100	all		avg	MdWfIbDeNiSoScLa		0.1722668599250815	0.0226283532229241	0.3517273042979836	0.2990486482866941	global	0.32538797629233884	0.31623232488821695	0.5447477894170847	True
sub-366446	1876	group	MdWfIbDeNiSoScLa_Icosahedron1002_NPLS_sc_A2_global	0.5873841840191247	0.3431939840230327	2.0	Global	all	all	all	all	all	NPLS	MNISymC3	fs32k	Icosahedron1002	half	CondHalf	True	ind	parcel	global	False	False		/cifs/diedrichsen/data/FunctionalFusion_new/Atlases/tpl-MNI152NLin6Asym/atl-Platchi5_space-MNI152NLin6Asym_dseg.nii	MdWfIbDeNiSoScLa-sc-global-Cavg	HCPur100	all		avg	MdWfIbDeNiSoScLa		0.1320756475457054	0.002033061305826	0.2890491458477719	0.2342674127599188	global	0.26165827930384533	0.31623232488821695	0.41765384861396443	True
sub-397760	1876	group	MdWfIbDeNiSoScLa_Icosahedron1002_NPLS_sc_A2_global	0.5873841840191247	0.3431939840230327	2.0	Global	all	all	all	all	all	NPLS	MNISymC3	fs32k	Icosahedron1002	half	CondHalf	True	ind	parcel	global	False	False		/cifs/diedrichsen/data/FunctionalFusion_new/Atlases/tpl-MNI152NLin6Asym/atl-Platchi5_space-MNI152NLin6Asym_dseg.nii	MdWfIbDeNiSoScLa-sc-global-Cavg	HCPur100	all		avg	MdWfIbDeNiSoScLa		0.1737563976559035	0.0233916410804349	0.3729300592524093	0.3210752895996551	global	0.34700267442603216	0.31623232488821695	0.5494580534021106	True
sub-414229	1876	group	MdWfIbDeNiSoScLa_Icosahedron1002_NPLS_sc_A2_global	0.5873841840191247	0.3431939840230327	2.0	Global	all	all	all	all	all	NPLS	MNISymC3	fs32k	Icosahedron1002	half	CondHalf	True	ind	parcel	global	False	False		/cifs/diedrichsen/data/FunctionalFusion_new/Atlases/tpl-MNI152NLin6Asym/atl-Platchi5_space-MNI152NLin6Asym_dseg.nii	MdWfIbDeNiSoScLa-sc-global-Cavg	HCPur100	all		avg	MdWfIbDeNiSoScLa		0.1928437084268643	0.0331726034840977	0.4017950703763568	0.3511542504376324	global	0.3764746604069946	0.31623232488821695	0.609816559692408	True
sub-654754	1876	group	MdWfIbDeNiSoScLa_Icosahedron1002_NPLS_sc_A2_global	0.5873841840191247	0.3431939840230327	2.0	Global	all	all	all	all	all	NPLS	MNISymC3	fs32k	Icosahedron1002	half	CondHalf	True	ind	parcel	global	False	False		/cifs/diedrichsen/data/FunctionalFusion_new/Atlases/tpl-MNI152NLin6Asym/atl-Platchi5_space-MNI152NLin6Asym_dseg.nii	MdWfIbDeNiSoScLa-sc-global-Cavg	HCPur100	all		avg	MdWfIbDeNiSoScLa		0.0843533300147262	-0.0224214152407762	0.3374169801908085	0.2842145366344973	global	0.3108157584126529	0.31623232488821695	0.2667448055619986	True
sub-672756	1876	group	MdWfIbDeNiSoScLa_Icosahedron1002_NPLS_sc_A2_global	0.5873841840191247	0.3431939840230327	2.0	Global	all	all	all	all	all	NPLS	MNISymC3	fs32k	Icosahedron1002	half	CondHalf	True	ind	parcel	global	False	False		/cifs/diedrichsen/data/FunctionalFusion_new/Atlases/tpl-MNI152NLin6Asym/atl-Platchi5_space-MNI152NLin6Asym_dseg.nii	MdWfIbDeNiSoScLa-sc-global-Cavg	HCPur100	all		avg	MdWfIbDeNiSoScLa		0.2443425163644042	0.0595622772477201	0.4401697387865614	0.3913089933455125	global	0.41573936606603695	0.31623232488821695	0.7726677418280227	True
sub-751348	1876	group	MdWfIbDeNiSoScLa_Icosahedron1002_NPLS_sc_A2_global	0.5873841840191247	0.3431939840230327	2.0	Global	all	all	all	all	all	NPLS	MNISymC3	fs32k	Icosahedron1002	half	CondHalf	True	ind	parcel	global	False	False		/cifs/diedrichsen/data/FunctionalFusion_new/Atlases/tpl-MNI152NLin6Asym/atl-Platchi5_space-MNI152NLin6Asym_dseg.nii	MdWfIbDeNiSoScLa-sc-global-Cavg	HCPur100	all		avg	MdWfIbDeNiSoScLa		0.167629003707315	0.020251763988123	0.3237088625154794	0.2700289571618182	global	0.2968689098386488	0.31623232488821695	0.5300818117394203	True
sub-792564	1876	group	MdWfIbDeNiSoScLa_Icosahedron1002_NPLS_sc_A2_global	0.5873841840191247	0.3431939840230327	2.0	Global	all	all	all	all	all	NPLS	MNISymC3	fs32k	Icosahedron1002	half	CondHalf	True	ind	parcel	global	False	False		/cifs/diedrichsen/data/FunctionalFusion_new/Atlases/tpl-MNI152NLin6Asym/atl-Platchi5_space-MNI152NLin6Asym_dseg.nii	MdWfIbDeNiSoScLa-sc-global-Cavg	HCPur100	all		avg	MdWfIbDeNiSoScLa		0.2359994278010347	0.0552870057572543	0.3523570019820808	0.2997019905746713	global	0.3260294962783761	0.31623232488821695	0.7462849595924664	True
sub-899885	1876	group	MdWfIbDeNiSoScLa_Icosahedron1002_NPLS_sc_A2_global	0.5873841840191247	0.3431939840230327	2.0	Global	all	all	all	all	all	NPLS	MNISymC3	fs32k	Icosahedron1002	half	CondHalf	True	ind	parcel	global	False	False		/cifs/diedrichsen/data/FunctionalFusion_new/Atlases/tpl-MNI152NLin6Asym/atl-Platchi5_space-MNI152NLin6Asym_dseg.nii	MdWfIbDeNiSoScLa-sc-global-Cavg	HCPur100	all		avg	MdWfIbDeNiSoScLa		0.2150435066378405	0.0445485062645356	0.3940398243279632	0.3430623497165168	global	0.36855108702224	0.31623232488821695	0.6800174735895672	True
